type,start_msc,end_msc,identity
MAINTENANCE_ENTRY_BLOCK,1617233400000,1617234900000,DAILY_SERVER_CLOSE_20210401_0000_0005
MAINTENANCE_FORCE_FLAT,1617234900000,1617235500000,DAILY_SERVER_CLOSE_20210401_0000_0005
MAINTENANCE_RECOVERY,1617235500000,1617236400000,DAILY_SERVER_CLOSE_20210401_0000_0005
KINGEA_ENTRY_BLACKOUT,1617289200000,1617291900000,840140001:149955
BROKER_HMR_SCHEDULED,1617290100000,1617291300000,840140001:149955
KINGEA_ENTRY_BLACKOUT,1617293700000,1617296400000,840500001:150054
BROKER_HMR_SCHEDULED,1617294600000,1617295800000,840500001:150054
KINGEA_ENTRY_BLACKOUT,1617294600000,1617297300000,840040001:142358
KINGEA_ENTRY_BLACKOUT,1617294600000,1617297300000,840040002:142370
BROKER_HMR_SCHEDULED,1617295500000,1617296700000,840040001:142358
BROKER_HMR_SCHEDULED,1617295500000,1617296700000,840040002:142370
MAINTENANCE_ENTRY_BLOCK,1617319800000,1617321300000,DAILY_SERVER_CLOSE_20210402_0000_0005
MAINTENANCE_FORCE_FLAT,1617321300000,1617321900000,DAILY_SERVER_CLOSE_20210402_0000_0005
MAINTENANCE_RECOVERY,1617321900000,1617322800000,DAILY_SERVER_CLOSE_20210402_0000_0005
KINGEA_ENTRY_BLACKOUT,1617375600000,1617378300000,840030015:140292
KINGEA_ENTRY_BLACKOUT,1617375600000,1617378300000,840030016:140304
KINGEA_ENTRY_BLACKOUT,1617375600000,1617378300000,840030018:140328
BROKER_HMR_SCHEDULED,1617376500000,1617377700000,840030015:140292
BROKER_HMR_SCHEDULED,1617376500000,1617377700000,840030016:140304
BROKER_HMR_SCHEDULED,1617376500000,1617377700000,840030018:140328
MAINTENANCE_ENTRY_BLOCK,1617406200000,1617407700000,DAILY_SERVER_CLOSE_20210403_0000_0005
MAINTENANCE_FORCE_FLAT,1617407700000,1617408300000,DAILY_SERVER_CLOSE_20210403_0000_0005
MAINTENANCE_RECOVERY,1617408300000,1617409200000,DAILY_SERVER_CLOSE_20210403_0000_0005
MAINTENANCE_ENTRY_BLOCK,1617492600000,1617494100000,DAILY_SERVER_CLOSE_20210404_0000_0005
MAINTENANCE_ENTRY_BLOCK,1617493140000,1617494640000,SUNDAY_SERVER_CLOSE_20210404_0009_0019
MAINTENANCE_FORCE_FLAT,1617494100000,1617494700000,DAILY_SERVER_CLOSE_20210404_0000_0005
MAINTENANCE_FORCE_FLAT,1617494640000,1617495540000,SUNDAY_SERVER_CLOSE_20210404_0009_0019
MAINTENANCE_RECOVERY,1617494700000,1617495600000,DAILY_SERVER_CLOSE_20210404_0000_0005
MAINTENANCE_RECOVERY,1617495540000,1617496440000,SUNDAY_SERVER_CLOSE_20210404_0009_0019
MAINTENANCE_ENTRY_BLOCK,1617579000000,1617580500000,DAILY_SERVER_CLOSE_20210405_0000_0005
MAINTENANCE_FORCE_FLAT,1617580500000,1617581100000,DAILY_SERVER_CLOSE_20210405_0000_0005
MAINTENANCE_RECOVERY,1617581100000,1617582000000,DAILY_SERVER_CLOSE_20210405_0000_0005
KINGEA_ENTRY_BLACKOUT,1617639300000,1617642000000,840500002:150154
BROKER_HMR_SCHEDULED,1617640200000,1617641400000,840500002:150154
KINGEA_ENTRY_BLACKOUT,1617640200000,1617642900000,840040003:142382
KINGEA_ENTRY_BLACKOUT,1617640200000,1617642900000,840040008:142452
BROKER_HMR_SCHEDULED,1617641100000,1617642300000,840040003:142382
BROKER_HMR_SCHEDULED,1617641100000,1617642300000,840040008:142452
MAINTENANCE_ENTRY_BLOCK,1617665400000,1617666900000,DAILY_SERVER_CLOSE_20210406_0000_0005
MAINTENANCE_FORCE_FLAT,1617666900000,1617667500000,DAILY_SERVER_CLOSE_20210406_0000_0005
MAINTENANCE_RECOVERY,1617667500000,1617668400000,DAILY_SERVER_CLOSE_20210406_0000_0005
KINGEA_ENTRY_BLACKOUT,1617726600000,1617729300000,840030021:142645
BROKER_HMR_SCHEDULED,1617727500000,1617728700000,840030021:142645
MAINTENANCE_ENTRY_BLOCK,1617751800000,1617753300000,DAILY_SERVER_CLOSE_20210407_0000_0005
MAINTENANCE_FORCE_FLAT,1617753300000,1617753900000,DAILY_SERVER_CLOSE_20210407_0000_0005
MAINTENANCE_RECOVERY,1617753900000,1617754800000,DAILY_SERVER_CLOSE_20210407_0000_0005
KINGEA_ENTRY_BLACKOUT,1617814800000,1617817500000,840200001:149574
BROKER_HMR_SCHEDULED,1617815700000,1617816900000,840200001:149574
MAINTENANCE_ENTRY_BLOCK,1617838200000,1617839700000,DAILY_SERVER_CLOSE_20210408_0000_0005
MAINTENANCE_FORCE_FLAT,1617839700000,1617840300000,DAILY_SERVER_CLOSE_20210408_0000_0005
MAINTENANCE_RECOVERY,1617840300000,1617841200000,DAILY_SERVER_CLOSE_20210408_0000_0005
KINGEA_ENTRY_BLACKOUT,1617894000000,1617896700000,840140001:149975
BROKER_HMR_SCHEDULED,1617894900000,1617896100000,840140001:149975
KINGEA_ENTRY_BLACKOUT,1617906600000,1617909300000,840050022:150828
BROKER_HMR_SCHEDULED,1617907500000,1617908700000,840050022:150828
MAINTENANCE_ENTRY_BLOCK,1617924600000,1617926100000,DAILY_SERVER_CLOSE_20210409_0000_0005
MAINTENANCE_FORCE_FLAT,1617926100000,1617926700000,DAILY_SERVER_CLOSE_20210409_0000_0005
MAINTENANCE_RECOVERY,1617926700000,1617927600000,DAILY_SERVER_CLOSE_20210409_0000_0005
KINGEA_ENTRY_BLACKOUT,1617980400000,1617983100000,840030001:140114
BROKER_HMR_SCHEDULED,1617981300000,1617982500000,840030001:140114
MAINTENANCE_ENTRY_BLOCK,1618011000000,1618012500000,DAILY_SERVER_CLOSE_20210410_0000_0005
MAINTENANCE_FORCE_FLAT,1618012500000,1618013100000,DAILY_SERVER_CLOSE_20210410_0000_0005
MAINTENANCE_RECOVERY,1618013100000,1618014000000,DAILY_SERVER_CLOSE_20210410_0000_0005
MAINTENANCE_ENTRY_BLOCK,1618097400000,1618098900000,DAILY_SERVER_CLOSE_20210411_0000_0005
MAINTENANCE_ENTRY_BLOCK,1618097940000,1618099440000,SUNDAY_SERVER_CLOSE_20210411_0009_0019
MAINTENANCE_FORCE_FLAT,1618098900000,1618099500000,DAILY_SERVER_CLOSE_20210411_0000_0005
MAINTENANCE_FORCE_FLAT,1618099440000,1618100340000,SUNDAY_SERVER_CLOSE_20210411_0009_0019
MAINTENANCE_RECOVERY,1618099500000,1618100400000,DAILY_SERVER_CLOSE_20210411_0000_0005
MAINTENANCE_RECOVERY,1618100340000,1618101240000,SUNDAY_SERVER_CLOSE_20210411_0009_0019
MAINTENANCE_ENTRY_BLOCK,1618183800000,1618185300000,DAILY_SERVER_CLOSE_20210412_0000_0005
MAINTENANCE_FORCE_FLAT,1618185300000,1618185900000,DAILY_SERVER_CLOSE_20210412_0000_0005
MAINTENANCE_RECOVERY,1618185900000,1618186800000,DAILY_SERVER_CLOSE_20210412_0000_0005
KINGEA_ENTRY_BLACKOUT,1618255800000,1618258500000,840220014:141636
BROKER_HMR_SCHEDULED,1618256700000,1618257900000,840220014:141636
MAINTENANCE_ENTRY_BLOCK,1618270200000,1618271700000,DAILY_SERVER_CLOSE_20210413_0000_0005
MAINTENANCE_FORCE_FLAT,1618271700000,1618272300000,DAILY_SERVER_CLOSE_20210413_0000_0005
MAINTENANCE_RECOVERY,1618272300000,1618273200000,DAILY_SERVER_CLOSE_20210413_0000_0005
KINGEA_ENTRY_BLACKOUT,1618326000000,1618328700000,840030005:140168
KINGEA_ENTRY_BLACKOUT,1618326000000,1618328700000,840030006:140180
KINGEA_ENTRY_BLACKOUT,1618326000000,1618328700000,840030007:140192
KINGEA_ENTRY_BLACKOUT,1618326000000,1618328700000,840030034:140476
KINGEA_ENTRY_BLACKOUT,1618326000000,1618328700000,840030035:140488
BROKER_HMR_SCHEDULED,1618326900000,1618328100000,840030005:140168
BROKER_HMR_SCHEDULED,1618326900000,1618328100000,840030006:140180
BROKER_HMR_SCHEDULED,1618326900000,1618328100000,840030007:140192
BROKER_HMR_SCHEDULED,1618326900000,1618328100000,840030034:140476
BROKER_HMR_SCHEDULED,1618326900000,1618328100000,840030035:140488
KINGEA_ENTRY_BLACKOUT,1618342200000,1618344900000,840220015:141639
BROKER_HMR_SCHEDULED,1618343100000,1618344300000,840220015:141639
MAINTENANCE_ENTRY_BLOCK,1618356600000,1618358100000,DAILY_SERVER_CLOSE_20210414_0000_0005
MAINTENANCE_FORCE_FLAT,1618358100000,1618358700000,DAILY_SERVER_CLOSE_20210414_0000_0005
MAINTENANCE_RECOVERY,1618358700000,1618359600000,DAILY_SERVER_CLOSE_20210414_0000_0005
KINGEA_ENTRY_BLACKOUT,1618419600000,1618422300000,840200001:149670
BROKER_HMR_SCHEDULED,1618420500000,1618421700000,840200001:149670
KINGEA_ENTRY_BLACKOUT,1618425000000,1618427700000,840050022:151088
BROKER_HMR_SCHEDULED,1618425900000,1618427100000,840050022:151088
MAINTENANCE_ENTRY_BLOCK,1618443000000,1618444500000,DAILY_SERVER_CLOSE_20210415_0000_0005
MAINTENANCE_FORCE_FLAT,1618444500000,1618445100000,DAILY_SERVER_CLOSE_20210415_0000_0005
MAINTENANCE_RECOVERY,1618445100000,1618446000000,DAILY_SERVER_CLOSE_20210415_0000_0005
KINGEA_ENTRY_BLACKOUT,1618498800000,1618501500000,840020010:139231
KINGEA_ENTRY_BLACKOUT,1618498800000,1618501500000,840020011:139243
KINGEA_ENTRY_BLACKOUT,1618498800000,1618501500000,840070001:141090
KINGEA_ENTRY_BLACKOUT,1618498800000,1618501500000,840140001:150000
BROKER_HMR_SCHEDULED,1618499700000,1618500900000,840020010:139231
BROKER_HMR_SCHEDULED,1618499700000,1618500900000,840020011:139243
BROKER_HMR_SCHEDULED,1618499700000,1618500900000,840070001:141090
BROKER_HMR_SCHEDULED,1618499700000,1618500900000,840140001:150000
MAINTENANCE_ENTRY_BLOCK,1618529400000,1618530900000,DAILY_SERVER_CLOSE_20210416_0000_0005
MAINTENANCE_FORCE_FLAT,1618530900000,1618531500000,DAILY_SERVER_CLOSE_20210416_0000_0005
MAINTENANCE_RECOVERY,1618531500000,1618532400000,DAILY_SERVER_CLOSE_20210416_0000_0005
MAINTENANCE_ENTRY_BLOCK,1618615800000,1618617300000,DAILY_SERVER_CLOSE_20210417_0000_0005
MAINTENANCE_FORCE_FLAT,1618617300000,1618617900000,DAILY_SERVER_CLOSE_20210417_0000_0005
MAINTENANCE_RECOVERY,1618617900000,1618618800000,DAILY_SERVER_CLOSE_20210417_0000_0005
MAINTENANCE_ENTRY_BLOCK,1618702200000,1618703700000,DAILY_SERVER_CLOSE_20210418_0000_0005
MAINTENANCE_ENTRY_BLOCK,1618702740000,1618704240000,SUNDAY_SERVER_CLOSE_20210418_0009_0019
MAINTENANCE_FORCE_FLAT,1618703700000,1618704300000,DAILY_SERVER_CLOSE_20210418_0000_0005
MAINTENANCE_FORCE_FLAT,1618704240000,1618705140000,SUNDAY_SERVER_CLOSE_20210418_0009_0019
MAINTENANCE_RECOVERY,1618704300000,1618705200000,DAILY_SERVER_CLOSE_20210418_0000_0005
MAINTENANCE_RECOVERY,1618705140000,1618706040000,SUNDAY_SERVER_CLOSE_20210418_0009_0019
MAINTENANCE_ENTRY_BLOCK,1618788600000,1618790100000,DAILY_SERVER_CLOSE_20210419_0000_0005
MAINTENANCE_FORCE_FLAT,1618790100000,1618790700000,DAILY_SERVER_CLOSE_20210419_0000_0005
MAINTENANCE_RECOVERY,1618790700000,1618791600000,DAILY_SERVER_CLOSE_20210419_0000_0005
MAINTENANCE_ENTRY_BLOCK,1618875000000,1618876500000,DAILY_SERVER_CLOSE_20210420_0000_0005
MAINTENANCE_FORCE_FLAT,1618876500000,1618877100000,DAILY_SERVER_CLOSE_20210420_0000_0005
MAINTENANCE_RECOVERY,1618877100000,1618878000000,DAILY_SERVER_CLOSE_20210420_0000_0005
MAINTENANCE_ENTRY_BLOCK,1618961400000,1618962900000,DAILY_SERVER_CLOSE_20210421_0000_0005
MAINTENANCE_FORCE_FLAT,1618962900000,1618963500000,DAILY_SERVER_CLOSE_20210421_0000_0005
MAINTENANCE_RECOVERY,1618963500000,1618964400000,DAILY_SERVER_CLOSE_20210421_0000_0005
KINGEA_ENTRY_BLACKOUT,1619024400000,1619027100000,840200001:149768
BROKER_HMR_SCHEDULED,1619025300000,1619026500000,840200001:149768
MAINTENANCE_ENTRY_BLOCK,1619047800000,1619049300000,DAILY_SERVER_CLOSE_20210422_0000_0005
MAINTENANCE_FORCE_FLAT,1619049300000,1619049900000,DAILY_SERVER_CLOSE_20210422_0000_0005
MAINTENANCE_RECOVERY,1619049900000,1619050800000,DAILY_SERVER_CLOSE_20210422_0000_0005
KINGEA_ENTRY_BLACKOUT,1619103600000,1619106300000,840140001:150001
BROKER_HMR_SCHEDULED,1619104500000,1619105700000,840140001:150001
KINGEA_ENTRY_BLACKOUT,1619109000000,1619111700000,840120001:140943
BROKER_HMR_SCHEDULED,1619109900000,1619111100000,840120001:140943
MAINTENANCE_ENTRY_BLOCK,1619134200000,1619135700000,DAILY_SERVER_CLOSE_20210423_0000_0005
MAINTENANCE_FORCE_FLAT,1619135700000,1619136300000,DAILY_SERVER_CLOSE_20210423_0000_0005
MAINTENANCE_RECOVERY,1619136300000,1619137200000,DAILY_SERVER_CLOSE_20210423_0000_0005
KINGEA_ENTRY_BLACKOUT,1619194500000,1619197200000,840500001:150391
KINGEA_ENTRY_BLACKOUT,1619194500000,1619197200000,840500002:150392
BROKER_HMR_SCHEDULED,1619195400000,1619196600000,840500001:150391
BROKER_HMR_SCHEDULED,1619195400000,1619196600000,840500002:150392
KINGEA_ENTRY_BLACKOUT,1619195400000,1619198100000,840020008:139207
BROKER_HMR_SCHEDULED,1619196300000,1619197500000,840020008:139207
MAINTENANCE_ENTRY_BLOCK,1619220600000,1619222100000,DAILY_SERVER_CLOSE_20210424_0000_0005
MAINTENANCE_FORCE_FLAT,1619222100000,1619222700000,DAILY_SERVER_CLOSE_20210424_0000_0005
MAINTENANCE_RECOVERY,1619222700000,1619223600000,DAILY_SERVER_CLOSE_20210424_0000_0005
MAINTENANCE_ENTRY_BLOCK,1619307000000,1619308500000,DAILY_SERVER_CLOSE_20210425_0000_0005
MAINTENANCE_ENTRY_BLOCK,1619307540000,1619309040000,SUNDAY_SERVER_CLOSE_20210425_0009_0019
MAINTENANCE_FORCE_FLAT,1619308500000,1619309100000,DAILY_SERVER_CLOSE_20210425_0000_0005
MAINTENANCE_FORCE_FLAT,1619309040000,1619309940000,SUNDAY_SERVER_CLOSE_20210425_0009_0019
MAINTENANCE_RECOVERY,1619309100000,1619310000000,DAILY_SERVER_CLOSE_20210425_0000_0005
MAINTENANCE_RECOVERY,1619309940000,1619310840000,SUNDAY_SERVER_CLOSE_20210425_0009_0019
MAINTENANCE_ENTRY_BLOCK,1619393400000,1619394900000,DAILY_SERVER_CLOSE_20210426_0000_0005
MAINTENANCE_FORCE_FLAT,1619394900000,1619395500000,DAILY_SERVER_CLOSE_20210426_0000_0005
MAINTENANCE_RECOVERY,1619395500000,1619396400000,DAILY_SERVER_CLOSE_20210426_0000_0005
KINGEA_ENTRY_BLACKOUT,1619449200000,1619451900000,840020013:139267
BROKER_HMR_SCHEDULED,1619450100000,1619451300000,840020013:139267
MAINTENANCE_ENTRY_BLOCK,1619479800000,1619481300000,DAILY_SERVER_CLOSE_20210427_0000_0005
MAINTENANCE_FORCE_FLAT,1619481300000,1619481900000,DAILY_SERVER_CLOSE_20210427_0000_0005
MAINTENANCE_RECOVERY,1619481900000,1619482800000,DAILY_SERVER_CLOSE_20210427_0000_0005
KINGEA_ENTRY_BLACKOUT,1619541000000,1619543700000,840180002:144721
BROKER_HMR_SCHEDULED,1619541900000,1619543100000,840180002:144721
MAINTENANCE_ENTRY_BLOCK,1619566200000,1619567700000,DAILY_SERVER_CLOSE_20210428_0000_0005
MAINTENANCE_FORCE_FLAT,1619567700000,1619568300000,DAILY_SERVER_CLOSE_20210428_0000_0005
MAINTENANCE_RECOVERY,1619568300000,1619569200000,DAILY_SERVER_CLOSE_20210428_0000_0005
KINGEA_ENTRY_BLACKOUT,1619629200000,1619631900000,840200001:150071
BROKER_HMR_SCHEDULED,1619630100000,1619631300000,840200001:150071
KINGEA_ENTRY_BLACKOUT,1619641800000,1619644500000,840050014:135478
BROKER_HMR_SCHEDULED,1619642700000,1619643900000,840050014:135478
KINGEA_ENTRY_BLACKOUT,1619643600000,1619646300000,840050018:135479
BROKER_HMR_SCHEDULED,1619644500000,1619645700000,840050018:135479
MAINTENANCE_ENTRY_BLOCK,1619652600000,1619654100000,DAILY_SERVER_CLOSE_20210429_0000_0005
MAINTENANCE_FORCE_FLAT,1619654100000,1619654700000,DAILY_SERVER_CLOSE_20210429_0000_0005
MAINTENANCE_RECOVERY,1619654700000,1619655600000,DAILY_SERVER_CLOSE_20210429_0000_0005
KINGEA_ENTRY_BLACKOUT,1619708400000,1619711100000,840010007:138584
KINGEA_ENTRY_BLACKOUT,1619708400000,1619711100000,840010018:138643
KINGEA_ENTRY_BLACKOUT,1619708400000,1619711100000,840140001:150002
BROKER_HMR_SCHEDULED,1619709300000,1619710500000,840010007:138584
BROKER_HMR_SCHEDULED,1619709300000,1619710500000,840010018:138643
BROKER_HMR_SCHEDULED,1619709300000,1619710500000,840140001:150002
MAINTENANCE_ENTRY_BLOCK,1619739000000,1619740500000,DAILY_SERVER_CLOSE_20210430_0000_0005
MAINTENANCE_FORCE_FLAT,1619740500000,1619741100000,DAILY_SERVER_CLOSE_20210430_0000_0005
MAINTENANCE_RECOVERY,1619741100000,1619742000000,DAILY_SERVER_CLOSE_20210430_0000_0005
KINGEA_ENTRY_BLACKOUT,1619794800000,1619797500000,840010001:138513
KINGEA_ENTRY_BLACKOUT,1619794800000,1619797500000,840010002:138525
BROKER_HMR_SCHEDULED,1619795700000,1619796900000,840010001:138513
BROKER_HMR_SCHEDULED,1619795700000,1619796900000,840010002:138525
KINGEA_ENTRY_BLACKOUT,1619799300000,1619802000000,840510001:149168
BROKER_HMR_SCHEDULED,1619800200000,1619801400000,840510001:149168
MAINTENANCE_ENTRY_BLOCK,1619825400000,1619826900000,DAILY_SERVER_CLOSE_20210501_0000_0005
MAINTENANCE_FORCE_FLAT,1619826900000,1619827500000,DAILY_SERVER_CLOSE_20210501_0000_0005
MAINTENANCE_RECOVERY,1619827500000,1619828400000,DAILY_SERVER_CLOSE_20210501_0000_0005
MAINTENANCE_ENTRY_BLOCK,1619911800000,1619913300000,DAILY_SERVER_CLOSE_20210502_0000_0005
MAINTENANCE_ENTRY_BLOCK,1619912340000,1619913840000,SUNDAY_SERVER_CLOSE_20210502_0009_0019
MAINTENANCE_FORCE_FLAT,1619913300000,1619913900000,DAILY_SERVER_CLOSE_20210502_0000_0005
MAINTENANCE_FORCE_FLAT,1619913840000,1619914740000,SUNDAY_SERVER_CLOSE_20210502_0009_0019
MAINTENANCE_RECOVERY,1619913900000,1619914800000,DAILY_SERVER_CLOSE_20210502_0000_0005
MAINTENANCE_RECOVERY,1619914740000,1619915640000,SUNDAY_SERVER_CLOSE_20210502_0009_0019
MAINTENANCE_ENTRY_BLOCK,1619998200000,1619999700000,DAILY_SERVER_CLOSE_20210503_0000_0005
MAINTENANCE_FORCE_FLAT,1619999700000,1620000300000,DAILY_SERVER_CLOSE_20210503_0000_0005
MAINTENANCE_RECOVERY,1620000300000,1620001200000,DAILY_SERVER_CLOSE_20210503_0000_0005
KINGEA_ENTRY_BLACKOUT,1620058500000,1620061200000,840500001:150898
BROKER_HMR_SCHEDULED,1620059400000,1620060600000,840500001:150898
KINGEA_ENTRY_BLACKOUT,1620059400000,1620062100000,840040001:142359
KINGEA_ENTRY_BLACKOUT,1620059400000,1620062100000,840040002:142371
BROKER_HMR_SCHEDULED,1620060300000,1620061500000,840040001:142359
BROKER_HMR_SCHEDULED,1620060300000,1620061500000,840040002:142371
KINGEA_ENTRY_BLACKOUT,1620075000000,1620077700000,840050022:151401
BROKER_HMR_SCHEDULED,1620075900000,1620077100000,840050022:151401
MAINTENANCE_ENTRY_BLOCK,1620084600000,1620086100000,DAILY_SERVER_CLOSE_20210504_0000_0005
MAINTENANCE_FORCE_FLAT,1620086100000,1620086700000,DAILY_SERVER_CLOSE_20210504_0000_0005
MAINTENANCE_RECOVERY,1620086700000,1620087600000,DAILY_SERVER_CLOSE_20210504_0000_0005
MAINTENANCE_ENTRY_BLOCK,1620171000000,1620172500000,DAILY_SERVER_CLOSE_20210505_0000_0005
MAINTENANCE_FORCE_FLAT,1620172500000,1620173100000,DAILY_SERVER_CLOSE_20210505_0000_0005
MAINTENANCE_RECOVERY,1620173100000,1620174000000,DAILY_SERVER_CLOSE_20210505_0000_0005
KINGEA_ENTRY_BLACKOUT,1620225900000,1620228600000,840190001:143363
BROKER_HMR_SCHEDULED,1620226800000,1620228000000,840190001:143363
KINGEA_ENTRY_BLACKOUT,1620231300000,1620234000000,840500002:150918
BROKER_HMR_SCHEDULED,1620232200000,1620233400000,840500002:150918
KINGEA_ENTRY_BLACKOUT,1620232200000,1620234900000,840040003:142383
KINGEA_ENTRY_BLACKOUT,1620232200000,1620234900000,840040008:142453
BROKER_HMR_SCHEDULED,1620233100000,1620234300000,840040003:142383
BROKER_HMR_SCHEDULED,1620233100000,1620234300000,840040008:142453
KINGEA_ENTRY_BLACKOUT,1620234000000,1620236700000,840200001:150074
BROKER_HMR_SCHEDULED,1620234900000,1620236100000,840200001:150074
MAINTENANCE_ENTRY_BLOCK,1620257400000,1620258900000,DAILY_SERVER_CLOSE_20210506_0000_0005
MAINTENANCE_FORCE_FLAT,1620258900000,1620259500000,DAILY_SERVER_CLOSE_20210506_0000_0005
MAINTENANCE_RECOVERY,1620259500000,1620260400000,DAILY_SERVER_CLOSE_20210506_0000_0005
KINGEA_ENTRY_BLACKOUT,1620313200000,1620315900000,840140001:150792
BROKER_HMR_SCHEDULED,1620314100000,1620315300000,840140001:150792
MAINTENANCE_ENTRY_BLOCK,1620343800000,1620345300000,DAILY_SERVER_CLOSE_20210507_0000_0005
MAINTENANCE_FORCE_FLAT,1620345300000,1620345900000,DAILY_SERVER_CLOSE_20210507_0000_0005
MAINTENANCE_RECOVERY,1620345900000,1620346800000,DAILY_SERVER_CLOSE_20210507_0000_0005
KINGEA_ENTRY_BLACKOUT,1620399600000,1620402300000,840030015:140293
KINGEA_ENTRY_BLACKOUT,1620399600000,1620402300000,840030016:140305
KINGEA_ENTRY_BLACKOUT,1620399600000,1620402300000,840030018:140329
BROKER_HMR_SCHEDULED,1620400500000,1620401700000,840030015:140293
BROKER_HMR_SCHEDULED,1620400500000,1620401700000,840030016:140305
BROKER_HMR_SCHEDULED,1620400500000,1620401700000,840030018:140329
MAINTENANCE_ENTRY_BLOCK,1620430200000,1620431700000,DAILY_SERVER_CLOSE_20210508_0000_0005
MAINTENANCE_FORCE_FLAT,1620431700000,1620432300000,DAILY_SERVER_CLOSE_20210508_0000_0005
MAINTENANCE_RECOVERY,1620432300000,1620433200000,DAILY_SERVER_CLOSE_20210508_0000_0005
MAINTENANCE_ENTRY_BLOCK,1620516600000,1620518100000,DAILY_SERVER_CLOSE_20210509_0000_0005
MAINTENANCE_ENTRY_BLOCK,1620517140000,1620518640000,SUNDAY_SERVER_CLOSE_20210509_0009_0019
MAINTENANCE_FORCE_FLAT,1620518100000,1620518700000,DAILY_SERVER_CLOSE_20210509_0000_0005
MAINTENANCE_FORCE_FLAT,1620518640000,1620519540000,SUNDAY_SERVER_CLOSE_20210509_0009_0019
MAINTENANCE_RECOVERY,1620518700000,1620519600000,DAILY_SERVER_CLOSE_20210509_0000_0005
MAINTENANCE_RECOVERY,1620519540000,1620520440000,SUNDAY_SERVER_CLOSE_20210509_0009_0019
MAINTENANCE_ENTRY_BLOCK,1620603000000,1620604500000,DAILY_SERVER_CLOSE_20210510_0000_0005
MAINTENANCE_FORCE_FLAT,1620604500000,1620605100000,DAILY_SERVER_CLOSE_20210510_0000_0005
MAINTENANCE_RECOVERY,1620605100000,1620606000000,DAILY_SERVER_CLOSE_20210510_0000_0005
MAINTENANCE_ENTRY_BLOCK,1620689400000,1620690900000,DAILY_SERVER_CLOSE_20210511_0000_0005
MAINTENANCE_FORCE_FLAT,1620690900000,1620691500000,DAILY_SERVER_CLOSE_20210511_0000_0005
MAINTENANCE_RECOVERY,1620691500000,1620692400000,DAILY_SERVER_CLOSE_20210511_0000_0005
KINGEA_ENTRY_BLACKOUT,1620750600000,1620753300000,840030021:142646
BROKER_HMR_SCHEDULED,1620751500000,1620752700000,840030021:142646
MAINTENANCE_ENTRY_BLOCK,1620775800000,1620777300000,DAILY_SERVER_CLOSE_20210512_0000_0005
MAINTENANCE_FORCE_FLAT,1620777300000,1620777900000,DAILY_SERVER_CLOSE_20210512_0000_0005
MAINTENANCE_RECOVERY,1620777900000,1620778800000,DAILY_SERVER_CLOSE_20210512_0000_0005
KINGEA_ENTRY_BLACKOUT,1620831600000,1620834300000,840030005:140169
KINGEA_ENTRY_BLACKOUT,1620831600000,1620834300000,840030006:140181
KINGEA_ENTRY_BLACKOUT,1620831600000,1620834300000,840030007:140193
KINGEA_ENTRY_BLACKOUT,1620831600000,1620834300000,840030034:140477
KINGEA_ENTRY_BLACKOUT,1620831600000,1620834300000,840030035:140489
BROKER_HMR_SCHEDULED,1620832500000,1620833700000,840030005:140169
BROKER_HMR_SCHEDULED,1620832500000,1620833700000,840030006:140181
BROKER_HMR_SCHEDULED,1620832500000,1620833700000,840030007:140193
BROKER_HMR_SCHEDULED,1620832500000,1620833700000,840030034:140477
BROKER_HMR_SCHEDULED,1620832500000,1620833700000,840030035:140489
KINGEA_ENTRY_BLACKOUT,1620838800000,1620841500000,840200001:150203
BROKER_HMR_SCHEDULED,1620839700000,1620840900000,840200001:150203
KINGEA_ENTRY_BLACKOUT,1620847800000,1620850500000,840220014:149553
BROKER_HMR_SCHEDULED,1620848700000,1620849900000,840220014:149553
MAINTENANCE_ENTRY_BLOCK,1620862200000,1620863700000,DAILY_SERVER_CLOSE_20210513_0000_0005
MAINTENANCE_FORCE_FLAT,1620863700000,1620864300000,DAILY_SERVER_CLOSE_20210513_0000_0005
MAINTENANCE_RECOVERY,1620864300000,1620865200000,DAILY_SERVER_CLOSE_20210513_0000_0005
KINGEA_ENTRY_BLACKOUT,1620918000000,1620920700000,840030001:140115
KINGEA_ENTRY_BLACKOUT,1620918000000,1620920700000,840140001:150793
BROKER_HMR_SCHEDULED,1620918900000,1620920100000,840030001:140115
BROKER_HMR_SCHEDULED,1620918900000,1620920100000,840140001:150793
KINGEA_ENTRY_BLACKOUT,1620934200000,1620936900000,840220015:149556
BROKER_HMR_SCHEDULED,1620935100000,1620936300000,840220015:149556
MAINTENANCE_ENTRY_BLOCK,1620948600000,1620950100000,DAILY_SERVER_CLOSE_20210514_0000_0005
MAINTENANCE_FORCE_FLAT,1620950100000,1620950700000,DAILY_SERVER_CLOSE_20210514_0000_0005
MAINTENANCE_RECOVERY,1620950700000,1620951600000,DAILY_SERVER_CLOSE_20210514_0000_0005
KINGEA_ENTRY_BLACKOUT,1621004400000,1621007100000,840020010:139232
KINGEA_ENTRY_BLACKOUT,1621004400000,1621007100000,840020011:139244
BROKER_HMR_SCHEDULED,1621005300000,1621006500000,840020010:139232
BROKER_HMR_SCHEDULED,1621005300000,1621006500000,840020011:139244
MAINTENANCE_ENTRY_BLOCK,1621035000000,1621036500000,DAILY_SERVER_CLOSE_20210515_0000_0005
MAINTENANCE_FORCE_FLAT,1621036500000,1621037100000,DAILY_SERVER_CLOSE_20210515_0000_0005
MAINTENANCE_RECOVERY,1621037100000,1621038000000,DAILY_SERVER_CLOSE_20210515_0000_0005
MAINTENANCE_ENTRY_BLOCK,1621121400000,1621122900000,DAILY_SERVER_CLOSE_20210516_0000_0005
MAINTENANCE_ENTRY_BLOCK,1621121940000,1621123440000,SUNDAY_SERVER_CLOSE_20210516_0009_0019
MAINTENANCE_FORCE_FLAT,1621122900000,1621123500000,DAILY_SERVER_CLOSE_20210516_0000_0005
MAINTENANCE_FORCE_FLAT,1621123440000,1621124340000,SUNDAY_SERVER_CLOSE_20210516_0009_0019
MAINTENANCE_RECOVERY,1621123500000,1621124400000,DAILY_SERVER_CLOSE_20210516_0000_0005
MAINTENANCE_RECOVERY,1621124340000,1621125240000,SUNDAY_SERVER_CLOSE_20210516_0009_0019
MAINTENANCE_ENTRY_BLOCK,1621207800000,1621209300000,DAILY_SERVER_CLOSE_20210517_0000_0005
MAINTENANCE_FORCE_FLAT,1621209300000,1621209900000,DAILY_SERVER_CLOSE_20210517_0000_0005
MAINTENANCE_RECOVERY,1621209900000,1621210800000,DAILY_SERVER_CLOSE_20210517_0000_0005
MAINTENANCE_ENTRY_BLOCK,1621294200000,1621295700000,DAILY_SERVER_CLOSE_20210518_0000_0005
MAINTENANCE_FORCE_FLAT,1621295700000,1621296300000,DAILY_SERVER_CLOSE_20210518_0000_0005
MAINTENANCE_RECOVERY,1621296300000,1621297200000,DAILY_SERVER_CLOSE_20210518_0000_0005
MAINTENANCE_ENTRY_BLOCK,1621380600000,1621382100000,DAILY_SERVER_CLOSE_20210519_0000_0005
MAINTENANCE_FORCE_FLAT,1621382100000,1621382700000,DAILY_SERVER_CLOSE_20210519_0000_0005
MAINTENANCE_RECOVERY,1621382700000,1621383600000,DAILY_SERVER_CLOSE_20210519_0000_0005
KINGEA_ENTRY_BLACKOUT,1621443600000,1621446300000,840200001:150276
BROKER_HMR_SCHEDULED,1621444500000,1621445700000,840200001:150276
MAINTENANCE_ENTRY_BLOCK,1621467000000,1621468500000,DAILY_SERVER_CLOSE_20210520_0000_0005
MAINTENANCE_FORCE_FLAT,1621468500000,1621469100000,DAILY_SERVER_CLOSE_20210520_0000_0005
MAINTENANCE_RECOVERY,1621469100000,1621470000000,DAILY_SERVER_CLOSE_20210520_0000_0005
KINGEA_ENTRY_BLACKOUT,1621522800000,1621525500000,840070001:141091
KINGEA_ENTRY_BLACKOUT,1621522800000,1621525500000,840140001:150794
BROKER_HMR_SCHEDULED,1621523700000,1621524900000,840070001:141091
BROKER_HMR_SCHEDULED,1621523700000,1621524900000,840140001:150794
MAINTENANCE_ENTRY_BLOCK,1621553400000,1621554900000,DAILY_SERVER_CLOSE_20210521_0000_0005
MAINTENANCE_FORCE_FLAT,1621554900000,1621555500000,DAILY_SERVER_CLOSE_20210521_0000_0005
MAINTENANCE_RECOVERY,1621555500000,1621556400000,DAILY_SERVER_CLOSE_20210521_0000_0005
KINGEA_ENTRY_BLACKOUT,1621613700000,1621616400000,840500001:151304
KINGEA_ENTRY_BLACKOUT,1621613700000,1621616400000,840500002:151305
BROKER_HMR_SCHEDULED,1621614600000,1621615800000,840500001:151304
BROKER_HMR_SCHEDULED,1621614600000,1621615800000,840500002:151305
KINGEA_ENTRY_BLACKOUT,1621614600000,1621617300000,840120001:140944
BROKER_HMR_SCHEDULED,1621615500000,1621616700000,840120001:140944
MAINTENANCE_ENTRY_BLOCK,1621639800000,1621641300000,DAILY_SERVER_CLOSE_20210522_0000_0005
MAINTENANCE_FORCE_FLAT,1621641300000,1621641900000,DAILY_SERVER_CLOSE_20210522_0000_0005
MAINTENANCE_RECOVERY,1621641900000,1621642800000,DAILY_SERVER_CLOSE_20210522_0000_0005
MAINTENANCE_ENTRY_BLOCK,1621726200000,1621727700000,DAILY_SERVER_CLOSE_20210523_0000_0005
MAINTENANCE_ENTRY_BLOCK,1621726740000,1621728240000,SUNDAY_SERVER_CLOSE_20210523_0009_0019
MAINTENANCE_FORCE_FLAT,1621727700000,1621728300000,DAILY_SERVER_CLOSE_20210523_0000_0005
MAINTENANCE_FORCE_FLAT,1621728240000,1621729140000,SUNDAY_SERVER_CLOSE_20210523_0009_0019
MAINTENANCE_RECOVERY,1621728300000,1621729200000,DAILY_SERVER_CLOSE_20210523_0000_0005
MAINTENANCE_RECOVERY,1621729140000,1621730040000,SUNDAY_SERVER_CLOSE_20210523_0009_0019
MAINTENANCE_ENTRY_BLOCK,1621812600000,1621814100000,DAILY_SERVER_CLOSE_20210524_0000_0005
MAINTENANCE_FORCE_FLAT,1621814100000,1621814700000,DAILY_SERVER_CLOSE_20210524_0000_0005
MAINTENANCE_RECOVERY,1621814700000,1621815600000,DAILY_SERVER_CLOSE_20210524_0000_0005
MAINTENANCE_ENTRY_BLOCK,1621899000000,1621900500000,DAILY_SERVER_CLOSE_20210525_0000_0005
MAINTENANCE_FORCE_FLAT,1621900500000,1621901100000,DAILY_SERVER_CLOSE_20210525_0000_0005
MAINTENANCE_RECOVERY,1621901100000,1621902000000,DAILY_SERVER_CLOSE_20210525_0000_0005
KINGEA_ENTRY_BLACKOUT,1621960200000,1621962900000,840020008:139208
KINGEA_ENTRY_BLACKOUT,1621960200000,1621962900000,840180002:144722
BROKER_HMR_SCHEDULED,1621961100000,1621962300000,840020008:139208
BROKER_HMR_SCHEDULED,1621961100000,1621962300000,840180002:144722
MAINTENANCE_ENTRY_BLOCK,1621985400000,1621986900000,DAILY_SERVER_CLOSE_20210526_0000_0005
MAINTENANCE_FORCE_FLAT,1621986900000,1621987500000,DAILY_SERVER_CLOSE_20210526_0000_0005
MAINTENANCE_RECOVERY,1621987500000,1621988400000,DAILY_SERVER_CLOSE_20210526_0000_0005
KINGEA_ENTRY_BLACKOUT,1622048400000,1622051100000,840200001:150449
BROKER_HMR_SCHEDULED,1622049300000,1622050500000,840200001:150449
MAINTENANCE_ENTRY_BLOCK,1622071800000,1622073300000,DAILY_SERVER_CLOSE_20210527_0000_0005
MAINTENANCE_FORCE_FLAT,1622073300000,1622073900000,DAILY_SERVER_CLOSE_20210527_0000_0005
MAINTENANCE_RECOVERY,1622073900000,1622074800000,DAILY_SERVER_CLOSE_20210527_0000_0005
KINGEA_ENTRY_BLACKOUT,1622127600000,1622130300000,840010007:138585
KINGEA_ENTRY_BLACKOUT,1622127600000,1622130300000,840010018:138644
KINGEA_ENTRY_BLACKOUT,1622127600000,1622130300000,840020013:139268
KINGEA_ENTRY_BLACKOUT,1622127600000,1622130300000,840140001:150795
BROKER_HMR_SCHEDULED,1622128500000,1622129700000,840010007:138585
BROKER_HMR_SCHEDULED,1622128500000,1622129700000,840010018:138644
BROKER_HMR_SCHEDULED,1622128500000,1622129700000,840020013:139268
BROKER_HMR_SCHEDULED,1622128500000,1622129700000,840140001:150795
MAINTENANCE_ENTRY_BLOCK,1622158200000,1622159700000,DAILY_SERVER_CLOSE_20210528_0000_0005
MAINTENANCE_FORCE_FLAT,1622159700000,1622160300000,DAILY_SERVER_CLOSE_20210528_0000_0005
MAINTENANCE_RECOVERY,1622160300000,1622161200000,DAILY_SERVER_CLOSE_20210528_0000_0005
KINGEA_ENTRY_BLACKOUT,1622214000000,1622216700000,840010001:138514
KINGEA_ENTRY_BLACKOUT,1622214000000,1622216700000,840010002:138526
BROKER_HMR_SCHEDULED,1622214900000,1622216100000,840010001:138514
BROKER_HMR_SCHEDULED,1622214900000,1622216100000,840010002:138526
KINGEA_ENTRY_BLACKOUT,1622218500000,1622221200000,840510001:149952
BROKER_HMR_SCHEDULED,1622219400000,1622220600000,840510001:149952
MAINTENANCE_ENTRY_BLOCK,1622244600000,1622246100000,DAILY_SERVER_CLOSE_20210529_0000_0005
MAINTENANCE_FORCE_FLAT,1622246100000,1622246700000,DAILY_SERVER_CLOSE_20210529_0000_0005
MAINTENANCE_RECOVERY,1622246700000,1622247600000,DAILY_SERVER_CLOSE_20210529_0000_0005
MAINTENANCE_ENTRY_BLOCK,1622331000000,1622332500000,DAILY_SERVER_CLOSE_20210530_0000_0005
MAINTENANCE_ENTRY_BLOCK,1622331540000,1622333040000,SUNDAY_SERVER_CLOSE_20210530_0009_0019
MAINTENANCE_FORCE_FLAT,1622332500000,1622333100000,DAILY_SERVER_CLOSE_20210530_0000_0005
MAINTENANCE_FORCE_FLAT,1622333040000,1622333940000,SUNDAY_SERVER_CLOSE_20210530_0009_0019
MAINTENANCE_RECOVERY,1622333100000,1622334000000,DAILY_SERVER_CLOSE_20210530_0000_0005
MAINTENANCE_RECOVERY,1622333940000,1622334840000,SUNDAY_SERVER_CLOSE_20210530_0009_0019
MAINTENANCE_ENTRY_BLOCK,1622417400000,1622418900000,DAILY_SERVER_CLOSE_20210531_0000_0005
MAINTENANCE_FORCE_FLAT,1622418900000,1622419500000,DAILY_SERVER_CLOSE_20210531_0000_0005
MAINTENANCE_RECOVERY,1622419500000,1622420400000,DAILY_SERVER_CLOSE_20210531_0000_0005
MAINTENANCE_ENTRY_BLOCK,1622503800000,1622505300000,DAILY_SERVER_CLOSE_20210601_0000_0005
MAINTENANCE_FORCE_FLAT,1622505300000,1622505900000,DAILY_SERVER_CLOSE_20210601_0000_0005
MAINTENANCE_RECOVERY,1622505900000,1622506800000,DAILY_SERVER_CLOSE_20210601_0000_0005
KINGEA_ENTRY_BLACKOUT,1622564100000,1622566800000,840500001:151555
BROKER_HMR_SCHEDULED,1622565000000,1622566200000,840500001:151555
KINGEA_ENTRY_BLACKOUT,1622565000000,1622567700000,840040001:142360
KINGEA_ENTRY_BLACKOUT,1622565000000,1622567700000,840040002:142372
BROKER_HMR_SCHEDULED,1622565900000,1622567100000,840040001:142360
BROKER_HMR_SCHEDULED,1622565900000,1622567100000,840040002:142372
MAINTENANCE_ENTRY_BLOCK,1622590200000,1622591700000,DAILY_SERVER_CLOSE_20210602_0000_0005
MAINTENANCE_FORCE_FLAT,1622591700000,1622592300000,DAILY_SERVER_CLOSE_20210602_0000_0005
MAINTENANCE_RECOVERY,1622592300000,1622593200000,DAILY_SERVER_CLOSE_20210602_0000_0005
MAINTENANCE_ENTRY_BLOCK,1622676600000,1622678100000,DAILY_SERVER_CLOSE_20210603_0000_0005
MAINTENANCE_FORCE_FLAT,1622678100000,1622678700000,DAILY_SERVER_CLOSE_20210603_0000_0005
MAINTENANCE_RECOVERY,1622678700000,1622679600000,DAILY_SERVER_CLOSE_20210603_0000_0005
KINGEA_ENTRY_BLACKOUT,1622731500000,1622734200000,840190001:143364
BROKER_HMR_SCHEDULED,1622732400000,1622733600000,840190001:143364
KINGEA_ENTRY_BLACKOUT,1622732400000,1622735100000,840140001:151557
BROKER_HMR_SCHEDULED,1622733300000,1622734500000,840140001:151557
KINGEA_ENTRY_BLACKOUT,1622736900000,1622739600000,840500002:151625
BROKER_HMR_SCHEDULED,1622737800000,1622739000000,840500002:151625
KINGEA_ENTRY_BLACKOUT,1622737800000,1622740500000,840040003:142385
KINGEA_ENTRY_BLACKOUT,1622737800000,1622740500000,840040008:142454
BROKER_HMR_SCHEDULED,1622738700000,1622739900000,840040003:142385
BROKER_HMR_SCHEDULED,1622738700000,1622739900000,840040008:142454
KINGEA_ENTRY_BLACKOUT,1622741400000,1622744100000,840200001:150644
BROKER_HMR_SCHEDULED,1622742300000,1622743500000,840200001:150644
MAINTENANCE_ENTRY_BLOCK,1622763000000,1622764500000,DAILY_SERVER_CLOSE_20210604_0000_0005
MAINTENANCE_FORCE_FLAT,1622764500000,1622765100000,DAILY_SERVER_CLOSE_20210604_0000_0005
MAINTENANCE_RECOVERY,1622765100000,1622766000000,DAILY_SERVER_CLOSE_20210604_0000_0005
KINGEA_ENTRY_BLACKOUT,1622813400000,1622816100000,840050022:152107
BROKER_HMR_SCHEDULED,1622814300000,1622815500000,840050022:152107
KINGEA_ENTRY_BLACKOUT,1622818800000,1622821500000,840030015:140294
KINGEA_ENTRY_BLACKOUT,1622818800000,1622821500000,840030016:140306
KINGEA_ENTRY_BLACKOUT,1622818800000,1622821500000,840030018:140330
BROKER_HMR_SCHEDULED,1622819700000,1622820900000,840030015:140294
BROKER_HMR_SCHEDULED,1622819700000,1622820900000,840030016:140306
BROKER_HMR_SCHEDULED,1622819700000,1622820900000,840030018:140330
MAINTENANCE_ENTRY_BLOCK,1622849400000,1622850900000,DAILY_SERVER_CLOSE_20210605_0000_0005
MAINTENANCE_FORCE_FLAT,1622850900000,1622851500000,DAILY_SERVER_CLOSE_20210605_0000_0005
MAINTENANCE_RECOVERY,1622851500000,1622852400000,DAILY_SERVER_CLOSE_20210605_0000_0005
MAINTENANCE_ENTRY_BLOCK,1622935800000,1622937300000,DAILY_SERVER_CLOSE_20210606_0000_0005
MAINTENANCE_ENTRY_BLOCK,1622936340000,1622937840000,SUNDAY_SERVER_CLOSE_20210606_0009_0019
MAINTENANCE_FORCE_FLAT,1622937300000,1622937900000,DAILY_SERVER_CLOSE_20210606_0000_0005
MAINTENANCE_FORCE_FLAT,1622937840000,1622938740000,SUNDAY_SERVER_CLOSE_20210606_0009_0019
MAINTENANCE_RECOVERY,1622937900000,1622938800000,DAILY_SERVER_CLOSE_20210606_0000_0005
MAINTENANCE_RECOVERY,1622938740000,1622939640000,SUNDAY_SERVER_CLOSE_20210606_0009_0019
MAINTENANCE_ENTRY_BLOCK,1623022200000,1623023700000,DAILY_SERVER_CLOSE_20210607_0000_0005
MAINTENANCE_FORCE_FLAT,1623023700000,1623024300000,DAILY_SERVER_CLOSE_20210607_0000_0005
MAINTENANCE_RECOVERY,1623024300000,1623025200000,DAILY_SERVER_CLOSE_20210607_0000_0005
MAINTENANCE_ENTRY_BLOCK,1623108600000,1623110100000,DAILY_SERVER_CLOSE_20210608_0000_0005
MAINTENANCE_FORCE_FLAT,1623110100000,1623110700000,DAILY_SERVER_CLOSE_20210608_0000_0005
MAINTENANCE_RECOVERY,1623110700000,1623111600000,DAILY_SERVER_CLOSE_20210608_0000_0005
KINGEA_ENTRY_BLACKOUT,1623169800000,1623172500000,840030021:142647
BROKER_HMR_SCHEDULED,1623170700000,1623171900000,840030021:142647
MAINTENANCE_ENTRY_BLOCK,1623195000000,1623196500000,DAILY_SERVER_CLOSE_20210609_0000_0005
MAINTENANCE_FORCE_FLAT,1623196500000,1623197100000,DAILY_SERVER_CLOSE_20210609_0000_0005
MAINTENANCE_RECOVERY,1623197100000,1623198000000,DAILY_SERVER_CLOSE_20210609_0000_0005
KINGEA_ENTRY_BLACKOUT,1623258000000,1623260700000,840200001:150996
BROKER_HMR_SCHEDULED,1623258900000,1623260100000,840200001:150996
KINGEA_ENTRY_BLACKOUT,1623267000000,1623269700000,840220014:149554
BROKER_HMR_SCHEDULED,1623267900000,1623269100000,840220014:149554
MAINTENANCE_ENTRY_BLOCK,1623281400000,1623282900000,DAILY_SERVER_CLOSE_20210610_0000_0005
MAINTENANCE_FORCE_FLAT,1623282900000,1623283500000,DAILY_SERVER_CLOSE_20210610_0000_0005
MAINTENANCE_RECOVERY,1623283500000,1623284400000,DAILY_SERVER_CLOSE_20210610_0000_0005
KINGEA_ENTRY_BLACKOUT,1623337200000,1623339900000,840030005:140170
KINGEA_ENTRY_BLACKOUT,1623337200000,1623339900000,840030006:140182
KINGEA_ENTRY_BLACKOUT,1623337200000,1623339900000,840030007:140194
KINGEA_ENTRY_BLACKOUT,1623337200000,1623339900000,840030034:140478
KINGEA_ENTRY_BLACKOUT,1623337200000,1623339900000,840030035:140490
KINGEA_ENTRY_BLACKOUT,1623337200000,1623339900000,840140001:151558
BROKER_HMR_SCHEDULED,1623338100000,1623339300000,840030005:140170
BROKER_HMR_SCHEDULED,1623338100000,1623339300000,840030006:140182
BROKER_HMR_SCHEDULED,1623338100000,1623339300000,840030007:140194
BROKER_HMR_SCHEDULED,1623338100000,1623339300000,840030034:140478
BROKER_HMR_SCHEDULED,1623338100000,1623339300000,840030035:140490
BROKER_HMR_SCHEDULED,1623338100000,1623339300000,840140001:151558
KINGEA_ENTRY_BLACKOUT,1623353400000,1623356100000,840220015:149557
BROKER_HMR_SCHEDULED,1623354300000,1623355500000,840220015:149557
MAINTENANCE_ENTRY_BLOCK,1623367800000,1623369300000,DAILY_SERVER_CLOSE_20210611_0000_0005
MAINTENANCE_FORCE_FLAT,1623369300000,1623369900000,DAILY_SERVER_CLOSE_20210611_0000_0005
MAINTENANCE_RECOVERY,1623369900000,1623370800000,DAILY_SERVER_CLOSE_20210611_0000_0005
MAINTENANCE_ENTRY_BLOCK,1623454200000,1623455700000,DAILY_SERVER_CLOSE_20210612_0000_0005
MAINTENANCE_FORCE_FLAT,1623455700000,1623456300000,DAILY_SERVER_CLOSE_20210612_0000_0005
MAINTENANCE_RECOVERY,1623456300000,1623457200000,DAILY_SERVER_CLOSE_20210612_0000_0005
MAINTENANCE_ENTRY_BLOCK,1623540600000,1623542100000,DAILY_SERVER_CLOSE_20210613_0000_0005
MAINTENANCE_ENTRY_BLOCK,1623541140000,1623542640000,SUNDAY_SERVER_CLOSE_20210613_0009_0019
MAINTENANCE_FORCE_FLAT,1623542100000,1623542700000,DAILY_SERVER_CLOSE_20210613_0000_0005
MAINTENANCE_FORCE_FLAT,1623542640000,1623543540000,SUNDAY_SERVER_CLOSE_20210613_0009_0019
MAINTENANCE_RECOVERY,1623542700000,1623543600000,DAILY_SERVER_CLOSE_20210613_0000_0005
MAINTENANCE_RECOVERY,1623543540000,1623544440000,SUNDAY_SERVER_CLOSE_20210613_0009_0019
MAINTENANCE_ENTRY_BLOCK,1623627000000,1623628500000,DAILY_SERVER_CLOSE_20210614_0000_0005
MAINTENANCE_FORCE_FLAT,1623628500000,1623629100000,DAILY_SERVER_CLOSE_20210614_0000_0005
MAINTENANCE_RECOVERY,1623629100000,1623630000000,DAILY_SERVER_CLOSE_20210614_0000_0005
MAINTENANCE_ENTRY_BLOCK,1623713400000,1623714900000,DAILY_SERVER_CLOSE_20210615_0000_0005
MAINTENANCE_FORCE_FLAT,1623714900000,1623715500000,DAILY_SERVER_CLOSE_20210615_0000_0005
MAINTENANCE_RECOVERY,1623715500000,1623716400000,DAILY_SERVER_CLOSE_20210615_0000_0005
KINGEA_ENTRY_BLACKOUT,1623769200000,1623771900000,840020010:139233
KINGEA_ENTRY_BLACKOUT,1623769200000,1623771900000,840020011:139245
KINGEA_ENTRY_BLACKOUT,1623769200000,1623771900000,840030001:140116
BROKER_HMR_SCHEDULED,1623770100000,1623771300000,840020010:139233
BROKER_HMR_SCHEDULED,1623770100000,1623771300000,840020011:139245
BROKER_HMR_SCHEDULED,1623770100000,1623771300000,840030001:140116
MAINTENANCE_ENTRY_BLOCK,1623799800000,1623801300000,DAILY_SERVER_CLOSE_20210616_0000_0005
MAINTENANCE_FORCE_FLAT,1623801300000,1623801900000,DAILY_SERVER_CLOSE_20210616_0000_0005
MAINTENANCE_RECOVERY,1623801900000,1623802800000,DAILY_SERVER_CLOSE_20210616_0000_0005
KINGEA_ENTRY_BLACKOUT,1623862800000,1623865500000,840200001:151138
BROKER_HMR_SCHEDULED,1623863700000,1623864900000,840200001:151138
KINGEA_ENTRY_BLACKOUT,1623875400000,1623878100000,840050014:135482
BROKER_HMR_SCHEDULED,1623876300000,1623877500000,840050014:135482
KINGEA_ENTRY_BLACKOUT,1623877200000,1623879900000,840050018:135484
BROKER_HMR_SCHEDULED,1623878100000,1623879300000,840050018:135484
MAINTENANCE_ENTRY_BLOCK,1623886200000,1623887700000,DAILY_SERVER_CLOSE_20210617_0000_0005
MAINTENANCE_FORCE_FLAT,1623887700000,1623888300000,DAILY_SERVER_CLOSE_20210617_0000_0005
MAINTENANCE_RECOVERY,1623888300000,1623889200000,DAILY_SERVER_CLOSE_20210617_0000_0005
KINGEA_ENTRY_BLACKOUT,1623942000000,1623944700000,840070001:141092
KINGEA_ENTRY_BLACKOUT,1623942000000,1623944700000,840140001:151559
BROKER_HMR_SCHEDULED,1623942900000,1623944100000,840070001:141092
BROKER_HMR_SCHEDULED,1623942900000,1623944100000,840140001:151559
MAINTENANCE_ENTRY_BLOCK,1623972600000,1623974100000,DAILY_SERVER_CLOSE_20210618_0000_0005
MAINTENANCE_FORCE_FLAT,1623974100000,1623974700000,DAILY_SERVER_CLOSE_20210618_0000_0005
MAINTENANCE_RECOVERY,1623974700000,1623975600000,DAILY_SERVER_CLOSE_20210618_0000_0005
MAINTENANCE_ENTRY_BLOCK,1624059000000,1624060500000,DAILY_SERVER_CLOSE_20210619_0000_0005
MAINTENANCE_FORCE_FLAT,1624060500000,1624061100000,DAILY_SERVER_CLOSE_20210619_0000_0005
MAINTENANCE_RECOVERY,1624061100000,1624062000000,DAILY_SERVER_CLOSE_20210619_0000_0005
MAINTENANCE_ENTRY_BLOCK,1624145400000,1624146900000,DAILY_SERVER_CLOSE_20210620_0000_0005
MAINTENANCE_ENTRY_BLOCK,1624145940000,1624147440000,SUNDAY_SERVER_CLOSE_20210620_0009_0019
MAINTENANCE_FORCE_FLAT,1624146900000,1624147500000,DAILY_SERVER_CLOSE_20210620_0000_0005
MAINTENANCE_FORCE_FLAT,1624147440000,1624148340000,SUNDAY_SERVER_CLOSE_20210620_0009_0019
MAINTENANCE_RECOVERY,1624147500000,1624148400000,DAILY_SERVER_CLOSE_20210620_0000_0005
MAINTENANCE_RECOVERY,1624148340000,1624149240000,SUNDAY_SERVER_CLOSE_20210620_0009_0019
MAINTENANCE_ENTRY_BLOCK,1624231800000,1624233300000,DAILY_SERVER_CLOSE_20210621_0000_0005
MAINTENANCE_FORCE_FLAT,1624233300000,1624233900000,DAILY_SERVER_CLOSE_20210621_0000_0005
MAINTENANCE_RECOVERY,1624233900000,1624234800000,DAILY_SERVER_CLOSE_20210621_0000_0005
MAINTENANCE_ENTRY_BLOCK,1624318200000,1624319700000,DAILY_SERVER_CLOSE_20210622_0000_0005
MAINTENANCE_FORCE_FLAT,1624319700000,1624320300000,DAILY_SERVER_CLOSE_20210622_0000_0005
MAINTENANCE_RECOVERY,1624320300000,1624321200000,DAILY_SERVER_CLOSE_20210622_0000_0005
KINGEA_ENTRY_BLACKOUT,1624379400000,1624382100000,840120001:140945
BROKER_HMR_SCHEDULED,1624380300000,1624381500000,840120001:140945
KINGEA_ENTRY_BLACKOUT,1624393800000,1624396500000,840050021:152679
BROKER_HMR_SCHEDULED,1624394700000,1624395900000,840050021:152679
MAINTENANCE_ENTRY_BLOCK,1624404600000,1624406100000,DAILY_SERVER_CLOSE_20210623_0000_0005
MAINTENANCE_FORCE_FLAT,1624406100000,1624406700000,DAILY_SERVER_CLOSE_20210623_0000_0005
MAINTENANCE_RECOVERY,1624406700000,1624407600000,DAILY_SERVER_CLOSE_20210623_0000_0005
KINGEA_ENTRY_BLACKOUT,1624464900000,1624467600000,840500001:152037
KINGEA_ENTRY_BLACKOUT,1624464900000,1624467600000,840500002:152038
BROKER_HMR_SCHEDULED,1624465800000,1624467000000,840500001:152037
BROKER_HMR_SCHEDULED,1624465800000,1624467000000,840500002:152038
KINGEA_ENTRY_BLACKOUT,1624465800000,1624468500000,840020008:139209
BROKER_HMR_SCHEDULED,1624466700000,1624467900000,840020008:139209
KINGEA_ENTRY_BLACKOUT,1624467600000,1624470300000,840200001:151205
BROKER_HMR_SCHEDULED,1624468500000,1624469700000,840200001:151205
MAINTENANCE_ENTRY_BLOCK,1624491000000,1624492500000,DAILY_SERVER_CLOSE_20210624_0000_0005
MAINTENANCE_FORCE_FLAT,1624492500000,1624493100000,DAILY_SERVER_CLOSE_20210624_0000_0005
MAINTENANCE_RECOVERY,1624493100000,1624494000000,DAILY_SERVER_CLOSE_20210624_0000_0005
KINGEA_ENTRY_BLACKOUT,1624546800000,1624549500000,840010007:147974
KINGEA_ENTRY_BLACKOUT,1624546800000,1624549500000,840010018:147998
KINGEA_ENTRY_BLACKOUT,1624546800000,1624549500000,840020013:139269
KINGEA_ENTRY_BLACKOUT,1624546800000,1624549500000,840140001:151560
BROKER_HMR_SCHEDULED,1624547700000,1624548900000,840010007:147974
BROKER_HMR_SCHEDULED,1624547700000,1624548900000,840010018:147998
BROKER_HMR_SCHEDULED,1624547700000,1624548900000,840020013:139269
BROKER_HMR_SCHEDULED,1624547700000,1624548900000,840140001:151560
MAINTENANCE_ENTRY_BLOCK,1624577400000,1624578900000,DAILY_SERVER_CLOSE_20210625_0000_0005
MAINTENANCE_FORCE_FLAT,1624578900000,1624579500000,DAILY_SERVER_CLOSE_20210625_0000_0005
MAINTENANCE_RECOVERY,1624579500000,1624580400000,DAILY_SERVER_CLOSE_20210625_0000_0005
KINGEA_ENTRY_BLACKOUT,1624633200000,1624635900000,840010001:138515
KINGEA_ENTRY_BLACKOUT,1624633200000,1624635900000,840010002:138527
BROKER_HMR_SCHEDULED,1624634100000,1624635300000,840010001:138515
BROKER_HMR_SCHEDULED,1624634100000,1624635300000,840010002:138527
MAINTENANCE_ENTRY_BLOCK,1624663800000,1624665300000,DAILY_SERVER_CLOSE_20210626_0000_0005
MAINTENANCE_FORCE_FLAT,1624665300000,1624665900000,DAILY_SERVER_CLOSE_20210626_0000_0005
MAINTENANCE_RECOVERY,1624665900000,1624666800000,DAILY_SERVER_CLOSE_20210626_0000_0005
MAINTENANCE_ENTRY_BLOCK,1624750200000,1624751700000,DAILY_SERVER_CLOSE_20210627_0000_0005
MAINTENANCE_ENTRY_BLOCK,1624750740000,1624752240000,SUNDAY_SERVER_CLOSE_20210627_0009_0019
MAINTENANCE_FORCE_FLAT,1624751700000,1624752300000,DAILY_SERVER_CLOSE_20210627_0000_0005
MAINTENANCE_FORCE_FLAT,1624752240000,1624753140000,SUNDAY_SERVER_CLOSE_20210627_0009_0019
MAINTENANCE_RECOVERY,1624752300000,1624753200000,DAILY_SERVER_CLOSE_20210627_0000_0005
MAINTENANCE_RECOVERY,1624753140000,1624754040000,SUNDAY_SERVER_CLOSE_20210627_0009_0019
MAINTENANCE_ENTRY_BLOCK,1624836600000,1624838100000,DAILY_SERVER_CLOSE_20210628_0000_0005
MAINTENANCE_FORCE_FLAT,1624838100000,1624838700000,DAILY_SERVER_CLOSE_20210628_0000_0005
MAINTENANCE_RECOVERY,1624838700000,1624839600000,DAILY_SERVER_CLOSE_20210628_0000_0005
MAINTENANCE_ENTRY_BLOCK,1624923000000,1624924500000,DAILY_SERVER_CLOSE_20210629_0000_0005
MAINTENANCE_FORCE_FLAT,1624924500000,1624925100000,DAILY_SERVER_CLOSE_20210629_0000_0005
MAINTENANCE_RECOVERY,1624925100000,1624926000000,DAILY_SERVER_CLOSE_20210629_0000_0005
KINGEA_ENTRY_BLACKOUT,1624984200000,1624986900000,840180002:144723
BROKER_HMR_SCHEDULED,1624985100000,1624986300000,840180002:144723
MAINTENANCE_ENTRY_BLOCK,1625009400000,1625010900000,DAILY_SERVER_CLOSE_20210630_0000_0005
MAINTENANCE_FORCE_FLAT,1625010900000,1625011500000,DAILY_SERVER_CLOSE_20210630_0000_0005
MAINTENANCE_RECOVERY,1625011500000,1625012400000,DAILY_SERVER_CLOSE_20210630_0000_0005
KINGEA_ENTRY_BLACKOUT,1625064300000,1625067000000,840190001:143365
BROKER_HMR_SCHEDULED,1625065200000,1625066400000,840190001:143365
KINGEA_ENTRY_BLACKOUT,1625069700000,1625072400000,840510001:150788
BROKER_HMR_SCHEDULED,1625070600000,1625071800000,840510001:150788
KINGEA_ENTRY_BLACKOUT,1625072400000,1625075100000,840200001:151337
BROKER_HMR_SCHEDULED,1625073300000,1625074500000,840200001:151337
MAINTENANCE_ENTRY_BLOCK,1625095800000,1625097300000,DAILY_SERVER_CLOSE_20210701_0000_0005
MAINTENANCE_FORCE_FLAT,1625097300000,1625097900000,DAILY_SERVER_CLOSE_20210701_0000_0005
MAINTENANCE_RECOVERY,1625097900000,1625098800000,DAILY_SERVER_CLOSE_20210701_0000_0005
KINGEA_ENTRY_BLACKOUT,1625151600000,1625154300000,840140001:152260
BROKER_HMR_SCHEDULED,1625152500000,1625153700000,840140001:152260
KINGEA_ENTRY_BLACKOUT,1625156100000,1625158800000,840500001:152258
BROKER_HMR_SCHEDULED,1625157000000,1625158200000,840500001:152258
KINGEA_ENTRY_BLACKOUT,1625157000000,1625159700000,840040001:142361
KINGEA_ENTRY_BLACKOUT,1625157000000,1625159700000,840040002:142373
BROKER_HMR_SCHEDULED,1625157900000,1625159100000,840040001:142361
BROKER_HMR_SCHEDULED,1625157900000,1625159100000,840040002:142373
MAINTENANCE_ENTRY_BLOCK,1625182200000,1625183700000,DAILY_SERVER_CLOSE_20210702_0000_0005
MAINTENANCE_FORCE_FLAT,1625183700000,1625184300000,DAILY_SERVER_CLOSE_20210702_0000_0005
MAINTENANCE_RECOVERY,1625184300000,1625185200000,DAILY_SERVER_CLOSE_20210702_0000_0005
KINGEA_ENTRY_BLACKOUT,1625238000000,1625240700000,840030015:140295
KINGEA_ENTRY_BLACKOUT,1625238000000,1625240700000,840030016:140307
KINGEA_ENTRY_BLACKOUT,1625238000000,1625240700000,840030018:140331
BROKER_HMR_SCHEDULED,1625238900000,1625240100000,840030015:140295
BROKER_HMR_SCHEDULED,1625238900000,1625240100000,840030016:140307
BROKER_HMR_SCHEDULED,1625238900000,1625240100000,840030018:140331
MAINTENANCE_ENTRY_BLOCK,1625268600000,1625270100000,DAILY_SERVER_CLOSE_20210703_0000_0005
MAINTENANCE_FORCE_FLAT,1625270100000,1625270700000,DAILY_SERVER_CLOSE_20210703_0000_0005
MAINTENANCE_RECOVERY,1625270700000,1625271600000,DAILY_SERVER_CLOSE_20210703_0000_0005
MAINTENANCE_ENTRY_BLOCK,1625355000000,1625356500000,DAILY_SERVER_CLOSE_20210704_0000_0005
MAINTENANCE_ENTRY_BLOCK,1625355540000,1625357040000,SUNDAY_SERVER_CLOSE_20210704_0009_0019
MAINTENANCE_FORCE_FLAT,1625356500000,1625357100000,DAILY_SERVER_CLOSE_20210704_0000_0005
MAINTENANCE_FORCE_FLAT,1625357040000,1625357940000,SUNDAY_SERVER_CLOSE_20210704_0009_0019
MAINTENANCE_RECOVERY,1625357100000,1625358000000,DAILY_SERVER_CLOSE_20210704_0000_0005
MAINTENANCE_RECOVERY,1625357940000,1625358840000,SUNDAY_SERVER_CLOSE_20210704_0009_0019
MAINTENANCE_ENTRY_BLOCK,1625441400000,1625442900000,DAILY_SERVER_CLOSE_20210705_0000_0005
MAINTENANCE_FORCE_FLAT,1625442900000,1625443500000,DAILY_SERVER_CLOSE_20210705_0000_0005
MAINTENANCE_RECOVERY,1625443500000,1625444400000,DAILY_SERVER_CLOSE_20210705_0000_0005
MAINTENANCE_ENTRY_BLOCK,1625527800000,1625529300000,DAILY_SERVER_CLOSE_20210706_0000_0005
MAINTENANCE_FORCE_FLAT,1625529300000,1625529900000,DAILY_SERVER_CLOSE_20210706_0000_0005
MAINTENANCE_RECOVERY,1625529900000,1625530800000,DAILY_SERVER_CLOSE_20210706_0000_0005
KINGEA_ENTRY_BLACKOUT,1625588100000,1625590800000,840500002:152471
BROKER_HMR_SCHEDULED,1625589000000,1625590200000,840500002:152471
KINGEA_ENTRY_BLACKOUT,1625589000000,1625591700000,840040003:142386
KINGEA_ENTRY_BLACKOUT,1625589000000,1625591700000,840040008:142455
BROKER_HMR_SCHEDULED,1625589900000,1625591100000,840040003:142386
BROKER_HMR_SCHEDULED,1625589900000,1625591100000,840040008:142455
MAINTENANCE_ENTRY_BLOCK,1625614200000,1625615700000,DAILY_SERVER_CLOSE_20210707_0000_0005
MAINTENANCE_FORCE_FLAT,1625615700000,1625616300000,DAILY_SERVER_CLOSE_20210707_0000_0005
MAINTENANCE_RECOVERY,1625616300000,1625617200000,DAILY_SERVER_CLOSE_20210707_0000_0005
KINGEA_ENTRY_BLACKOUT,1625675400000,1625678100000,840030021:142648
BROKER_HMR_SCHEDULED,1625676300000,1625677500000,840030021:142648
MAINTENANCE_ENTRY_BLOCK,1625700600000,1625702100000,DAILY_SERVER_CLOSE_20210708_0000_0005
MAINTENANCE_FORCE_FLAT,1625702100000,1625702700000,DAILY_SERVER_CLOSE_20210708_0000_0005
MAINTENANCE_RECOVERY,1625702700000,1625703600000,DAILY_SERVER_CLOSE_20210708_0000_0005
KINGEA_ENTRY_BLACKOUT,1625756400000,1625759100000,840140001:152261
BROKER_HMR_SCHEDULED,1625757300000,1625758500000,840140001:152261
KINGEA_ENTRY_BLACKOUT,1625765400000,1625768100000,840200001:151716
BROKER_HMR_SCHEDULED,1625766300000,1625767500000,840200001:151716
MAINTENANCE_ENTRY_BLOCK,1625787000000,1625788500000,DAILY_SERVER_CLOSE_20210709_0000_0005
MAINTENANCE_FORCE_FLAT,1625788500000,1625789100000,DAILY_SERVER_CLOSE_20210709_0000_0005
MAINTENANCE_RECOVERY,1625789100000,1625790000000,DAILY_SERVER_CLOSE_20210709_0000_0005
MAINTENANCE_ENTRY_BLOCK,1625873400000,1625874900000,DAILY_SERVER_CLOSE_20210710_0000_0005
MAINTENANCE_FORCE_FLAT,1625874900000,1625875500000,DAILY_SERVER_CLOSE_20210710_0000_0005
MAINTENANCE_RECOVERY,1625875500000,1625876400000,DAILY_SERVER_CLOSE_20210710_0000_0005
MAINTENANCE_ENTRY_BLOCK,1625959800000,1625961300000,DAILY_SERVER_CLOSE_20210711_0000_0005
MAINTENANCE_ENTRY_BLOCK,1625960340000,1625961840000,SUNDAY_SERVER_CLOSE_20210711_0009_0019
MAINTENANCE_FORCE_FLAT,1625961300000,1625961900000,DAILY_SERVER_CLOSE_20210711_0000_0005
MAINTENANCE_FORCE_FLAT,1625961840000,1625962740000,SUNDAY_SERVER_CLOSE_20210711_0009_0019
MAINTENANCE_RECOVERY,1625961900000,1625962800000,DAILY_SERVER_CLOSE_20210711_0000_0005
MAINTENANCE_RECOVERY,1625962740000,1625963640000,SUNDAY_SERVER_CLOSE_20210711_0009_0019
MAINTENANCE_ENTRY_BLOCK,1626046200000,1626047700000,DAILY_SERVER_CLOSE_20210712_0000_0005
MAINTENANCE_FORCE_FLAT,1626047700000,1626048300000,DAILY_SERVER_CLOSE_20210712_0000_0005
MAINTENANCE_RECOVERY,1626048300000,1626049200000,DAILY_SERVER_CLOSE_20210712_0000_0005
KINGEA_ENTRY_BLACKOUT,1626118200000,1626120900000,840220014:149555
BROKER_HMR_SCHEDULED,1626119100000,1626120300000,840220014:149555
MAINTENANCE_ENTRY_BLOCK,1626132600000,1626134100000,DAILY_SERVER_CLOSE_20210713_0000_0005
MAINTENANCE_FORCE_FLAT,1626134100000,1626134700000,DAILY_SERVER_CLOSE_20210713_0000_0005
MAINTENANCE_RECOVERY,1626134700000,1626135600000,DAILY_SERVER_CLOSE_20210713_0000_0005
KINGEA_ENTRY_BLACKOUT,1626188400000,1626191100000,840030005:140171
KINGEA_ENTRY_BLACKOUT,1626188400000,1626191100000,840030006:140183
KINGEA_ENTRY_BLACKOUT,1626188400000,1626191100000,840030007:140195
KINGEA_ENTRY_BLACKOUT,1626188400000,1626191100000,840030034:140479
KINGEA_ENTRY_BLACKOUT,1626188400000,1626191100000,840030035:140491
BROKER_HMR_SCHEDULED,1626189300000,1626190500000,840030005:140171
BROKER_HMR_SCHEDULED,1626189300000,1626190500000,840030006:140183
BROKER_HMR_SCHEDULED,1626189300000,1626190500000,840030007:140195
BROKER_HMR_SCHEDULED,1626189300000,1626190500000,840030034:140479
BROKER_HMR_SCHEDULED,1626189300000,1626190500000,840030035:140491
KINGEA_ENTRY_BLACKOUT,1626204600000,1626207300000,840220015:149558
BROKER_HMR_SCHEDULED,1626205500000,1626206700000,840220015:149558
MAINTENANCE_ENTRY_BLOCK,1626219000000,1626220500000,DAILY_SERVER_CLOSE_20210714_0000_0005
MAINTENANCE_FORCE_FLAT,1626220500000,1626221100000,DAILY_SERVER_CLOSE_20210714_0000_0005
MAINTENANCE_RECOVERY,1626221100000,1626222000000,DAILY_SERVER_CLOSE_20210714_0000_0005
KINGEA_ENTRY_BLACKOUT,1626274800000,1626277500000,840030001:140117
BROKER_HMR_SCHEDULED,1626275700000,1626276900000,840030001:140117
KINGEA_ENTRY_BLACKOUT,1626282000000,1626284700000,840200001:151821
BROKER_HMR_SCHEDULED,1626282900000,1626284100000,840200001:151821
KINGEA_ENTRY_BLACKOUT,1626287400000,1626290100000,840050021:153460
BROKER_HMR_SCHEDULED,1626288300000,1626289500000,840050021:153460
MAINTENANCE_ENTRY_BLOCK,1626305400000,1626306900000,DAILY_SERVER_CLOSE_20210715_0000_0005
MAINTENANCE_FORCE_FLAT,1626306900000,1626307500000,DAILY_SERVER_CLOSE_20210715_0000_0005
MAINTENANCE_RECOVERY,1626307500000,1626308400000,DAILY_SERVER_CLOSE_20210715_0000_0005
KINGEA_ENTRY_BLACKOUT,1626361200000,1626363900000,840070001:141093
KINGEA_ENTRY_BLACKOUT,1626361200000,1626363900000,840140001:152262
BROKER_HMR_SCHEDULED,1626362100000,1626363300000,840070001:141093
BROKER_HMR_SCHEDULED,1626362100000,1626363300000,840140001:152262
KINGEA_ENTRY_BLACKOUT,1626364800000,1626367500000,840050021:153461
BROKER_HMR_SCHEDULED,1626365700000,1626366900000,840050021:153461
MAINTENANCE_ENTRY_BLOCK,1626391800000,1626393300000,DAILY_SERVER_CLOSE_20210716_0000_0005
MAINTENANCE_FORCE_FLAT,1626393300000,1626393900000,DAILY_SERVER_CLOSE_20210716_0000_0005
MAINTENANCE_RECOVERY,1626393900000,1626394800000,DAILY_SERVER_CLOSE_20210716_0000_0005
KINGEA_ENTRY_BLACKOUT,1626447600000,1626450300000,840020010:139234
KINGEA_ENTRY_BLACKOUT,1626447600000,1626450300000,840020011:139246
BROKER_HMR_SCHEDULED,1626448500000,1626449700000,840020010:139234
BROKER_HMR_SCHEDULED,1626448500000,1626449700000,840020011:139246
MAINTENANCE_ENTRY_BLOCK,1626478200000,1626479700000,DAILY_SERVER_CLOSE_20210717_0000_0005
MAINTENANCE_FORCE_FLAT,1626479700000,1626480300000,DAILY_SERVER_CLOSE_20210717_0000_0005
MAINTENANCE_RECOVERY,1626480300000,1626481200000,DAILY_SERVER_CLOSE_20210717_0000_0005
MAINTENANCE_ENTRY_BLOCK,1626564600000,1626566100000,DAILY_SERVER_CLOSE_20210718_0000_0005
MAINTENANCE_ENTRY_BLOCK,1626565140000,1626566640000,SUNDAY_SERVER_CLOSE_20210718_0009_0019
MAINTENANCE_FORCE_FLAT,1626566100000,1626566700000,DAILY_SERVER_CLOSE_20210718_0000_0005
MAINTENANCE_FORCE_FLAT,1626566640000,1626567540000,SUNDAY_SERVER_CLOSE_20210718_0009_0019
MAINTENANCE_RECOVERY,1626566700000,1626567600000,DAILY_SERVER_CLOSE_20210718_0000_0005
MAINTENANCE_RECOVERY,1626567540000,1626568440000,SUNDAY_SERVER_CLOSE_20210718_0009_0019
MAINTENANCE_ENTRY_BLOCK,1626651000000,1626652500000,DAILY_SERVER_CLOSE_20210719_0000_0005
MAINTENANCE_FORCE_FLAT,1626652500000,1626653100000,DAILY_SERVER_CLOSE_20210719_0000_0005
MAINTENANCE_RECOVERY,1626653100000,1626654000000,DAILY_SERVER_CLOSE_20210719_0000_0005
MAINTENANCE_ENTRY_BLOCK,1626737400000,1626738900000,DAILY_SERVER_CLOSE_20210720_0000_0005
MAINTENANCE_FORCE_FLAT,1626738900000,1626739500000,DAILY_SERVER_CLOSE_20210720_0000_0005
MAINTENANCE_RECOVERY,1626739500000,1626740400000,DAILY_SERVER_CLOSE_20210720_0000_0005
MAINTENANCE_ENTRY_BLOCK,1626823800000,1626825300000,DAILY_SERVER_CLOSE_20210721_0000_0005
MAINTENANCE_FORCE_FLAT,1626825300000,1626825900000,DAILY_SERVER_CLOSE_20210721_0000_0005
MAINTENANCE_RECOVERY,1626825900000,1626826800000,DAILY_SERVER_CLOSE_20210721_0000_0005
KINGEA_ENTRY_BLACKOUT,1626886800000,1626889500000,840200001:151973
BROKER_HMR_SCHEDULED,1626887700000,1626888900000,840200001:151973
MAINTENANCE_ENTRY_BLOCK,1626910200000,1626911700000,DAILY_SERVER_CLOSE_20210722_0000_0005
MAINTENANCE_FORCE_FLAT,1626911700000,1626912300000,DAILY_SERVER_CLOSE_20210722_0000_0005
MAINTENANCE_RECOVERY,1626912300000,1626913200000,DAILY_SERVER_CLOSE_20210722_0000_0005
KINGEA_ENTRY_BLACKOUT,1626966000000,1626968700000,840140001:152263
BROKER_HMR_SCHEDULED,1626966900000,1626968100000,840140001:152263
KINGEA_ENTRY_BLACKOUT,1626971400000,1626974100000,840120001:140946
BROKER_HMR_SCHEDULED,1626972300000,1626973500000,840120001:140946
MAINTENANCE_ENTRY_BLOCK,1626996600000,1626998100000,DAILY_SERVER_CLOSE_20210723_0000_0005
MAINTENANCE_FORCE_FLAT,1626998100000,1626998700000,DAILY_SERVER_CLOSE_20210723_0000_0005
MAINTENANCE_RECOVERY,1626998700000,1626999600000,DAILY_SERVER_CLOSE_20210723_0000_0005
KINGEA_ENTRY_BLACKOUT,1627056900000,1627059600000,840500001:152817
KINGEA_ENTRY_BLACKOUT,1627056900000,1627059600000,840500002:152818
BROKER_HMR_SCHEDULED,1627057800000,1627059000000,840500001:152817
BROKER_HMR_SCHEDULED,1627057800000,1627059000000,840500002:152818
MAINTENANCE_ENTRY_BLOCK,1627083000000,1627084500000,DAILY_SERVER_CLOSE_20210724_0000_0005
MAINTENANCE_FORCE_FLAT,1627084500000,1627085100000,DAILY_SERVER_CLOSE_20210724_0000_0005
MAINTENANCE_RECOVERY,1627085100000,1627086000000,DAILY_SERVER_CLOSE_20210724_0000_0005
MAINTENANCE_ENTRY_BLOCK,1627169400000,1627170900000,DAILY_SERVER_CLOSE_20210725_0000_0005
MAINTENANCE_ENTRY_BLOCK,1627169940000,1627171440000,SUNDAY_SERVER_CLOSE_20210725_0009_0019
MAINTENANCE_FORCE_FLAT,1627170900000,1627171500000,DAILY_SERVER_CLOSE_20210725_0000_0005
MAINTENANCE_FORCE_FLAT,1627171440000,1627172340000,SUNDAY_SERVER_CLOSE_20210725_0009_0019
MAINTENANCE_RECOVERY,1627171500000,1627172400000,DAILY_SERVER_CLOSE_20210725_0000_0005
MAINTENANCE_RECOVERY,1627172340000,1627173240000,SUNDAY_SERVER_CLOSE_20210725_0009_0019
MAINTENANCE_ENTRY_BLOCK,1627255800000,1627257300000,DAILY_SERVER_CLOSE_20210726_0000_0005
MAINTENANCE_FORCE_FLAT,1627257300000,1627257900000,DAILY_SERVER_CLOSE_20210726_0000_0005
MAINTENANCE_RECOVERY,1627257900000,1627258800000,DAILY_SERVER_CLOSE_20210726_0000_0005
KINGEA_ENTRY_BLACKOUT,1627317000000,1627319700000,840020008:139210
BROKER_HMR_SCHEDULED,1627317900000,1627319100000,840020008:139210
MAINTENANCE_ENTRY_BLOCK,1627342200000,1627343700000,DAILY_SERVER_CLOSE_20210727_0000_0005
MAINTENANCE_FORCE_FLAT,1627343700000,1627344300000,DAILY_SERVER_CLOSE_20210727_0000_0005
MAINTENANCE_RECOVERY,1627344300000,1627345200000,DAILY_SERVER_CLOSE_20210727_0000_0005
KINGEA_ENTRY_BLACKOUT,1627398000000,1627400700000,840020013:139270
BROKER_HMR_SCHEDULED,1627398900000,1627400100000,840020013:139270
KINGEA_ENTRY_BLACKOUT,1627403400000,1627406100000,840180002:144726
BROKER_HMR_SCHEDULED,1627404300000,1627405500000,840180002:144726
MAINTENANCE_ENTRY_BLOCK,1627428600000,1627430100000,DAILY_SERVER_CLOSE_20210728_0000_0005
MAINTENANCE_FORCE_FLAT,1627430100000,1627430700000,DAILY_SERVER_CLOSE_20210728_0000_0005
MAINTENANCE_RECOVERY,1627430700000,1627431600000,DAILY_SERVER_CLOSE_20210728_0000_0005
KINGEA_ENTRY_BLACKOUT,1627491600000,1627494300000,840200001:152084
BROKER_HMR_SCHEDULED,1627492500000,1627493700000,840200001:152084
KINGEA_ENTRY_BLACKOUT,1627504200000,1627506900000,840050014:135486
BROKER_HMR_SCHEDULED,1627505100000,1627506300000,840050014:135486
KINGEA_ENTRY_BLACKOUT,1627506000000,1627508700000,840050018:135487
BROKER_HMR_SCHEDULED,1627506900000,1627508100000,840050018:135487
MAINTENANCE_ENTRY_BLOCK,1627515000000,1627516500000,DAILY_SERVER_CLOSE_20210729_0000_0005
MAINTENANCE_FORCE_FLAT,1627516500000,1627517100000,DAILY_SERVER_CLOSE_20210729_0000_0005
MAINTENANCE_RECOVERY,1627517100000,1627518000000,DAILY_SERVER_CLOSE_20210729_0000_0005
KINGEA_ENTRY_BLACKOUT,1627570800000,1627573500000,840010007:138586
KINGEA_ENTRY_BLACKOUT,1627570800000,1627573500000,840010018:138645
KINGEA_ENTRY_BLACKOUT,1627570800000,1627573500000,840140001:152264
BROKER_HMR_SCHEDULED,1627571700000,1627572900000,840010007:138586
BROKER_HMR_SCHEDULED,1627571700000,1627572900000,840010018:138645
BROKER_HMR_SCHEDULED,1627571700000,1627572900000,840140001:152264
MAINTENANCE_ENTRY_BLOCK,1627601400000,1627602900000,DAILY_SERVER_CLOSE_20210730_0000_0005
MAINTENANCE_FORCE_FLAT,1627602900000,1627603500000,DAILY_SERVER_CLOSE_20210730_0000_0005
MAINTENANCE_RECOVERY,1627603500000,1627604400000,DAILY_SERVER_CLOSE_20210730_0000_0005
KINGEA_ENTRY_BLACKOUT,1627657200000,1627659900000,840010001:138516
KINGEA_ENTRY_BLACKOUT,1627657200000,1627659900000,840010002:138528
BROKER_HMR_SCHEDULED,1627658100000,1627659300000,840010001:138516
BROKER_HMR_SCHEDULED,1627658100000,1627659300000,840010002:138528
KINGEA_ENTRY_BLACKOUT,1627661700000,1627664400000,840510001:151538
BROKER_HMR_SCHEDULED,1627662600000,1627663800000,840510001:151538
MAINTENANCE_ENTRY_BLOCK,1627687800000,1627689300000,DAILY_SERVER_CLOSE_20210731_0000_0005
MAINTENANCE_FORCE_FLAT,1627689300000,1627689900000,DAILY_SERVER_CLOSE_20210731_0000_0005
MAINTENANCE_RECOVERY,1627689900000,1627690800000,DAILY_SERVER_CLOSE_20210731_0000_0005
MAINTENANCE_ENTRY_BLOCK,1627774200000,1627775700000,DAILY_SERVER_CLOSE_20210801_0000_0005
MAINTENANCE_ENTRY_BLOCK,1627774740000,1627776240000,SUNDAY_SERVER_CLOSE_20210801_0009_0019
MAINTENANCE_FORCE_FLAT,1627775700000,1627776300000,DAILY_SERVER_CLOSE_20210801_0000_0005
MAINTENANCE_FORCE_FLAT,1627776240000,1627777140000,SUNDAY_SERVER_CLOSE_20210801_0009_0019
MAINTENANCE_RECOVERY,1627776300000,1627777200000,DAILY_SERVER_CLOSE_20210801_0000_0005
MAINTENANCE_RECOVERY,1627777140000,1627778040000,SUNDAY_SERVER_CLOSE_20210801_0009_0019
MAINTENANCE_ENTRY_BLOCK,1627860600000,1627862100000,DAILY_SERVER_CLOSE_20210802_0000_0005
MAINTENANCE_FORCE_FLAT,1627862100000,1627862700000,DAILY_SERVER_CLOSE_20210802_0000_0005
MAINTENANCE_RECOVERY,1627862700000,1627863600000,DAILY_SERVER_CLOSE_20210802_0000_0005
KINGEA_ENTRY_BLACKOUT,1627920900000,1627923600000,840500001:153214
BROKER_HMR_SCHEDULED,1627921800000,1627923000000,840500001:153214
KINGEA_ENTRY_BLACKOUT,1627921800000,1627924500000,840040001:142362
KINGEA_ENTRY_BLACKOUT,1627921800000,1627924500000,840040002:142374
BROKER_HMR_SCHEDULED,1627922700000,1627923900000,840040001:142362
BROKER_HMR_SCHEDULED,1627922700000,1627923900000,840040002:142374
MAINTENANCE_ENTRY_BLOCK,1627947000000,1627948500000,DAILY_SERVER_CLOSE_20210803_0000_0005
MAINTENANCE_FORCE_FLAT,1627948500000,1627949100000,DAILY_SERVER_CLOSE_20210803_0000_0005
MAINTENANCE_RECOVERY,1627949100000,1627950000000,DAILY_SERVER_CLOSE_20210803_0000_0005
MAINTENANCE_ENTRY_BLOCK,1628033400000,1628034900000,DAILY_SERVER_CLOSE_20210804_0000_0005
MAINTENANCE_FORCE_FLAT,1628034900000,1628035500000,DAILY_SERVER_CLOSE_20210804_0000_0005
MAINTENANCE_RECOVERY,1628035500000,1628036400000,DAILY_SERVER_CLOSE_20210804_0000_0005
KINGEA_ENTRY_BLACKOUT,1628088300000,1628091000000,840190001:143366
BROKER_HMR_SCHEDULED,1628089200000,1628090400000,840190001:143366
KINGEA_ENTRY_BLACKOUT,1628093700000,1628096400000,840500002:153261
BROKER_HMR_SCHEDULED,1628094600000,1628095800000,840500002:153261
KINGEA_ENTRY_BLACKOUT,1628094600000,1628097300000,840040003:142387
KINGEA_ENTRY_BLACKOUT,1628094600000,1628097300000,840040008:142456
BROKER_HMR_SCHEDULED,1628095500000,1628096700000,840040003:142387
BROKER_HMR_SCHEDULED,1628095500000,1628096700000,840040008:142456
KINGEA_ENTRY_BLACKOUT,1628096400000,1628099100000,840200001:152350
BROKER_HMR_SCHEDULED,1628097300000,1628098500000,840200001:152350
MAINTENANCE_ENTRY_BLOCK,1628119800000,1628121300000,DAILY_SERVER_CLOSE_20210805_0000_0005
MAINTENANCE_FORCE_FLAT,1628121300000,1628121900000,DAILY_SERVER_CLOSE_20210805_0000_0005
MAINTENANCE_RECOVERY,1628121900000,1628122800000,DAILY_SERVER_CLOSE_20210805_0000_0005
KINGEA_ENTRY_BLACKOUT,1628175600000,1628178300000,840140001:153105
BROKER_HMR_SCHEDULED,1628176500000,1628177700000,840140001:153105
MAINTENANCE_ENTRY_BLOCK,1628206200000,1628207700000,DAILY_SERVER_CLOSE_20210806_0000_0005
MAINTENANCE_FORCE_FLAT,1628207700000,1628208300000,DAILY_SERVER_CLOSE_20210806_0000_0005
MAINTENANCE_RECOVERY,1628208300000,1628209200000,DAILY_SERVER_CLOSE_20210806_0000_0005
KINGEA_ENTRY_BLACKOUT,1628262000000,1628264700000,840030015:140296
KINGEA_ENTRY_BLACKOUT,1628262000000,1628264700000,840030016:140308
KINGEA_ENTRY_BLACKOUT,1628262000000,1628264700000,840030018:140332
BROKER_HMR_SCHEDULED,1628262900000,1628264100000,840030015:140296
BROKER_HMR_SCHEDULED,1628262900000,1628264100000,840030016:140308
BROKER_HMR_SCHEDULED,1628262900000,1628264100000,840030018:140332
MAINTENANCE_ENTRY_BLOCK,1628292600000,1628294100000,DAILY_SERVER_CLOSE_20210807_0000_0005
MAINTENANCE_FORCE_FLAT,1628294100000,1628294700000,DAILY_SERVER_CLOSE_20210807_0000_0005
MAINTENANCE_RECOVERY,1628294700000,1628295600000,DAILY_SERVER_CLOSE_20210807_0000_0005
MAINTENANCE_ENTRY_BLOCK,1628379000000,1628380500000,DAILY_SERVER_CLOSE_20210808_0000_0005
MAINTENANCE_ENTRY_BLOCK,1628379540000,1628381040000,SUNDAY_SERVER_CLOSE_20210808_0009_0019
MAINTENANCE_FORCE_FLAT,1628380500000,1628381100000,DAILY_SERVER_CLOSE_20210808_0000_0005
MAINTENANCE_FORCE_FLAT,1628381040000,1628381940000,SUNDAY_SERVER_CLOSE_20210808_0009_0019
MAINTENANCE_RECOVERY,1628381100000,1628382000000,DAILY_SERVER_CLOSE_20210808_0000_0005
MAINTENANCE_RECOVERY,1628381940000,1628382840000,SUNDAY_SERVER_CLOSE_20210808_0009_0019
MAINTENANCE_ENTRY_BLOCK,1628465400000,1628466900000,DAILY_SERVER_CLOSE_20210809_0000_0005
MAINTENANCE_FORCE_FLAT,1628466900000,1628467500000,DAILY_SERVER_CLOSE_20210809_0000_0005
MAINTENANCE_RECOVERY,1628467500000,1628468400000,DAILY_SERVER_CLOSE_20210809_0000_0005
KINGEA_ENTRY_BLACKOUT,1628526600000,1628529300000,840030021:142658
BROKER_HMR_SCHEDULED,1628527500000,1628528700000,840030021:142658
MAINTENANCE_ENTRY_BLOCK,1628551800000,1628553300000,DAILY_SERVER_CLOSE_20210810_0000_0005
MAINTENANCE_FORCE_FLAT,1628553300000,1628553900000,DAILY_SERVER_CLOSE_20210810_0000_0005
MAINTENANCE_RECOVERY,1628553900000,1628554800000,DAILY_SERVER_CLOSE_20210810_0000_0005
MAINTENANCE_ENTRY_BLOCK,1628638200000,1628639700000,DAILY_SERVER_CLOSE_20210811_0000_0005
MAINTENANCE_FORCE_FLAT,1628639700000,1628640300000,DAILY_SERVER_CLOSE_20210811_0000_0005
MAINTENANCE_RECOVERY,1628640300000,1628641200000,DAILY_SERVER_CLOSE_20210811_0000_0005
KINGEA_ENTRY_BLACKOUT,1628694000000,1628696700000,840030005:140172
KINGEA_ENTRY_BLACKOUT,1628694000000,1628696700000,840030006:140184
KINGEA_ENTRY_BLACKOUT,1628694000000,1628696700000,840030007:140196
KINGEA_ENTRY_BLACKOUT,1628694000000,1628696700000,840030034:140480
KINGEA_ENTRY_BLACKOUT,1628694000000,1628696700000,840030035:140492
BROKER_HMR_SCHEDULED,1628694900000,1628696100000,840030005:140172
BROKER_HMR_SCHEDULED,1628694900000,1628696100000,840030006:140184
BROKER_HMR_SCHEDULED,1628694900000,1628696100000,840030007:140196
BROKER_HMR_SCHEDULED,1628694900000,1628696100000,840030034:140480
BROKER_HMR_SCHEDULED,1628694900000,1628696100000,840030035:140492
KINGEA_ENTRY_BLACKOUT,1628701200000,1628703900000,840200001:152530
BROKER_HMR_SCHEDULED,1628702100000,1628703300000,840200001:152530
KINGEA_ENTRY_BLACKOUT,1628710200000,1628712900000,840220014:151945
BROKER_HMR_SCHEDULED,1628711100000,1628712300000,840220014:151945
MAINTENANCE_ENTRY_BLOCK,1628724600000,1628726100000,DAILY_SERVER_CLOSE_20210812_0000_0005
MAINTENANCE_FORCE_FLAT,1628726100000,1628726700000,DAILY_SERVER_CLOSE_20210812_0000_0005
MAINTENANCE_RECOVERY,1628726700000,1628727600000,DAILY_SERVER_CLOSE_20210812_0000_0005
KINGEA_ENTRY_BLACKOUT,1628780400000,1628783100000,840030001:140119
KINGEA_ENTRY_BLACKOUT,1628780400000,1628783100000,840140001:153106
BROKER_HMR_SCHEDULED,1628781300000,1628782500000,840030001:140119
BROKER_HMR_SCHEDULED,1628781300000,1628782500000,840140001:153106
KINGEA_ENTRY_BLACKOUT,1628796600000,1628799300000,840220015:151948
BROKER_HMR_SCHEDULED,1628797500000,1628798700000,840220015:151948
MAINTENANCE_ENTRY_BLOCK,1628811000000,1628812500000,DAILY_SERVER_CLOSE_20210813_0000_0005
MAINTENANCE_FORCE_FLAT,1628812500000,1628813100000,DAILY_SERVER_CLOSE_20210813_0000_0005
MAINTENANCE_RECOVERY,1628813100000,1628814000000,DAILY_SERVER_CLOSE_20210813_0000_0005
MAINTENANCE_ENTRY_BLOCK,1628897400000,1628898900000,DAILY_SERVER_CLOSE_20210814_0000_0005
MAINTENANCE_FORCE_FLAT,1628898900000,1628899500000,DAILY_SERVER_CLOSE_20210814_0000_0005
MAINTENANCE_RECOVERY,1628899500000,1628900400000,DAILY_SERVER_CLOSE_20210814_0000_0005
MAINTENANCE_ENTRY_BLOCK,1628983800000,1628985300000,DAILY_SERVER_CLOSE_20210815_0000_0005
MAINTENANCE_ENTRY_BLOCK,1628984340000,1628985840000,SUNDAY_SERVER_CLOSE_20210815_0009_0019
MAINTENANCE_FORCE_FLAT,1628985300000,1628985900000,DAILY_SERVER_CLOSE_20210815_0000_0005
MAINTENANCE_FORCE_FLAT,1628985840000,1628986740000,SUNDAY_SERVER_CLOSE_20210815_0009_0019
MAINTENANCE_RECOVERY,1628985900000,1628986800000,DAILY_SERVER_CLOSE_20210815_0000_0005
MAINTENANCE_RECOVERY,1628986740000,1628987640000,SUNDAY_SERVER_CLOSE_20210815_0009_0019
MAINTENANCE_ENTRY_BLOCK,1629070200000,1629071700000,DAILY_SERVER_CLOSE_20210816_0000_0005
MAINTENANCE_FORCE_FLAT,1629071700000,1629072300000,DAILY_SERVER_CLOSE_20210816_0000_0005
MAINTENANCE_RECOVERY,1629072300000,1629073200000,DAILY_SERVER_CLOSE_20210816_0000_0005
MAINTENANCE_ENTRY_BLOCK,1629156600000,1629158100000,DAILY_SERVER_CLOSE_20210817_0000_0005
MAINTENANCE_FORCE_FLAT,1629158100000,1629158700000,DAILY_SERVER_CLOSE_20210817_0000_0005
MAINTENANCE_RECOVERY,1629158700000,1629159600000,DAILY_SERVER_CLOSE_20210817_0000_0005
KINGEA_ENTRY_BLACKOUT,1629212400000,1629215100000,840020010:139235
KINGEA_ENTRY_BLACKOUT,1629212400000,1629215100000,840020011:139247
BROKER_HMR_SCHEDULED,1629213300000,1629214500000,840020010:139235
BROKER_HMR_SCHEDULED,1629213300000,1629214500000,840020011:139247
KINGEA_ENTRY_BLACKOUT,1629230400000,1629233100000,840050022:154328
BROKER_HMR_SCHEDULED,1629231300000,1629232500000,840050022:154328
MAINTENANCE_ENTRY_BLOCK,1629243000000,1629244500000,DAILY_SERVER_CLOSE_20210818_0000_0005
MAINTENANCE_FORCE_FLAT,1629244500000,1629245100000,DAILY_SERVER_CLOSE_20210818_0000_0005
MAINTENANCE_RECOVERY,1629245100000,1629246000000,DAILY_SERVER_CLOSE_20210818_0000_0005
KINGEA_ENTRY_BLACKOUT,1629306000000,1629308700000,840200001:152637
BROKER_HMR_SCHEDULED,1629306900000,1629308100000,840200001:152637
MAINTENANCE_ENTRY_BLOCK,1629329400000,1629330900000,DAILY_SERVER_CLOSE_20210819_0000_0005
MAINTENANCE_FORCE_FLAT,1629330900000,1629331500000,DAILY_SERVER_CLOSE_20210819_0000_0005
MAINTENANCE_RECOVERY,1629331500000,1629332400000,DAILY_SERVER_CLOSE_20210819_0000_0005
KINGEA_ENTRY_BLACKOUT,1629385200000,1629387900000,840070001:141094
KINGEA_ENTRY_BLACKOUT,1629385200000,1629387900000,840140001:153107
BROKER_HMR_SCHEDULED,1629386100000,1629387300000,840070001:141094
BROKER_HMR_SCHEDULED,1629386100000,1629387300000,840140001:153107
MAINTENANCE_ENTRY_BLOCK,1629415800000,1629417300000,DAILY_SERVER_CLOSE_20210820_0000_0005
MAINTENANCE_FORCE_FLAT,1629417300000,1629417900000,DAILY_SERVER_CLOSE_20210820_0000_0005
MAINTENANCE_RECOVERY,1629417900000,1629418800000,DAILY_SERVER_CLOSE_20210820_0000_0005
MAINTENANCE_ENTRY_BLOCK,1629502200000,1629503700000,DAILY_SERVER_CLOSE_20210821_0000_0005
MAINTENANCE_FORCE_FLAT,1629503700000,1629504300000,DAILY_SERVER_CLOSE_20210821_0000_0005
MAINTENANCE_RECOVERY,1629504300000,1629505200000,DAILY_SERVER_CLOSE_20210821_0000_0005
MAINTENANCE_ENTRY_BLOCK,1629588600000,1629590100000,DAILY_SERVER_CLOSE_20210822_0000_0005
MAINTENANCE_ENTRY_BLOCK,1629589140000,1629590640000,SUNDAY_SERVER_CLOSE_20210822_0009_0019
MAINTENANCE_FORCE_FLAT,1629590100000,1629590700000,DAILY_SERVER_CLOSE_20210822_0000_0005
MAINTENANCE_FORCE_FLAT,1629590640000,1629591540000,SUNDAY_SERVER_CLOSE_20210822_0009_0019
MAINTENANCE_RECOVERY,1629590700000,1629591600000,DAILY_SERVER_CLOSE_20210822_0000_0005
MAINTENANCE_RECOVERY,1629591540000,1629592440000,SUNDAY_SERVER_CLOSE_20210822_0009_0019
MAINTENANCE_ENTRY_BLOCK,1629675000000,1629676500000,DAILY_SERVER_CLOSE_20210823_0000_0005
MAINTENANCE_FORCE_FLAT,1629676500000,1629677100000,DAILY_SERVER_CLOSE_20210823_0000_0005
MAINTENANCE_RECOVERY,1629677100000,1629678000000,DAILY_SERVER_CLOSE_20210823_0000_0005
KINGEA_ENTRY_BLACKOUT,1629735300000,1629738000000,840500001:153647
KINGEA_ENTRY_BLACKOUT,1629735300000,1629738000000,840500002:153648
BROKER_HMR_SCHEDULED,1629736200000,1629737400000,840500001:153647
BROKER_HMR_SCHEDULED,1629736200000,1629737400000,840500002:153648
KINGEA_ENTRY_BLACKOUT,1629736200000,1629738900000,840120001:140947
BROKER_HMR_SCHEDULED,1629737100000,1629738300000,840120001:140947
MAINTENANCE_ENTRY_BLOCK,1629761400000,1629762900000,DAILY_SERVER_CLOSE_20210824_0000_0005
MAINTENANCE_FORCE_FLAT,1629762900000,1629763500000,DAILY_SERVER_CLOSE_20210824_0000_0005
MAINTENANCE_RECOVERY,1629763500000,1629764400000,DAILY_SERVER_CLOSE_20210824_0000_0005
KINGEA_ENTRY_BLACKOUT,1629822600000,1629825300000,840020008:139211
BROKER_HMR_SCHEDULED,1629823500000,1629824700000,840020008:139211
MAINTENANCE_ENTRY_BLOCK,1629847800000,1629849300000,DAILY_SERVER_CLOSE_20210825_0000_0005
MAINTENANCE_FORCE_FLAT,1629849300000,1629849900000,DAILY_SERVER_CLOSE_20210825_0000_0005
MAINTENANCE_RECOVERY,1629849900000,1629850800000,DAILY_SERVER_CLOSE_20210825_0000_0005
KINGEA_ENTRY_BLACKOUT,1629903600000,1629906300000,840020013:139271
BROKER_HMR_SCHEDULED,1629904500000,1629905700000,840020013:139271
KINGEA_ENTRY_BLACKOUT,1629910800000,1629913500000,840200001:152802
BROKER_HMR_SCHEDULED,1629911700000,1629912900000,840200001:152802
MAINTENANCE_ENTRY_BLOCK,1629934200000,1629935700000,DAILY_SERVER_CLOSE_20210826_0000_0005
MAINTENANCE_FORCE_FLAT,1629935700000,1629936300000,DAILY_SERVER_CLOSE_20210826_0000_0005
MAINTENANCE_RECOVERY,1629936300000,1629937200000,DAILY_SERVER_CLOSE_20210826_0000_0005
KINGEA_ENTRY_BLACKOUT,1629990000000,1629992700000,840010007:138587
KINGEA_ENTRY_BLACKOUT,1629990000000,1629992700000,840010018:138646
KINGEA_ENTRY_BLACKOUT,1629990000000,1629992700000,840140001:153108
BROKER_HMR_SCHEDULED,1629990900000,1629992100000,840010007:138587
BROKER_HMR_SCHEDULED,1629990900000,1629992100000,840010018:138646
BROKER_HMR_SCHEDULED,1629990900000,1629992100000,840140001:153108
MAINTENANCE_ENTRY_BLOCK,1630020600000,1630022100000,DAILY_SERVER_CLOSE_20210827_0000_0005
MAINTENANCE_FORCE_FLAT,1630022100000,1630022700000,DAILY_SERVER_CLOSE_20210827_0000_0005
MAINTENANCE_RECOVERY,1630022700000,1630023600000,DAILY_SERVER_CLOSE_20210827_0000_0005
KINGEA_ENTRY_BLACKOUT,1630076400000,1630079100000,840010001:138517
KINGEA_ENTRY_BLACKOUT,1630076400000,1630079100000,840010002:138529
BROKER_HMR_SCHEDULED,1630077300000,1630078500000,840010001:138517
BROKER_HMR_SCHEDULED,1630077300000,1630078500000,840010002:138529
KINGEA_ENTRY_BLACKOUT,1630081800000,1630084500000,840050022:154383
BROKER_HMR_SCHEDULED,1630082700000,1630083900000,840050022:154383
MAINTENANCE_ENTRY_BLOCK,1630107000000,1630108500000,DAILY_SERVER_CLOSE_20210828_0000_0005
MAINTENANCE_FORCE_FLAT,1630108500000,1630109100000,DAILY_SERVER_CLOSE_20210828_0000_0005
MAINTENANCE_RECOVERY,1630109100000,1630110000000,DAILY_SERVER_CLOSE_20210828_0000_0005
MAINTENANCE_ENTRY_BLOCK,1630193400000,1630194900000,DAILY_SERVER_CLOSE_20210829_0000_0005
MAINTENANCE_ENTRY_BLOCK,1630193940000,1630195440000,SUNDAY_SERVER_CLOSE_20210829_0009_0019
MAINTENANCE_FORCE_FLAT,1630194900000,1630195500000,DAILY_SERVER_CLOSE_20210829_0000_0005
MAINTENANCE_FORCE_FLAT,1630195440000,1630196340000,SUNDAY_SERVER_CLOSE_20210829_0009_0019
MAINTENANCE_RECOVERY,1630195500000,1630196400000,DAILY_SERVER_CLOSE_20210829_0000_0005
MAINTENANCE_RECOVERY,1630196340000,1630197240000,SUNDAY_SERVER_CLOSE_20210829_0009_0019
MAINTENANCE_ENTRY_BLOCK,1630279800000,1630281300000,DAILY_SERVER_CLOSE_20210830_0000_0005
MAINTENANCE_FORCE_FLAT,1630281300000,1630281900000,DAILY_SERVER_CLOSE_20210830_0000_0005
MAINTENANCE_RECOVERY,1630281900000,1630282800000,DAILY_SERVER_CLOSE_20210830_0000_0005
MAINTENANCE_ENTRY_BLOCK,1630366200000,1630367700000,DAILY_SERVER_CLOSE_20210831_0000_0005
MAINTENANCE_FORCE_FLAT,1630367700000,1630368300000,DAILY_SERVER_CLOSE_20210831_0000_0005
MAINTENANCE_RECOVERY,1630368300000,1630369200000,DAILY_SERVER_CLOSE_20210831_0000_0005
KINGEA_ENTRY_BLACKOUT,1630426500000,1630429200000,840510001:152243
BROKER_HMR_SCHEDULED,1630427400000,1630428600000,840510001:152243
KINGEA_ENTRY_BLACKOUT,1630427400000,1630430100000,840180002:144727
BROKER_HMR_SCHEDULED,1630428300000,1630429500000,840180002:144727
MAINTENANCE_ENTRY_BLOCK,1630452600000,1630454100000,DAILY_SERVER_CLOSE_20210901_0000_0005
MAINTENANCE_FORCE_FLAT,1630454100000,1630454700000,DAILY_SERVER_CLOSE_20210901_0000_0005
MAINTENANCE_RECOVERY,1630454700000,1630455600000,DAILY_SERVER_CLOSE_20210901_0000_0005
KINGEA_ENTRY_BLACKOUT,1630507500000,1630510200000,840190001:143374
BROKER_HMR_SCHEDULED,1630508400000,1630509600000,840190001:143374
KINGEA_ENTRY_BLACKOUT,1630512900000,1630515600000,840500001:153846
BROKER_HMR_SCHEDULED,1630513800000,1630515000000,840500001:153846
KINGEA_ENTRY_BLACKOUT,1630513800000,1630516500000,840040001:142363
KINGEA_ENTRY_BLACKOUT,1630513800000,1630516500000,840040002:142375
BROKER_HMR_SCHEDULED,1630514700000,1630515900000,840040001:142363
BROKER_HMR_SCHEDULED,1630514700000,1630515900000,840040002:142375
KINGEA_ENTRY_BLACKOUT,1630515600000,1630518300000,840200001:152929
BROKER_HMR_SCHEDULED,1630516500000,1630517700000,840200001:152929
MAINTENANCE_ENTRY_BLOCK,1630539000000,1630540500000,DAILY_SERVER_CLOSE_20210902_0000_0005
MAINTENANCE_FORCE_FLAT,1630540500000,1630541100000,DAILY_SERVER_CLOSE_20210902_0000_0005
MAINTENANCE_RECOVERY,1630541100000,1630542000000,DAILY_SERVER_CLOSE_20210902_0000_0005
KINGEA_ENTRY_BLACKOUT,1630594800000,1630597500000,840140001:153848
BROKER_HMR_SCHEDULED,1630595700000,1630596900000,840140001:153848
MAINTENANCE_ENTRY_BLOCK,1630625400000,1630626900000,DAILY_SERVER_CLOSE_20210903_0000_0005
MAINTENANCE_FORCE_FLAT,1630626900000,1630627500000,DAILY_SERVER_CLOSE_20210903_0000_0005
MAINTENANCE_RECOVERY,1630627500000,1630628400000,DAILY_SERVER_CLOSE_20210903_0000_0005
KINGEA_ENTRY_BLACKOUT,1630681200000,1630683900000,840030015:140297
KINGEA_ENTRY_BLACKOUT,1630681200000,1630683900000,840030016:140309
KINGEA_ENTRY_BLACKOUT,1630681200000,1630683900000,840030018:140333
BROKER_HMR_SCHEDULED,1630682100000,1630683300000,840030015:140297
BROKER_HMR_SCHEDULED,1630682100000,1630683300000,840030016:140309
BROKER_HMR_SCHEDULED,1630682100000,1630683300000,840030018:140333
KINGEA_ENTRY_BLACKOUT,1630685700000,1630688400000,840500002:153970
BROKER_HMR_SCHEDULED,1630686600000,1630687800000,840500002:153970
KINGEA_ENTRY_BLACKOUT,1630686600000,1630689300000,840040003:142388
KINGEA_ENTRY_BLACKOUT,1630686600000,1630689300000,840040008:142457
BROKER_HMR_SCHEDULED,1630687500000,1630688700000,840040003:142388
BROKER_HMR_SCHEDULED,1630687500000,1630688700000,840040008:142457
MAINTENANCE_ENTRY_BLOCK,1630711800000,1630713300000,DAILY_SERVER_CLOSE_20210904_0000_0005
MAINTENANCE_FORCE_FLAT,1630713300000,1630713900000,DAILY_SERVER_CLOSE_20210904_0000_0005
MAINTENANCE_RECOVERY,1630713900000,1630714800000,DAILY_SERVER_CLOSE_20210904_0000_0005
MAINTENANCE_ENTRY_BLOCK,1630798200000,1630799700000,DAILY_SERVER_CLOSE_20210905_0000_0005
MAINTENANCE_ENTRY_BLOCK,1630798740000,1630800240000,SUNDAY_SERVER_CLOSE_20210905_0009_0019
MAINTENANCE_FORCE_FLAT,1630799700000,1630800300000,DAILY_SERVER_CLOSE_20210905_0000_0005
MAINTENANCE_FORCE_FLAT,1630800240000,1630801140000,SUNDAY_SERVER_CLOSE_20210905_0009_0019
MAINTENANCE_RECOVERY,1630800300000,1630801200000,DAILY_SERVER_CLOSE_20210905_0000_0005
MAINTENANCE_RECOVERY,1630801140000,1630802040000,SUNDAY_SERVER_CLOSE_20210905_0009_0019
MAINTENANCE_ENTRY_BLOCK,1630884600000,1630886100000,DAILY_SERVER_CLOSE_20210906_0000_0005
MAINTENANCE_FORCE_FLAT,1630886100000,1630886700000,DAILY_SERVER_CLOSE_20210906_0000_0005
MAINTENANCE_RECOVERY,1630886700000,1630887600000,DAILY_SERVER_CLOSE_20210906_0000_0005
MAINTENANCE_ENTRY_BLOCK,1630971000000,1630972500000,DAILY_SERVER_CLOSE_20210907_0000_0005
MAINTENANCE_FORCE_FLAT,1630972500000,1630973100000,DAILY_SERVER_CLOSE_20210907_0000_0005
MAINTENANCE_RECOVERY,1630973100000,1630974000000,DAILY_SERVER_CLOSE_20210907_0000_0005
MAINTENANCE_ENTRY_BLOCK,1631057400000,1631058900000,DAILY_SERVER_CLOSE_20210908_0000_0005
MAINTENANCE_FORCE_FLAT,1631058900000,1631059500000,DAILY_SERVER_CLOSE_20210908_0000_0005
MAINTENANCE_RECOVERY,1631059500000,1631060400000,DAILY_SERVER_CLOSE_20210908_0000_0005
KINGEA_ENTRY_BLACKOUT,1631118600000,1631121300000,840030021:142672
BROKER_HMR_SCHEDULED,1631119500000,1631120700000,840030021:142672
KINGEA_ENTRY_BLACKOUT,1631129400000,1631132100000,840220014:151946
BROKER_HMR_SCHEDULED,1631130300000,1631131500000,840220014:151946
MAINTENANCE_ENTRY_BLOCK,1631143800000,1631145300000,DAILY_SERVER_CLOSE_20210909_0000_0005
MAINTENANCE_FORCE_FLAT,1631145300000,1631145900000,DAILY_SERVER_CLOSE_20210909_0000_0005
MAINTENANCE_RECOVERY,1631145900000,1631146800000,DAILY_SERVER_CLOSE_20210909_0000_0005
KINGEA_ENTRY_BLACKOUT,1631199600000,1631202300000,840140001:153849
BROKER_HMR_SCHEDULED,1631200500000,1631201700000,840140001:153849
KINGEA_ENTRY_BLACKOUT,1631208600000,1631211300000,840200001:153434
BROKER_HMR_SCHEDULED,1631209500000,1631210700000,840200001:153434
KINGEA_ENTRY_BLACKOUT,1631215800000,1631218500000,840220015:151949
BROKER_HMR_SCHEDULED,1631216700000,1631217900000,840220015:151949
MAINTENANCE_ENTRY_BLOCK,1631230200000,1631231700000,DAILY_SERVER_CLOSE_20210910_0000_0005
MAINTENANCE_FORCE_FLAT,1631231700000,1631232300000,DAILY_SERVER_CLOSE_20210910_0000_0005
MAINTENANCE_RECOVERY,1631232300000,1631233200000,DAILY_SERVER_CLOSE_20210910_0000_0005
KINGEA_ENTRY_BLACKOUT,1631286000000,1631288700000,840030001:140120
BROKER_HMR_SCHEDULED,1631286900000,1631288100000,840030001:140120
MAINTENANCE_ENTRY_BLOCK,1631316600000,1631318100000,DAILY_SERVER_CLOSE_20210911_0000_0005
MAINTENANCE_FORCE_FLAT,1631318100000,1631318700000,DAILY_SERVER_CLOSE_20210911_0000_0005
MAINTENANCE_RECOVERY,1631318700000,1631319600000,DAILY_SERVER_CLOSE_20210911_0000_0005
MAINTENANCE_ENTRY_BLOCK,1631403000000,1631404500000,DAILY_SERVER_CLOSE_20210912_0000_0005
MAINTENANCE_ENTRY_BLOCK,1631403540000,1631405040000,SUNDAY_SERVER_CLOSE_20210912_0009_0019
MAINTENANCE_FORCE_FLAT,1631404500000,1631405100000,DAILY_SERVER_CLOSE_20210912_0000_0005
MAINTENANCE_FORCE_FLAT,1631405040000,1631405940000,SUNDAY_SERVER_CLOSE_20210912_0009_0019
MAINTENANCE_RECOVERY,1631405100000,1631406000000,DAILY_SERVER_CLOSE_20210912_0000_0005
MAINTENANCE_RECOVERY,1631405940000,1631406840000,SUNDAY_SERVER_CLOSE_20210912_0009_0019
MAINTENANCE_ENTRY_BLOCK,1631489400000,1631490900000,DAILY_SERVER_CLOSE_20210913_0000_0005
MAINTENANCE_FORCE_FLAT,1631490900000,1631491500000,DAILY_SERVER_CLOSE_20210913_0000_0005
MAINTENANCE_RECOVERY,1631491500000,1631492400000,DAILY_SERVER_CLOSE_20210913_0000_0005
MAINTENANCE_ENTRY_BLOCK,1631575800000,1631577300000,DAILY_SERVER_CLOSE_20210914_0000_0005
MAINTENANCE_FORCE_FLAT,1631577300000,1631577900000,DAILY_SERVER_CLOSE_20210914_0000_0005
MAINTENANCE_RECOVERY,1631577900000,1631578800000,DAILY_SERVER_CLOSE_20210914_0000_0005
KINGEA_ENTRY_BLACKOUT,1631631600000,1631634300000,840030005:140173
KINGEA_ENTRY_BLACKOUT,1631631600000,1631634300000,840030006:140185
KINGEA_ENTRY_BLACKOUT,1631631600000,1631634300000,840030007:140197
KINGEA_ENTRY_BLACKOUT,1631631600000,1631634300000,840030034:140481
KINGEA_ENTRY_BLACKOUT,1631631600000,1631634300000,840030035:140493
BROKER_HMR_SCHEDULED,1631632500000,1631633700000,840030005:140173
BROKER_HMR_SCHEDULED,1631632500000,1631633700000,840030006:140185
BROKER_HMR_SCHEDULED,1631632500000,1631633700000,840030007:140197
BROKER_HMR_SCHEDULED,1631632500000,1631633700000,840030034:140481
BROKER_HMR_SCHEDULED,1631632500000,1631633700000,840030035:140493
MAINTENANCE_ENTRY_BLOCK,1631662200000,1631663700000,DAILY_SERVER_CLOSE_20210915_0000_0005
MAINTENANCE_FORCE_FLAT,1631663700000,1631664300000,DAILY_SERVER_CLOSE_20210915_0000_0005
MAINTENANCE_RECOVERY,1631664300000,1631665200000,DAILY_SERVER_CLOSE_20210915_0000_0005
KINGEA_ENTRY_BLACKOUT,1631725200000,1631727900000,840200001:153492
BROKER_HMR_SCHEDULED,1631726100000,1631727300000,840200001:153492
MAINTENANCE_ENTRY_BLOCK,1631748600000,1631750100000,DAILY_SERVER_CLOSE_20210916_0000_0005
MAINTENANCE_FORCE_FLAT,1631750100000,1631750700000,DAILY_SERVER_CLOSE_20210916_0000_0005
MAINTENANCE_RECOVERY,1631750700000,1631751600000,DAILY_SERVER_CLOSE_20210916_0000_0005
KINGEA_ENTRY_BLACKOUT,1631804400000,1631807100000,840020010:139236
KINGEA_ENTRY_BLACKOUT,1631804400000,1631807100000,840020011:139248
KINGEA_ENTRY_BLACKOUT,1631804400000,1631807100000,840070001:141095
KINGEA_ENTRY_BLACKOUT,1631804400000,1631807100000,840140001:153850
BROKER_HMR_SCHEDULED,1631805300000,1631806500000,840020010:139236
BROKER_HMR_SCHEDULED,1631805300000,1631806500000,840020011:139248
BROKER_HMR_SCHEDULED,1631805300000,1631806500000,840070001:141095
BROKER_HMR_SCHEDULED,1631805300000,1631806500000,840140001:153850
MAINTENANCE_ENTRY_BLOCK,1631835000000,1631836500000,DAILY_SERVER_CLOSE_20210917_0000_0005
MAINTENANCE_FORCE_FLAT,1631836500000,1631837100000,DAILY_SERVER_CLOSE_20210917_0000_0005
MAINTENANCE_RECOVERY,1631837100000,1631838000000,DAILY_SERVER_CLOSE_20210917_0000_0005
MAINTENANCE_ENTRY_BLOCK,1631921400000,1631922900000,DAILY_SERVER_CLOSE_20210918_0000_0005
MAINTENANCE_FORCE_FLAT,1631922900000,1631923500000,DAILY_SERVER_CLOSE_20210918_0000_0005
MAINTENANCE_RECOVERY,1631923500000,1631924400000,DAILY_SERVER_CLOSE_20210918_0000_0005
MAINTENANCE_ENTRY_BLOCK,1632007800000,1632009300000,DAILY_SERVER_CLOSE_20210919_0000_0005
MAINTENANCE_ENTRY_BLOCK,1632008340000,1632009840000,SUNDAY_SERVER_CLOSE_20210919_0009_0019
MAINTENANCE_FORCE_FLAT,1632009300000,1632009900000,DAILY_SERVER_CLOSE_20210919_0000_0005
MAINTENANCE_FORCE_FLAT,1632009840000,1632010740000,SUNDAY_SERVER_CLOSE_20210919_0009_0019
MAINTENANCE_RECOVERY,1632009900000,1632010800000,DAILY_SERVER_CLOSE_20210919_0000_0005
MAINTENANCE_RECOVERY,1632010740000,1632011640000,SUNDAY_SERVER_CLOSE_20210919_0009_0019
MAINTENANCE_ENTRY_BLOCK,1632094200000,1632095700000,DAILY_SERVER_CLOSE_20210920_0000_0005
MAINTENANCE_FORCE_FLAT,1632095700000,1632096300000,DAILY_SERVER_CLOSE_20210920_0000_0005
MAINTENANCE_RECOVERY,1632096300000,1632097200000,DAILY_SERVER_CLOSE_20210920_0000_0005
MAINTENANCE_ENTRY_BLOCK,1632180600000,1632182100000,DAILY_SERVER_CLOSE_20210921_0000_0005
MAINTENANCE_FORCE_FLAT,1632182100000,1632182700000,DAILY_SERVER_CLOSE_20210921_0000_0005
MAINTENANCE_RECOVERY,1632182700000,1632183600000,DAILY_SERVER_CLOSE_20210921_0000_0005
MAINTENANCE_ENTRY_BLOCK,1632267000000,1632268500000,DAILY_SERVER_CLOSE_20210922_0000_0005
MAINTENANCE_FORCE_FLAT,1632268500000,1632269100000,DAILY_SERVER_CLOSE_20210922_0000_0005
MAINTENANCE_RECOVERY,1632269100000,1632270000000,DAILY_SERVER_CLOSE_20210922_0000_0005
KINGEA_ENTRY_BLACKOUT,1632328200000,1632330900000,840120001:140948
BROKER_HMR_SCHEDULED,1632329100000,1632330300000,840120001:140948
KINGEA_ENTRY_BLACKOUT,1632330000000,1632332700000,840200001:153597
BROKER_HMR_SCHEDULED,1632330900000,1632332100000,840200001:153597
KINGEA_ENTRY_BLACKOUT,1632342600000,1632345300000,840050014:135490
BROKER_HMR_SCHEDULED,1632343500000,1632344700000,840050014:135490
KINGEA_ENTRY_BLACKOUT,1632344400000,1632347100000,840050018:135492
BROKER_HMR_SCHEDULED,1632345300000,1632346500000,840050018:135492
MAINTENANCE_ENTRY_BLOCK,1632353400000,1632354900000,DAILY_SERVER_CLOSE_20210923_0000_0005
MAINTENANCE_FORCE_FLAT,1632354900000,1632355500000,DAILY_SERVER_CLOSE_20210923_0000_0005
MAINTENANCE_RECOVERY,1632355500000,1632356400000,DAILY_SERVER_CLOSE_20210923_0000_0005
KINGEA_ENTRY_BLACKOUT,1632409200000,1632411900000,840140001:153851
BROKER_HMR_SCHEDULED,1632410100000,1632411300000,840140001:153851
KINGEA_ENTRY_BLACKOUT,1632413700000,1632416400000,840500001:154429
KINGEA_ENTRY_BLACKOUT,1632413700000,1632416400000,840500002:154430
BROKER_HMR_SCHEDULED,1632414600000,1632415800000,840500001:154429
BROKER_HMR_SCHEDULED,1632414600000,1632415800000,840500002:154430
MAINTENANCE_ENTRY_BLOCK,1632439800000,1632441300000,DAILY_SERVER_CLOSE_20210924_0000_0005
MAINTENANCE_FORCE_FLAT,1632441300000,1632441900000,DAILY_SERVER_CLOSE_20210924_0000_0005
MAINTENANCE_RECOVERY,1632441900000,1632442800000,DAILY_SERVER_CLOSE_20210924_0000_0005
KINGEA_ENTRY_BLACKOUT,1632501000000,1632503700000,840020008:139212
KINGEA_ENTRY_BLACKOUT,1632501000000,1632503700000,840050022:155082
BROKER_HMR_SCHEDULED,1632501900000,1632503100000,840020008:139212
BROKER_HMR_SCHEDULED,1632501900000,1632503100000,840050022:155082
MAINTENANCE_ENTRY_BLOCK,1632526200000,1632527700000,DAILY_SERVER_CLOSE_20210925_0000_0005
MAINTENANCE_FORCE_FLAT,1632527700000,1632528300000,DAILY_SERVER_CLOSE_20210925_0000_0005
MAINTENANCE_RECOVERY,1632528300000,1632529200000,DAILY_SERVER_CLOSE_20210925_0000_0005
MAINTENANCE_ENTRY_BLOCK,1632612600000,1632614100000,DAILY_SERVER_CLOSE_20210926_0000_0005
MAINTENANCE_ENTRY_BLOCK,1632613140000,1632614640000,SUNDAY_SERVER_CLOSE_20210926_0009_0019
MAINTENANCE_FORCE_FLAT,1632614100000,1632614700000,DAILY_SERVER_CLOSE_20210926_0000_0005
MAINTENANCE_FORCE_FLAT,1632614640000,1632615540000,SUNDAY_SERVER_CLOSE_20210926_0009_0019
MAINTENANCE_RECOVERY,1632614700000,1632615600000,DAILY_SERVER_CLOSE_20210926_0000_0005
MAINTENANCE_RECOVERY,1632615540000,1632616440000,SUNDAY_SERVER_CLOSE_20210926_0009_0019
MAINTENANCE_ENTRY_BLOCK,1632699000000,1632700500000,DAILY_SERVER_CLOSE_20210927_0000_0005
MAINTENANCE_FORCE_FLAT,1632700500000,1632701100000,DAILY_SERVER_CLOSE_20210927_0000_0005
MAINTENANCE_RECOVERY,1632701100000,1632702000000,DAILY_SERVER_CLOSE_20210927_0000_0005
KINGEA_ENTRY_BLACKOUT,1632754800000,1632757500000,840020013:139272
BROKER_HMR_SCHEDULED,1632755700000,1632756900000,840020013:139272
MAINTENANCE_ENTRY_BLOCK,1632785400000,1632786900000,DAILY_SERVER_CLOSE_20210928_0000_0005
MAINTENANCE_FORCE_FLAT,1632786900000,1632787500000,DAILY_SERVER_CLOSE_20210928_0000_0005
MAINTENANCE_RECOVERY,1632787500000,1632788400000,DAILY_SERVER_CLOSE_20210928_0000_0005
KINGEA_ENTRY_BLACKOUT,1632846600000,1632849300000,840050021:155176
KINGEA_ENTRY_BLACKOUT,1632846600000,1632849300000,840180002:144728
BROKER_HMR_SCHEDULED,1632847500000,1632848700000,840050021:155176
BROKER_HMR_SCHEDULED,1632847500000,1632848700000,840180002:144728
MAINTENANCE_ENTRY_BLOCK,1632871800000,1632873300000,DAILY_SERVER_CLOSE_20210929_0000_0005
MAINTENANCE_FORCE_FLAT,1632873300000,1632873900000,DAILY_SERVER_CLOSE_20210929_0000_0005
MAINTENANCE_RECOVERY,1632873900000,1632874800000,DAILY_SERVER_CLOSE_20210929_0000_0005
KINGEA_ENTRY_BLACKOUT,1632934800000,1632937500000,840200001:153676
BROKER_HMR_SCHEDULED,1632935700000,1632936900000,840200001:153676
KINGEA_ENTRY_BLACKOUT,1632939300000,1632942000000,840050022:155177
BROKER_HMR_SCHEDULED,1632940200000,1632941400000,840050022:155177
MAINTENANCE_ENTRY_BLOCK,1632958200000,1632959700000,DAILY_SERVER_CLOSE_20210930_0000_0005
MAINTENANCE_FORCE_FLAT,1632959700000,1632960300000,DAILY_SERVER_CLOSE_20210930_0000_0005
MAINTENANCE_RECOVERY,1632960300000,1632961200000,DAILY_SERVER_CLOSE_20210930_0000_0005
KINGEA_ENTRY_BLACKOUT,1633014000000,1633016700000,840010007:147975
KINGEA_ENTRY_BLACKOUT,1633014000000,1633016700000,840010018:147999
KINGEA_ENTRY_BLACKOUT,1633014000000,1633016700000,840140001:153852
BROKER_HMR_SCHEDULED,1633014900000,1633016100000,840010007:147975
BROKER_HMR_SCHEDULED,1633014900000,1633016100000,840010018:147999
BROKER_HMR_SCHEDULED,1633014900000,1633016100000,840140001:153852
KINGEA_ENTRY_BLACKOUT,1633018500000,1633021200000,840510001:153103
BROKER_HMR_SCHEDULED,1633019400000,1633020600000,840510001:153103
KINGEA_ENTRY_BLACKOUT,1633019400000,1633022100000,840050021:155302
BROKER_HMR_SCHEDULED,1633020300000,1633021500000,840050021:155302
MAINTENANCE_ENTRY_BLOCK,1633044600000,1633046100000,DAILY_SERVER_CLOSE_20211001_0000_0005
MAINTENANCE_FORCE_FLAT,1633046100000,1633046700000,DAILY_SERVER_CLOSE_20211001_0000_0005
MAINTENANCE_RECOVERY,1633046700000,1633047600000,DAILY_SERVER_CLOSE_20211001_0000_0005
KINGEA_ENTRY_BLACKOUT,1633100400000,1633103100000,840010001:138518
KINGEA_ENTRY_BLACKOUT,1633100400000,1633103100000,840010002:138530
BROKER_HMR_SCHEDULED,1633101300000,1633102500000,840010001:138518
BROKER_HMR_SCHEDULED,1633101300000,1633102500000,840010002:138530
KINGEA_ENTRY_BLACKOUT,1633104900000,1633107600000,840500001:154697
BROKER_HMR_SCHEDULED,1633105800000,1633107000000,840500001:154697
KINGEA_ENTRY_BLACKOUT,1633105800000,1633108500000,840040001:142364
KINGEA_ENTRY_BLACKOUT,1633105800000,1633108500000,840040002:142376
BROKER_HMR_SCHEDULED,1633106700000,1633107900000,840040001:142364
BROKER_HMR_SCHEDULED,1633106700000,1633107900000,840040002:142376
MAINTENANCE_ENTRY_BLOCK,1633131000000,1633132500000,DAILY_SERVER_CLOSE_20211002_0000_0005
MAINTENANCE_FORCE_FLAT,1633132500000,1633133100000,DAILY_SERVER_CLOSE_20211002_0000_0005
MAINTENANCE_RECOVERY,1633133100000,1633134000000,DAILY_SERVER_CLOSE_20211002_0000_0005
MAINTENANCE_ENTRY_BLOCK,1633217400000,1633218900000,DAILY_SERVER_CLOSE_20211003_0000_0005
MAINTENANCE_ENTRY_BLOCK,1633217940000,1633219440000,SUNDAY_SERVER_CLOSE_20211003_0009_0019
MAINTENANCE_FORCE_FLAT,1633218900000,1633219500000,DAILY_SERVER_CLOSE_20211003_0000_0005
MAINTENANCE_FORCE_FLAT,1633219440000,1633220340000,SUNDAY_SERVER_CLOSE_20211003_0009_0019
MAINTENANCE_RECOVERY,1633219500000,1633220400000,DAILY_SERVER_CLOSE_20211003_0000_0005
MAINTENANCE_RECOVERY,1633220340000,1633221240000,SUNDAY_SERVER_CLOSE_20211003_0009_0019
MAINTENANCE_ENTRY_BLOCK,1633303800000,1633305300000,DAILY_SERVER_CLOSE_20211004_0000_0005
MAINTENANCE_FORCE_FLAT,1633305300000,1633305900000,DAILY_SERVER_CLOSE_20211004_0000_0005
MAINTENANCE_RECOVERY,1633305900000,1633306800000,DAILY_SERVER_CLOSE_20211004_0000_0005
MAINTENANCE_ENTRY_BLOCK,1633390200000,1633391700000,DAILY_SERVER_CLOSE_20211005_0000_0005
MAINTENANCE_FORCE_FLAT,1633391700000,1633392300000,DAILY_SERVER_CLOSE_20211005_0000_0005
MAINTENANCE_RECOVERY,1633392300000,1633393200000,DAILY_SERVER_CLOSE_20211005_0000_0005
KINGEA_ENTRY_BLACKOUT,1633450500000,1633453200000,840500002:154852
BROKER_HMR_SCHEDULED,1633451400000,1633452600000,840500002:154852
KINGEA_ENTRY_BLACKOUT,1633451400000,1633454100000,840040003:142389
KINGEA_ENTRY_BLACKOUT,1633451400000,1633454100000,840040008:142458
BROKER_HMR_SCHEDULED,1633452300000,1633453500000,840040003:142389
BROKER_HMR_SCHEDULED,1633452300000,1633453500000,840040008:142458
MAINTENANCE_ENTRY_BLOCK,1633476600000,1633478100000,DAILY_SERVER_CLOSE_20211006_0000_0005
MAINTENANCE_FORCE_FLAT,1633478100000,1633478700000,DAILY_SERVER_CLOSE_20211006_0000_0005
MAINTENANCE_RECOVERY,1633478700000,1633479600000,DAILY_SERVER_CLOSE_20211006_0000_0005
KINGEA_ENTRY_BLACKOUT,1633531500000,1633534200000,840190001:143375
BROKER_HMR_SCHEDULED,1633532400000,1633533600000,840190001:143375
KINGEA_ENTRY_BLACKOUT,1633539600000,1633542300000,840200001:154076
BROKER_HMR_SCHEDULED,1633540500000,1633541700000,840200001:154076
MAINTENANCE_ENTRY_BLOCK,1633563000000,1633564500000,DAILY_SERVER_CLOSE_20211007_0000_0005
MAINTENANCE_FORCE_FLAT,1633564500000,1633565100000,DAILY_SERVER_CLOSE_20211007_0000_0005
MAINTENANCE_RECOVERY,1633565100000,1633566000000,DAILY_SERVER_CLOSE_20211007_0000_0005
KINGEA_ENTRY_BLACKOUT,1633618800000,1633621500000,840140001:154699
BROKER_HMR_SCHEDULED,1633619700000,1633620900000,840140001:154699
MAINTENANCE_ENTRY_BLOCK,1633649400000,1633650900000,DAILY_SERVER_CLOSE_20211008_0000_0005
MAINTENANCE_FORCE_FLAT,1633650900000,1633651500000,DAILY_SERVER_CLOSE_20211008_0000_0005
MAINTENANCE_RECOVERY,1633651500000,1633652400000,DAILY_SERVER_CLOSE_20211008_0000_0005
KINGEA_ENTRY_BLACKOUT,1633705200000,1633707900000,840030015:140298
KINGEA_ENTRY_BLACKOUT,1633705200000,1633707900000,840030016:140310
KINGEA_ENTRY_BLACKOUT,1633705200000,1633707900000,840030018:140334
BROKER_HMR_SCHEDULED,1633706100000,1633707300000,840030015:140298
BROKER_HMR_SCHEDULED,1633706100000,1633707300000,840030016:140310
BROKER_HMR_SCHEDULED,1633706100000,1633707300000,840030018:140334
MAINTENANCE_ENTRY_BLOCK,1633735800000,1633737300000,DAILY_SERVER_CLOSE_20211009_0000_0005
MAINTENANCE_FORCE_FLAT,1633737300000,1633737900000,DAILY_SERVER_CLOSE_20211009_0000_0005
MAINTENANCE_RECOVERY,1633737900000,1633738800000,DAILY_SERVER_CLOSE_20211009_0000_0005
MAINTENANCE_ENTRY_BLOCK,1633822200000,1633823700000,DAILY_SERVER_CLOSE_20211010_0000_0005
MAINTENANCE_ENTRY_BLOCK,1633822740000,1633824240000,SUNDAY_SERVER_CLOSE_20211010_0009_0019
MAINTENANCE_FORCE_FLAT,1633823700000,1633824300000,DAILY_SERVER_CLOSE_20211010_0000_0005
MAINTENANCE_FORCE_FLAT,1633824240000,1633825140000,SUNDAY_SERVER_CLOSE_20211010_0009_0019
MAINTENANCE_RECOVERY,1633824300000,1633825200000,DAILY_SERVER_CLOSE_20211010_0000_0005
MAINTENANCE_RECOVERY,1633825140000,1633826040000,SUNDAY_SERVER_CLOSE_20211010_0009_0019
MAINTENANCE_ENTRY_BLOCK,1633908600000,1633910100000,DAILY_SERVER_CLOSE_20211011_0000_0005
MAINTENANCE_FORCE_FLAT,1633910100000,1633910700000,DAILY_SERVER_CLOSE_20211011_0000_0005
MAINTENANCE_RECOVERY,1633910700000,1633911600000,DAILY_SERVER_CLOSE_20211011_0000_0005
MAINTENANCE_ENTRY_BLOCK,1633995000000,1633996500000,DAILY_SERVER_CLOSE_20211012_0000_0005
MAINTENANCE_FORCE_FLAT,1633996500000,1633997100000,DAILY_SERVER_CLOSE_20211012_0000_0005
MAINTENANCE_RECOVERY,1633997100000,1633998000000,DAILY_SERVER_CLOSE_20211012_0000_0005
KINGEA_ENTRY_BLACKOUT,1634056200000,1634058900000,840030021:142673
BROKER_HMR_SCHEDULED,1634057100000,1634058300000,840030021:142673
KINGEA_ENTRY_BLACKOUT,1634067000000,1634069700000,840220014:151947
BROKER_HMR_SCHEDULED,1634067900000,1634069100000,840220014:151947
MAINTENANCE_ENTRY_BLOCK,1634081400000,1634082900000,DAILY_SERVER_CLOSE_20211013_0000_0005
MAINTENANCE_FORCE_FLAT,1634082900000,1634083500000,DAILY_SERVER_CLOSE_20211013_0000_0005
MAINTENANCE_RECOVERY,1634083500000,1634084400000,DAILY_SERVER_CLOSE_20211013_0000_0005
KINGEA_ENTRY_BLACKOUT,1634137200000,1634139900000,840030005:140174
KINGEA_ENTRY_BLACKOUT,1634137200000,1634139900000,840030006:140186
KINGEA_ENTRY_BLACKOUT,1634137200000,1634139900000,840030007:140198
KINGEA_ENTRY_BLACKOUT,1634137200000,1634139900000,840030034:140482
KINGEA_ENTRY_BLACKOUT,1634137200000,1634139900000,840030035:140494
BROKER_HMR_SCHEDULED,1634138100000,1634139300000,840030005:140174
BROKER_HMR_SCHEDULED,1634138100000,1634139300000,840030006:140186
BROKER_HMR_SCHEDULED,1634138100000,1634139300000,840030007:140198
BROKER_HMR_SCHEDULED,1634138100000,1634139300000,840030034:140482
BROKER_HMR_SCHEDULED,1634138100000,1634139300000,840030035:140494
KINGEA_ENTRY_BLACKOUT,1634153400000,1634156100000,840220015:151950
BROKER_HMR_SCHEDULED,1634154300000,1634155500000,840220015:151950
MAINTENANCE_ENTRY_BLOCK,1634167800000,1634169300000,DAILY_SERVER_CLOSE_20211014_0000_0005
MAINTENANCE_FORCE_FLAT,1634169300000,1634169900000,DAILY_SERVER_CLOSE_20211014_0000_0005
MAINTENANCE_RECOVERY,1634169900000,1634170800000,DAILY_SERVER_CLOSE_20211014_0000_0005
KINGEA_ENTRY_BLACKOUT,1634223600000,1634226300000,840030001:140121
KINGEA_ENTRY_BLACKOUT,1634223600000,1634226300000,840140001:154700
BROKER_HMR_SCHEDULED,1634224500000,1634225700000,840030001:140121
BROKER_HMR_SCHEDULED,1634224500000,1634225700000,840140001:154700
KINGEA_ENTRY_BLACKOUT,1634232600000,1634235300000,840200001:154291
BROKER_HMR_SCHEDULED,1634233500000,1634234700000,840200001:154291
MAINTENANCE_ENTRY_BLOCK,1634254200000,1634255700000,DAILY_SERVER_CLOSE_20211015_0000_0005
MAINTENANCE_FORCE_FLAT,1634255700000,1634256300000,DAILY_SERVER_CLOSE_20211015_0000_0005
MAINTENANCE_RECOVERY,1634256300000,1634257200000,DAILY_SERVER_CLOSE_20211015_0000_0005
KINGEA_ENTRY_BLACKOUT,1634310000000,1634312700000,840020010:139237
KINGEA_ENTRY_BLACKOUT,1634310000000,1634312700000,840020011:139249
BROKER_HMR_SCHEDULED,1634310900000,1634312100000,840020010:139237
BROKER_HMR_SCHEDULED,1634310900000,1634312100000,840020011:139249
MAINTENANCE_ENTRY_BLOCK,1634340600000,1634342100000,DAILY_SERVER_CLOSE_20211016_0000_0005
MAINTENANCE_FORCE_FLAT,1634342100000,1634342700000,DAILY_SERVER_CLOSE_20211016_0000_0005
MAINTENANCE_RECOVERY,1634342700000,1634343600000,DAILY_SERVER_CLOSE_20211016_0000_0005
MAINTENANCE_ENTRY_BLOCK,1634427000000,1634428500000,DAILY_SERVER_CLOSE_20211017_0000_0005
MAINTENANCE_ENTRY_BLOCK,1634427540000,1634429040000,SUNDAY_SERVER_CLOSE_20211017_0009_0019
MAINTENANCE_FORCE_FLAT,1634428500000,1634429100000,DAILY_SERVER_CLOSE_20211017_0000_0005
MAINTENANCE_FORCE_FLAT,1634429040000,1634429940000,SUNDAY_SERVER_CLOSE_20211017_0009_0019
MAINTENANCE_RECOVERY,1634429100000,1634430000000,DAILY_SERVER_CLOSE_20211017_0000_0005
MAINTENANCE_RECOVERY,1634429940000,1634430840000,SUNDAY_SERVER_CLOSE_20211017_0009_0019
MAINTENANCE_ENTRY_BLOCK,1634513400000,1634514900000,DAILY_SERVER_CLOSE_20211018_0000_0005
MAINTENANCE_FORCE_FLAT,1634514900000,1634515500000,DAILY_SERVER_CLOSE_20211018_0000_0005
MAINTENANCE_RECOVERY,1634515500000,1634516400000,DAILY_SERVER_CLOSE_20211018_0000_0005
MAINTENANCE_ENTRY_BLOCK,1634599800000,1634601300000,DAILY_SERVER_CLOSE_20211019_0000_0005
MAINTENANCE_FORCE_FLAT,1634601300000,1634601900000,DAILY_SERVER_CLOSE_20211019_0000_0005
MAINTENANCE_RECOVERY,1634601900000,1634602800000,DAILY_SERVER_CLOSE_20211019_0000_0005
MAINTENANCE_ENTRY_BLOCK,1634686200000,1634687700000,DAILY_SERVER_CLOSE_20211020_0000_0005
MAINTENANCE_FORCE_FLAT,1634687700000,1634688300000,DAILY_SERVER_CLOSE_20211020_0000_0005
MAINTENANCE_RECOVERY,1634688300000,1634689200000,DAILY_SERVER_CLOSE_20211020_0000_0005
KINGEA_ENTRY_BLACKOUT,1634749200000,1634751900000,840200001:154347
BROKER_HMR_SCHEDULED,1634750100000,1634751300000,840200001:154347
MAINTENANCE_ENTRY_BLOCK,1634772600000,1634774100000,DAILY_SERVER_CLOSE_20211021_0000_0005
MAINTENANCE_FORCE_FLAT,1634774100000,1634774700000,DAILY_SERVER_CLOSE_20211021_0000_0005
MAINTENANCE_RECOVERY,1634774700000,1634775600000,DAILY_SERVER_CLOSE_20211021_0000_0005
KINGEA_ENTRY_BLACKOUT,1634828400000,1634831100000,840070001:141096
KINGEA_ENTRY_BLACKOUT,1634828400000,1634831100000,840140001:154701
BROKER_HMR_SCHEDULED,1634829300000,1634830500000,840070001:141096
BROKER_HMR_SCHEDULED,1634829300000,1634830500000,840140001:154701
KINGEA_ENTRY_BLACKOUT,1634833800000,1634836500000,840120001:140949
BROKER_HMR_SCHEDULED,1634834700000,1634835900000,840120001:140949
MAINTENANCE_ENTRY_BLOCK,1634859000000,1634860500000,DAILY_SERVER_CLOSE_20211022_0000_0005
MAINTENANCE_FORCE_FLAT,1634860500000,1634861100000,DAILY_SERVER_CLOSE_20211022_0000_0005
MAINTENANCE_RECOVERY,1634861100000,1634862000000,DAILY_SERVER_CLOSE_20211022_0000_0005
KINGEA_ENTRY_BLACKOUT,1634919300000,1634922000000,840500001:155139
KINGEA_ENTRY_BLACKOUT,1634919300000,1634922000000,840500002:155140
BROKER_HMR_SCHEDULED,1634920200000,1634921400000,840500001:155139
BROKER_HMR_SCHEDULED,1634920200000,1634921400000,840500002:155140
KINGEA_ENTRY_BLACKOUT,1634923800000,1634926500000,840050022:156384
BROKER_HMR_SCHEDULED,1634924700000,1634925900000,840050022:156384
MAINTENANCE_ENTRY_BLOCK,1634945400000,1634946900000,DAILY_SERVER_CLOSE_20211023_0000_0005
MAINTENANCE_FORCE_FLAT,1634946900000,1634947500000,DAILY_SERVER_CLOSE_20211023_0000_0005
MAINTENANCE_RECOVERY,1634947500000,1634948400000,DAILY_SERVER_CLOSE_20211023_0000_0005
MAINTENANCE_ENTRY_BLOCK,1635031800000,1635033300000,DAILY_SERVER_CLOSE_20211024_0000_0005
MAINTENANCE_ENTRY_BLOCK,1635032340000,1635033840000,SUNDAY_SERVER_CLOSE_20211024_0009_0019
MAINTENANCE_FORCE_FLAT,1635033300000,1635033900000,DAILY_SERVER_CLOSE_20211024_0000_0005
MAINTENANCE_FORCE_FLAT,1635033840000,1635034740000,SUNDAY_SERVER_CLOSE_20211024_0009_0019
MAINTENANCE_RECOVERY,1635033900000,1635034800000,DAILY_SERVER_CLOSE_20211024_0000_0005
MAINTENANCE_RECOVERY,1635034740000,1635035640000,SUNDAY_SERVER_CLOSE_20211024_0009_0019
MAINTENANCE_ENTRY_BLOCK,1635118200000,1635119700000,DAILY_SERVER_CLOSE_20211025_0000_0005
MAINTENANCE_FORCE_FLAT,1635119700000,1635120300000,DAILY_SERVER_CLOSE_20211025_0000_0005
MAINTENANCE_RECOVERY,1635120300000,1635121200000,DAILY_SERVER_CLOSE_20211025_0000_0005
MAINTENANCE_ENTRY_BLOCK,1635204600000,1635206100000,DAILY_SERVER_CLOSE_20211026_0000_0005
MAINTENANCE_FORCE_FLAT,1635206100000,1635206700000,DAILY_SERVER_CLOSE_20211026_0000_0005
MAINTENANCE_RECOVERY,1635206700000,1635207600000,DAILY_SERVER_CLOSE_20211026_0000_0005
KINGEA_ENTRY_BLACKOUT,1635265800000,1635268500000,840020008:139213
KINGEA_ENTRY_BLACKOUT,1635265800000,1635268500000,840180002:144729
BROKER_HMR_SCHEDULED,1635266700000,1635267900000,840020008:139213
BROKER_HMR_SCHEDULED,1635266700000,1635267900000,840180002:144729
MAINTENANCE_ENTRY_BLOCK,1635291000000,1635292500000,DAILY_SERVER_CLOSE_20211027_0000_0005
MAINTENANCE_FORCE_FLAT,1635292500000,1635293100000,DAILY_SERVER_CLOSE_20211027_0000_0005
MAINTENANCE_RECOVERY,1635293100000,1635294000000,DAILY_SERVER_CLOSE_20211027_0000_0005
KINGEA_ENTRY_BLACKOUT,1635346800000,1635349500000,840020013:139273
BROKER_HMR_SCHEDULED,1635347700000,1635348900000,840020013:139273
KINGEA_ENTRY_BLACKOUT,1635354000000,1635356700000,840200001:154444
BROKER_HMR_SCHEDULED,1635354900000,1635356100000,840200001:154444
MAINTENANCE_ENTRY_BLOCK,1635377400000,1635378900000,DAILY_SERVER_CLOSE_20211028_0000_0005
MAINTENANCE_FORCE_FLAT,1635378900000,1635379500000,DAILY_SERVER_CLOSE_20211028_0000_0005
MAINTENANCE_RECOVERY,1635379500000,1635380400000,DAILY_SERVER_CLOSE_20211028_0000_0005
KINGEA_ENTRY_BLACKOUT,1635433200000,1635435900000,840010007:138588
KINGEA_ENTRY_BLACKOUT,1635433200000,1635435900000,840010018:138647
KINGEA_ENTRY_BLACKOUT,1635433200000,1635435900000,840140001:154702
BROKER_HMR_SCHEDULED,1635434100000,1635435300000,840010007:138588
BROKER_HMR_SCHEDULED,1635434100000,1635435300000,840010018:138647
BROKER_HMR_SCHEDULED,1635434100000,1635435300000,840140001:154702
MAINTENANCE_ENTRY_BLOCK,1635463800000,1635465300000,DAILY_SERVER_CLOSE_20211029_0000_0005
MAINTENANCE_FORCE_FLAT,1635465300000,1635465900000,DAILY_SERVER_CLOSE_20211029_0000_0005
MAINTENANCE_RECOVERY,1635465900000,1635466800000,DAILY_SERVER_CLOSE_20211029_0000_0005
KINGEA_ENTRY_BLACKOUT,1635519600000,1635522300000,840010001:138519
KINGEA_ENTRY_BLACKOUT,1635519600000,1635522300000,840010002:138531
BROKER_HMR_SCHEDULED,1635520500000,1635521700000,840010001:138519
BROKER_HMR_SCHEDULED,1635520500000,1635521700000,840010002:138531
KINGEA_ENTRY_BLACKOUT,1635524100000,1635526800000,840510001:153831
BROKER_HMR_SCHEDULED,1635525000000,1635526200000,840510001:153831
MAINTENANCE_ENTRY_BLOCK,1635550200000,1635551700000,DAILY_SERVER_CLOSE_20211030_0000_0005
MAINTENANCE_FORCE_FLAT,1635551700000,1635552300000,DAILY_SERVER_CLOSE_20211030_0000_0005
MAINTENANCE_RECOVERY,1635552300000,1635553200000,DAILY_SERVER_CLOSE_20211030_0000_0005
MAINTENANCE_ENTRY_BLOCK,1635636600000,1635638100000,DAILY_SERVER_CLOSE_20211031_0000_0005
MAINTENANCE_ENTRY_BLOCK,1635637140000,1635638640000,SUNDAY_SERVER_CLOSE_20211031_0009_0019
MAINTENANCE_FORCE_FLAT,1635638100000,1635638700000,DAILY_SERVER_CLOSE_20211031_0000_0005
MAINTENANCE_FORCE_FLAT,1635638640000,1635639540000,SUNDAY_SERVER_CLOSE_20211031_0009_0019
MAINTENANCE_RECOVERY,1635638700000,1635639600000,DAILY_SERVER_CLOSE_20211031_0000_0005
MAINTENANCE_RECOVERY,1635639540000,1635640440000,SUNDAY_SERVER_CLOSE_20211031_0009_0019
MAINTENANCE_ENTRY_BLOCK,1635723000000,1635724500000,DAILY_SERVER_CLOSE_20211101_0000_0005
MAINTENANCE_FORCE_FLAT,1635724500000,1635725100000,DAILY_SERVER_CLOSE_20211101_0000_0005
MAINTENANCE_RECOVERY,1635725100000,1635726000000,DAILY_SERVER_CLOSE_20211101_0000_0005
KINGEA_ENTRY_BLACKOUT,1635783300000,1635786000000,840500001:155574
BROKER_HMR_SCHEDULED,1635784200000,1635785400000,840500001:155574
KINGEA_ENTRY_BLACKOUT,1635784200000,1635786900000,840040001:142365
KINGEA_ENTRY_BLACKOUT,1635784200000,1635786900000,840040002:142377
BROKER_HMR_SCHEDULED,1635785100000,1635786300000,840040001:142365
BROKER_HMR_SCHEDULED,1635785100000,1635786300000,840040002:142377
MAINTENANCE_ENTRY_BLOCK,1635809400000,1635810900000,DAILY_SERVER_CLOSE_20211102_0000_0005
MAINTENANCE_FORCE_FLAT,1635810900000,1635811500000,DAILY_SERVER_CLOSE_20211102_0000_0005
MAINTENANCE_RECOVERY,1635811500000,1635812400000,DAILY_SERVER_CLOSE_20211102_0000_0005
MAINTENANCE_ENTRY_BLOCK,1635895800000,1635897300000,DAILY_SERVER_CLOSE_20211103_0000_0005
MAINTENANCE_FORCE_FLAT,1635897300000,1635897900000,DAILY_SERVER_CLOSE_20211103_0000_0005
MAINTENANCE_RECOVERY,1635897900000,1635898800000,DAILY_SERVER_CLOSE_20211103_0000_0005
KINGEA_ENTRY_BLACKOUT,1635950700000,1635953400000,840190001:143376
BROKER_HMR_SCHEDULED,1635951600000,1635952800000,840190001:143376
KINGEA_ENTRY_BLACKOUT,1635956100000,1635958800000,840500002:155695
BROKER_HMR_SCHEDULED,1635957000000,1635958200000,840500002:155695
KINGEA_ENTRY_BLACKOUT,1635957000000,1635959700000,840040003:142390
KINGEA_ENTRY_BLACKOUT,1635957000000,1635959700000,840040008:142459
BROKER_HMR_SCHEDULED,1635957900000,1635959100000,840040003:142390
BROKER_HMR_SCHEDULED,1635957900000,1635959100000,840040008:142459
KINGEA_ENTRY_BLACKOUT,1635958800000,1635961500000,840200001:154734
BROKER_HMR_SCHEDULED,1635959700000,1635960900000,840200001:154734
KINGEA_ENTRY_BLACKOUT,1635971400000,1635974100000,840050014:135494
BROKER_HMR_SCHEDULED,1635972300000,1635973500000,840050014:135494
KINGEA_ENTRY_BLACKOUT,1635973200000,1635975900000,840050018:135495
BROKER_HMR_SCHEDULED,1635974100000,1635975300000,840050018:135495
MAINTENANCE_ENTRY_BLOCK,1635982200000,1635983700000,DAILY_SERVER_CLOSE_20211104_0000_0005
MAINTENANCE_FORCE_FLAT,1635983700000,1635984300000,DAILY_SERVER_CLOSE_20211104_0000_0005
MAINTENANCE_RECOVERY,1635984300000,1635985200000,DAILY_SERVER_CLOSE_20211104_0000_0005
KINGEA_ENTRY_BLACKOUT,1636038000000,1636040700000,840140001:155575
BROKER_HMR_SCHEDULED,1636038900000,1636040100000,840140001:155575
MAINTENANCE_ENTRY_BLOCK,1636068600000,1636070100000,DAILY_SERVER_CLOSE_20211105_0000_0005
MAINTENANCE_FORCE_FLAT,1636070100000,1636070700000,DAILY_SERVER_CLOSE_20211105_0000_0005
MAINTENANCE_RECOVERY,1636070700000,1636071600000,DAILY_SERVER_CLOSE_20211105_0000_0005
KINGEA_ENTRY_BLACKOUT,1636124400000,1636127100000,840030015:140299
KINGEA_ENTRY_BLACKOUT,1636124400000,1636127100000,840030016:140311
KINGEA_ENTRY_BLACKOUT,1636124400000,1636127100000,840030018:140335
BROKER_HMR_SCHEDULED,1636125300000,1636126500000,840030015:140299
BROKER_HMR_SCHEDULED,1636125300000,1636126500000,840030016:140311
BROKER_HMR_SCHEDULED,1636125300000,1636126500000,840030018:140335
MAINTENANCE_ENTRY_BLOCK,1636155000000,1636156500000,DAILY_SERVER_CLOSE_20211106_0000_0005
MAINTENANCE_FORCE_FLAT,1636156500000,1636157100000,DAILY_SERVER_CLOSE_20211106_0000_0005
MAINTENANCE_RECOVERY,1636157100000,1636158000000,DAILY_SERVER_CLOSE_20211106_0000_0005
MAINTENANCE_ENTRY_BLOCK,1636241400000,1636242900000,DAILY_SERVER_CLOSE_20211107_0000_0005
MAINTENANCE_ENTRY_BLOCK,1636241940000,1636243440000,SUNDAY_SERVER_CLOSE_20211107_0009_0019
MAINTENANCE_FORCE_FLAT,1636242900000,1636243500000,DAILY_SERVER_CLOSE_20211107_0000_0005
MAINTENANCE_FORCE_FLAT,1636243440000,1636244340000,SUNDAY_SERVER_CLOSE_20211107_0009_0019
MAINTENANCE_RECOVERY,1636243500000,1636244400000,DAILY_SERVER_CLOSE_20211107_0000_0005
MAINTENANCE_RECOVERY,1636244340000,1636245240000,SUNDAY_SERVER_CLOSE_20211107_0009_0019
MAINTENANCE_ENTRY_BLOCK,1636327800000,1636329300000,DAILY_SERVER_CLOSE_20211108_0000_0005
MAINTENANCE_FORCE_FLAT,1636329300000,1636329900000,DAILY_SERVER_CLOSE_20211108_0000_0005
MAINTENANCE_RECOVERY,1636329900000,1636330800000,DAILY_SERVER_CLOSE_20211108_0000_0005
KINGEA_ENTRY_BLACKOUT,1636394400000,1636397100000,840050022:157907
BROKER_HMR_SCHEDULED,1636395300000,1636396500000,840050022:157907
MAINTENANCE_ENTRY_BLOCK,1636414200000,1636415700000,DAILY_SERVER_CLOSE_20211109_0000_0005
MAINTENANCE_FORCE_FLAT,1636415700000,1636416300000,DAILY_SERVER_CLOSE_20211109_0000_0005
MAINTENANCE_RECOVERY,1636416300000,1636417200000,DAILY_SERVER_CLOSE_20211109_0000_0005
KINGEA_ENTRY_BLACKOUT,1636473600000,1636476300000,840030001:140122
BROKER_HMR_SCHEDULED,1636474500000,1636475700000,840030001:140122
KINGEA_ENTRY_BLACKOUT,1636475400000,1636478100000,840050022:157908
BROKER_HMR_SCHEDULED,1636476300000,1636477500000,840050022:157908
KINGEA_ENTRY_BLACKOUT,1636489800000,1636492500000,840220014:154064
BROKER_HMR_SCHEDULED,1636490700000,1636491900000,840220014:154064
MAINTENANCE_ENTRY_BLOCK,1636500600000,1636502100000,DAILY_SERVER_CLOSE_20211110_0000_0005
MAINTENANCE_FORCE_FLAT,1636502100000,1636502700000,DAILY_SERVER_CLOSE_20211110_0000_0005
MAINTENANCE_RECOVERY,1636502700000,1636503600000,DAILY_SERVER_CLOSE_20211110_0000_0005
KINGEA_ENTRY_BLACKOUT,1636560000000,1636562700000,840030005:140175
KINGEA_ENTRY_BLACKOUT,1636560000000,1636562700000,840030006:140187
KINGEA_ENTRY_BLACKOUT,1636560000000,1636562700000,840030007:140203
KINGEA_ENTRY_BLACKOUT,1636560000000,1636562700000,840030034:140483
KINGEA_ENTRY_BLACKOUT,1636560000000,1636562700000,840030035:140495
KINGEA_ENTRY_BLACKOUT,1636560000000,1636562700000,840140001:155576
BROKER_HMR_SCHEDULED,1636560900000,1636562100000,840030005:140175
BROKER_HMR_SCHEDULED,1636560900000,1636562100000,840030006:140187
BROKER_HMR_SCHEDULED,1636560900000,1636562100000,840030007:140203
BROKER_HMR_SCHEDULED,1636560900000,1636562100000,840030034:140483
BROKER_HMR_SCHEDULED,1636560900000,1636562100000,840030035:140495
BROKER_HMR_SCHEDULED,1636560900000,1636562100000,840140001:155576
KINGEA_ENTRY_BLACKOUT,1636567200000,1636569900000,840200001:154931
BROKER_HMR_SCHEDULED,1636568100000,1636569300000,840200001:154931
KINGEA_ENTRY_BLACKOUT,1636576200000,1636578900000,840220015:154067
BROKER_HMR_SCHEDULED,1636577100000,1636578300000,840220015:154067
MAINTENANCE_ENTRY_BLOCK,1636587000000,1636588500000,DAILY_SERVER_CLOSE_20211111_0000_0005
MAINTENANCE_FORCE_FLAT,1636588500000,1636589100000,DAILY_SERVER_CLOSE_20211111_0000_0005
MAINTENANCE_RECOVERY,1636589100000,1636590000000,DAILY_SERVER_CLOSE_20211111_0000_0005
MAINTENANCE_ENTRY_BLOCK,1636673400000,1636674900000,DAILY_SERVER_CLOSE_20211112_0000_0005
MAINTENANCE_FORCE_FLAT,1636674900000,1636675500000,DAILY_SERVER_CLOSE_20211112_0000_0005
MAINTENANCE_RECOVERY,1636675500000,1636676400000,DAILY_SERVER_CLOSE_20211112_0000_0005
KINGEA_ENTRY_BLACKOUT,1636738200000,1636740900000,840030021:142674
BROKER_HMR_SCHEDULED,1636739100000,1636740300000,840030021:142674
MAINTENANCE_ENTRY_BLOCK,1636759800000,1636761300000,DAILY_SERVER_CLOSE_20211113_0000_0005
MAINTENANCE_FORCE_FLAT,1636761300000,1636761900000,DAILY_SERVER_CLOSE_20211113_0000_0005
MAINTENANCE_RECOVERY,1636761900000,1636762800000,DAILY_SERVER_CLOSE_20211113_0000_0005
MAINTENANCE_ENTRY_BLOCK,1636846200000,1636847700000,DAILY_SERVER_CLOSE_20211114_0000_0005
MAINTENANCE_ENTRY_BLOCK,1636846740000,1636848240000,SUNDAY_SERVER_CLOSE_20211114_0009_0019
MAINTENANCE_FORCE_FLAT,1636847700000,1636848300000,DAILY_SERVER_CLOSE_20211114_0000_0005
MAINTENANCE_FORCE_FLAT,1636848240000,1636849140000,SUNDAY_SERVER_CLOSE_20211114_0009_0019
MAINTENANCE_RECOVERY,1636848300000,1636849200000,DAILY_SERVER_CLOSE_20211114_0000_0005
MAINTENANCE_RECOVERY,1636849140000,1636850040000,SUNDAY_SERVER_CLOSE_20211114_0009_0019
MAINTENANCE_ENTRY_BLOCK,1636932600000,1636934100000,DAILY_SERVER_CLOSE_20211115_0000_0005
MAINTENANCE_FORCE_FLAT,1636934100000,1636934700000,DAILY_SERVER_CLOSE_20211115_0000_0005
MAINTENANCE_RECOVERY,1636934700000,1636935600000,DAILY_SERVER_CLOSE_20211115_0000_0005
MAINTENANCE_ENTRY_BLOCK,1637019000000,1637020500000,DAILY_SERVER_CLOSE_20211116_0000_0005
MAINTENANCE_FORCE_FLAT,1637020500000,1637021100000,DAILY_SERVER_CLOSE_20211116_0000_0005
MAINTENANCE_RECOVERY,1637021100000,1637022000000,DAILY_SERVER_CLOSE_20211116_0000_0005
KINGEA_ENTRY_BLACKOUT,1637078400000,1637081100000,840020010:139238
KINGEA_ENTRY_BLACKOUT,1637078400000,1637081100000,840020011:139250
BROKER_HMR_SCHEDULED,1637079300000,1637080500000,840020010:139238
BROKER_HMR_SCHEDULED,1637079300000,1637080500000,840020011:139250
MAINTENANCE_ENTRY_BLOCK,1637105400000,1637106900000,DAILY_SERVER_CLOSE_20211117_0000_0005
MAINTENANCE_FORCE_FLAT,1637106900000,1637107500000,DAILY_SERVER_CLOSE_20211117_0000_0005
MAINTENANCE_RECOVERY,1637107500000,1637108400000,DAILY_SERVER_CLOSE_20211117_0000_0005
KINGEA_ENTRY_BLACKOUT,1637172000000,1637174700000,840200001:155044
BROKER_HMR_SCHEDULED,1637172900000,1637174100000,840200001:155044
MAINTENANCE_ENTRY_BLOCK,1637191800000,1637193300000,DAILY_SERVER_CLOSE_20211118_0000_0005
MAINTENANCE_FORCE_FLAT,1637193300000,1637193900000,DAILY_SERVER_CLOSE_20211118_0000_0005
MAINTENANCE_RECOVERY,1637193900000,1637194800000,DAILY_SERVER_CLOSE_20211118_0000_0005
KINGEA_ENTRY_BLACKOUT,1637251200000,1637253900000,840070001:141097
KINGEA_ENTRY_BLACKOUT,1637251200000,1637253900000,840140001:155577
BROKER_HMR_SCHEDULED,1637252100000,1637253300000,840070001:141097
BROKER_HMR_SCHEDULED,1637252100000,1637253300000,840140001:155577
MAINTENANCE_ENTRY_BLOCK,1637278200000,1637279700000,DAILY_SERVER_CLOSE_20211119_0000_0005
MAINTENANCE_FORCE_FLAT,1637279700000,1637280300000,DAILY_SERVER_CLOSE_20211119_0000_0005
MAINTENANCE_RECOVERY,1637280300000,1637281200000,DAILY_SERVER_CLOSE_20211119_0000_0005
MAINTENANCE_ENTRY_BLOCK,1637364600000,1637366100000,DAILY_SERVER_CLOSE_20211120_0000_0005
MAINTENANCE_FORCE_FLAT,1637366100000,1637366700000,DAILY_SERVER_CLOSE_20211120_0000_0005
MAINTENANCE_RECOVERY,1637366700000,1637367600000,DAILY_SERVER_CLOSE_20211120_0000_0005
MAINTENANCE_ENTRY_BLOCK,1637451000000,1637452500000,DAILY_SERVER_CLOSE_20211121_0000_0005
MAINTENANCE_ENTRY_BLOCK,1637451540000,1637453040000,SUNDAY_SERVER_CLOSE_20211121_0009_0019
MAINTENANCE_FORCE_FLAT,1637452500000,1637453100000,DAILY_SERVER_CLOSE_20211121_0000_0005
MAINTENANCE_FORCE_FLAT,1637453040000,1637453940000,SUNDAY_SERVER_CLOSE_20211121_0009_0019
MAINTENANCE_RECOVERY,1637453100000,1637454000000,DAILY_SERVER_CLOSE_20211121_0000_0005
MAINTENANCE_RECOVERY,1637453940000,1637454840000,SUNDAY_SERVER_CLOSE_20211121_0009_0019
MAINTENANCE_ENTRY_BLOCK,1637537400000,1637538900000,DAILY_SERVER_CLOSE_20211122_0000_0005
MAINTENANCE_FORCE_FLAT,1637538900000,1637539500000,DAILY_SERVER_CLOSE_20211122_0000_0005
MAINTENANCE_RECOVERY,1637539500000,1637540400000,DAILY_SERVER_CLOSE_20211122_0000_0005
KINGEA_ENTRY_BLACKOUT,1637602200000,1637604900000,840120001:140950
BROKER_HMR_SCHEDULED,1637603100000,1637604300000,840120001:140950
MAINTENANCE_ENTRY_BLOCK,1637623800000,1637625300000,DAILY_SERVER_CLOSE_20211123_0000_0005
MAINTENANCE_FORCE_FLAT,1637625300000,1637625900000,DAILY_SERVER_CLOSE_20211123_0000_0005
MAINTENANCE_RECOVERY,1637625900000,1637626800000,DAILY_SERVER_CLOSE_20211123_0000_0005
KINGEA_ENTRY_BLACKOUT,1637687700000,1637690400000,840500001:156903
KINGEA_ENTRY_BLACKOUT,1637687700000,1637690400000,840500002:156904
BROKER_HMR_SCHEDULED,1637688600000,1637689800000,840500001:156903
BROKER_HMR_SCHEDULED,1637688600000,1637689800000,840500002:156904
MAINTENANCE_ENTRY_BLOCK,1637710200000,1637711700000,DAILY_SERVER_CLOSE_20211124_0000_0005
MAINTENANCE_FORCE_FLAT,1637711700000,1637712300000,DAILY_SERVER_CLOSE_20211124_0000_0005
MAINTENANCE_RECOVERY,1637712300000,1637713200000,DAILY_SERVER_CLOSE_20211124_0000_0005
KINGEA_ENTRY_BLACKOUT,1637769600000,1637772300000,840010007:138589
KINGEA_ENTRY_BLACKOUT,1637769600000,1637772300000,840010018:138648
KINGEA_ENTRY_BLACKOUT,1637769600000,1637772300000,840020013:139274
KINGEA_ENTRY_BLACKOUT,1637769600000,1637772300000,840140001:155578
BROKER_HMR_SCHEDULED,1637770500000,1637771700000,840010007:138589
BROKER_HMR_SCHEDULED,1637770500000,1637771700000,840010018:138648
BROKER_HMR_SCHEDULED,1637770500000,1637771700000,840020013:139274
BROKER_HMR_SCHEDULED,1637770500000,1637771700000,840140001:155578
KINGEA_ENTRY_BLACKOUT,1637775000000,1637777700000,840010001:138520
KINGEA_ENTRY_BLACKOUT,1637775000000,1637777700000,840010002:138532
KINGEA_ENTRY_BLACKOUT,1637775000000,1637777700000,840020008:139214
BROKER_HMR_SCHEDULED,1637775900000,1637777100000,840010001:138520
BROKER_HMR_SCHEDULED,1637775900000,1637777100000,840010002:138532
BROKER_HMR_SCHEDULED,1637775900000,1637777100000,840020008:139214
KINGEA_ENTRY_BLACKOUT,1637776800000,1637779500000,840200001:155147
BROKER_HMR_SCHEDULED,1637777700000,1637778900000,840200001:155147
MAINTENANCE_ENTRY_BLOCK,1637796600000,1637798100000,DAILY_SERVER_CLOSE_20211125_0000_0005
MAINTENANCE_FORCE_FLAT,1637798100000,1637798700000,DAILY_SERVER_CLOSE_20211125_0000_0005
MAINTENANCE_RECOVERY,1637798700000,1637799600000,DAILY_SERVER_CLOSE_20211125_0000_0005
MAINTENANCE_ENTRY_BLOCK,1637883000000,1637884500000,DAILY_SERVER_CLOSE_20211126_0000_0005
MAINTENANCE_FORCE_FLAT,1637884500000,1637885100000,DAILY_SERVER_CLOSE_20211126_0000_0005
MAINTENANCE_RECOVERY,1637885100000,1637886000000,DAILY_SERVER_CLOSE_20211126_0000_0005
MAINTENANCE_ENTRY_BLOCK,1637969400000,1637970900000,DAILY_SERVER_CLOSE_20211127_0000_0005
MAINTENANCE_FORCE_FLAT,1637970900000,1637971500000,DAILY_SERVER_CLOSE_20211127_0000_0005
MAINTENANCE_RECOVERY,1637971500000,1637972400000,DAILY_SERVER_CLOSE_20211127_0000_0005
MAINTENANCE_ENTRY_BLOCK,1638055800000,1638057300000,DAILY_SERVER_CLOSE_20211128_0000_0005
MAINTENANCE_ENTRY_BLOCK,1638056340000,1638057840000,SUNDAY_SERVER_CLOSE_20211128_0009_0019
MAINTENANCE_FORCE_FLAT,1638057300000,1638057900000,DAILY_SERVER_CLOSE_20211128_0000_0005
MAINTENANCE_FORCE_FLAT,1638057840000,1638058740000,SUNDAY_SERVER_CLOSE_20211128_0009_0019
MAINTENANCE_RECOVERY,1638057900000,1638058800000,DAILY_SERVER_CLOSE_20211128_0000_0005
MAINTENANCE_RECOVERY,1638058740000,1638059640000,SUNDAY_SERVER_CLOSE_20211128_0009_0019
MAINTENANCE_ENTRY_BLOCK,1638142200000,1638143700000,DAILY_SERVER_CLOSE_20211129_0000_0005
MAINTENANCE_FORCE_FLAT,1638143700000,1638144300000,DAILY_SERVER_CLOSE_20211129_0000_0005
MAINTENANCE_RECOVERY,1638144300000,1638145200000,DAILY_SERVER_CLOSE_20211129_0000_0005
KINGEA_ENTRY_BLACKOUT,1638225300000,1638228000000,840050022:159210
BROKER_HMR_SCHEDULED,1638226200000,1638227400000,840050022:159210
MAINTENANCE_ENTRY_BLOCK,1638228600000,1638230100000,DAILY_SERVER_CLOSE_20211130_0000_0005
MAINTENANCE_FORCE_FLAT,1638230100000,1638230700000,DAILY_SERVER_CLOSE_20211130_0000_0005
MAINTENANCE_RECOVERY,1638230700000,1638231600000,DAILY_SERVER_CLOSE_20211130_0000_0005
KINGEA_ENTRY_BLACKOUT,1638292500000,1638295200000,840510001:154680
BROKER_HMR_SCHEDULED,1638293400000,1638294600000,840510001:154680
KINGEA_ENTRY_BLACKOUT,1638293400000,1638296100000,840050021:159281
KINGEA_ENTRY_BLACKOUT,1638293400000,1638296100000,840180002:144730
BROKER_HMR_SCHEDULED,1638294300000,1638295500000,840050021:159281
BROKER_HMR_SCHEDULED,1638294300000,1638295500000,840180002:144730
MAINTENANCE_ENTRY_BLOCK,1638315000000,1638316500000,DAILY_SERVER_CLOSE_20211201_0000_0005
MAINTENANCE_FORCE_FLAT,1638316500000,1638317100000,DAILY_SERVER_CLOSE_20211201_0000_0005
MAINTENANCE_RECOVERY,1638317100000,1638318000000,DAILY_SERVER_CLOSE_20211201_0000_0005
KINGEA_ENTRY_BLACKOUT,1638373500000,1638376200000,840190001:143377
BROKER_HMR_SCHEDULED,1638374400000,1638375600000,840190001:143377
KINGEA_ENTRY_BLACKOUT,1638378900000,1638381600000,840500001:157299
BROKER_HMR_SCHEDULED,1638379800000,1638381000000,840500001:157299
KINGEA_ENTRY_BLACKOUT,1638379800000,1638382500000,840040001:142366
KINGEA_ENTRY_BLACKOUT,1638379800000,1638382500000,840040002:142378
KINGEA_ENTRY_BLACKOUT,1638379800000,1638382500000,840050021:159325
BROKER_HMR_SCHEDULED,1638380700000,1638381900000,840040001:142366
BROKER_HMR_SCHEDULED,1638380700000,1638381900000,840040002:142378
BROKER_HMR_SCHEDULED,1638380700000,1638381900000,840050021:159325
KINGEA_ENTRY_BLACKOUT,1638381600000,1638384300000,840200001:155309
BROKER_HMR_SCHEDULED,1638382500000,1638383700000,840200001:155309
MAINTENANCE_ENTRY_BLOCK,1638401400000,1638402900000,DAILY_SERVER_CLOSE_20211202_0000_0005
MAINTENANCE_FORCE_FLAT,1638402900000,1638403500000,DAILY_SERVER_CLOSE_20211202_0000_0005
MAINTENANCE_RECOVERY,1638403500000,1638404400000,DAILY_SERVER_CLOSE_20211202_0000_0005
KINGEA_ENTRY_BLACKOUT,1638460800000,1638463500000,840140001:157301
BROKER_HMR_SCHEDULED,1638461700000,1638462900000,840140001:157301
MAINTENANCE_ENTRY_BLOCK,1638487800000,1638489300000,DAILY_SERVER_CLOSE_20211203_0000_0005
MAINTENANCE_FORCE_FLAT,1638489300000,1638489900000,DAILY_SERVER_CLOSE_20211203_0000_0005
MAINTENANCE_RECOVERY,1638489900000,1638490800000,DAILY_SERVER_CLOSE_20211203_0000_0005
KINGEA_ENTRY_BLACKOUT,1638547200000,1638549900000,840030015:140300
KINGEA_ENTRY_BLACKOUT,1638547200000,1638549900000,840030016:140312
KINGEA_ENTRY_BLACKOUT,1638547200000,1638549900000,840030018:140336
BROKER_HMR_SCHEDULED,1638548100000,1638549300000,840030015:140300
BROKER_HMR_SCHEDULED,1638548100000,1638549300000,840030016:140312
BROKER_HMR_SCHEDULED,1638548100000,1638549300000,840030018:140336
KINGEA_ENTRY_BLACKOUT,1638551700000,1638554400000,840500002:157637
BROKER_HMR_SCHEDULED,1638552600000,1638553800000,840500002:157637
KINGEA_ENTRY_BLACKOUT,1638552600000,1638555300000,840040003:142391
KINGEA_ENTRY_BLACKOUT,1638552600000,1638555300000,840040008:142460
BROKER_HMR_SCHEDULED,1638553500000,1638554700000,840040003:142391
BROKER_HMR_SCHEDULED,1638553500000,1638554700000,840040008:142460
MAINTENANCE_ENTRY_BLOCK,1638574200000,1638575700000,DAILY_SERVER_CLOSE_20211204_0000_0005
MAINTENANCE_FORCE_FLAT,1638575700000,1638576300000,DAILY_SERVER_CLOSE_20211204_0000_0005
MAINTENANCE_RECOVERY,1638576300000,1638577200000,DAILY_SERVER_CLOSE_20211204_0000_0005
MAINTENANCE_ENTRY_BLOCK,1638660600000,1638662100000,DAILY_SERVER_CLOSE_20211205_0000_0005
MAINTENANCE_ENTRY_BLOCK,1638661140000,1638662640000,SUNDAY_SERVER_CLOSE_20211205_0009_0019
MAINTENANCE_FORCE_FLAT,1638662100000,1638662700000,DAILY_SERVER_CLOSE_20211205_0000_0005
MAINTENANCE_FORCE_FLAT,1638662640000,1638663540000,SUNDAY_SERVER_CLOSE_20211205_0009_0019
MAINTENANCE_RECOVERY,1638662700000,1638663600000,DAILY_SERVER_CLOSE_20211205_0000_0005
MAINTENANCE_RECOVERY,1638663540000,1638664440000,SUNDAY_SERVER_CLOSE_20211205_0009_0019
MAINTENANCE_ENTRY_BLOCK,1638747000000,1638748500000,DAILY_SERVER_CLOSE_20211206_0000_0005
MAINTENANCE_FORCE_FLAT,1638748500000,1638749100000,DAILY_SERVER_CLOSE_20211206_0000_0005
MAINTENANCE_RECOVERY,1638749100000,1638750000000,DAILY_SERVER_CLOSE_20211206_0000_0005
MAINTENANCE_ENTRY_BLOCK,1638833400000,1638834900000,DAILY_SERVER_CLOSE_20211207_0000_0005
MAINTENANCE_FORCE_FLAT,1638834900000,1638835500000,DAILY_SERVER_CLOSE_20211207_0000_0005
MAINTENANCE_RECOVERY,1638835500000,1638836400000,DAILY_SERVER_CLOSE_20211207_0000_0005
MAINTENANCE_ENTRY_BLOCK,1638919800000,1638921300000,DAILY_SERVER_CLOSE_20211208_0000_0005
MAINTENANCE_FORCE_FLAT,1638921300000,1638921900000,DAILY_SERVER_CLOSE_20211208_0000_0005
MAINTENANCE_RECOVERY,1638921900000,1638922800000,DAILY_SERVER_CLOSE_20211208_0000_0005
KINGEA_ENTRY_BLACKOUT,1638984600000,1638987300000,840030021:142675
BROKER_HMR_SCHEDULED,1638985500000,1638986700000,840030021:142675
KINGEA_ENTRY_BLACKOUT,1638986400000,1638989100000,840200001:155806
BROKER_HMR_SCHEDULED,1638987300000,1638988500000,840200001:155806
KINGEA_ENTRY_BLACKOUT,1638995400000,1638998100000,840220014:154065
BROKER_HMR_SCHEDULED,1638996300000,1638997500000,840220014:154065
MAINTENANCE_ENTRY_BLOCK,1639006200000,1639007700000,DAILY_SERVER_CLOSE_20211209_0000_0005
MAINTENANCE_FORCE_FLAT,1639007700000,1639008300000,DAILY_SERVER_CLOSE_20211209_0000_0005
MAINTENANCE_RECOVERY,1639008300000,1639009200000,DAILY_SERVER_CLOSE_20211209_0000_0005
KINGEA_ENTRY_BLACKOUT,1639065600000,1639068300000,840140001:157302
BROKER_HMR_SCHEDULED,1639066500000,1639067700000,840140001:157302
KINGEA_ENTRY_BLACKOUT,1639081800000,1639084500000,840220015:154068
BROKER_HMR_SCHEDULED,1639082700000,1639083900000,840220015:154068
MAINTENANCE_ENTRY_BLOCK,1639092600000,1639094100000,DAILY_SERVER_CLOSE_20211210_0000_0005
MAINTENANCE_FORCE_FLAT,1639094100000,1639094700000,DAILY_SERVER_CLOSE_20211210_0000_0005
MAINTENANCE_RECOVERY,1639094700000,1639095600000,DAILY_SERVER_CLOSE_20211210_0000_0005
KINGEA_ENTRY_BLACKOUT,1639152000000,1639154700000,840030005:140176
KINGEA_ENTRY_BLACKOUT,1639152000000,1639154700000,840030006:140188
KINGEA_ENTRY_BLACKOUT,1639152000000,1639154700000,840030007:140204
KINGEA_ENTRY_BLACKOUT,1639152000000,1639154700000,840030034:140484
KINGEA_ENTRY_BLACKOUT,1639152000000,1639154700000,840030035:140496
BROKER_HMR_SCHEDULED,1639152900000,1639154100000,840030005:140176
BROKER_HMR_SCHEDULED,1639152900000,1639154100000,840030006:140188
BROKER_HMR_SCHEDULED,1639152900000,1639154100000,840030007:140204
BROKER_HMR_SCHEDULED,1639152900000,1639154100000,840030034:140484
BROKER_HMR_SCHEDULED,1639152900000,1639154100000,840030035:140496
MAINTENANCE_ENTRY_BLOCK,1639179000000,1639180500000,DAILY_SERVER_CLOSE_20211211_0000_0005
MAINTENANCE_FORCE_FLAT,1639180500000,1639181100000,DAILY_SERVER_CLOSE_20211211_0000_0005
MAINTENANCE_RECOVERY,1639181100000,1639182000000,DAILY_SERVER_CLOSE_20211211_0000_0005
MAINTENANCE_ENTRY_BLOCK,1639265400000,1639266900000,DAILY_SERVER_CLOSE_20211212_0000_0005
MAINTENANCE_ENTRY_BLOCK,1639265940000,1639267440000,SUNDAY_SERVER_CLOSE_20211212_0009_0019
MAINTENANCE_FORCE_FLAT,1639266900000,1639267500000,DAILY_SERVER_CLOSE_20211212_0000_0005
MAINTENANCE_FORCE_FLAT,1639267440000,1639268340000,SUNDAY_SERVER_CLOSE_20211212_0009_0019
MAINTENANCE_RECOVERY,1639267500000,1639268400000,DAILY_SERVER_CLOSE_20211212_0000_0005
MAINTENANCE_RECOVERY,1639268340000,1639269240000,SUNDAY_SERVER_CLOSE_20211212_0009_0019
MAINTENANCE_ENTRY_BLOCK,1639351800000,1639353300000,DAILY_SERVER_CLOSE_20211213_0000_0005
MAINTENANCE_FORCE_FLAT,1639353300000,1639353900000,DAILY_SERVER_CLOSE_20211213_0000_0005
MAINTENANCE_RECOVERY,1639353900000,1639354800000,DAILY_SERVER_CLOSE_20211213_0000_0005
MAINTENANCE_ENTRY_BLOCK,1639438200000,1639439700000,DAILY_SERVER_CLOSE_20211214_0000_0005
MAINTENANCE_FORCE_FLAT,1639439700000,1639440300000,DAILY_SERVER_CLOSE_20211214_0000_0005
MAINTENANCE_RECOVERY,1639440300000,1639441200000,DAILY_SERVER_CLOSE_20211214_0000_0005
KINGEA_ENTRY_BLACKOUT,1639497600000,1639500300000,840030001:140123
BROKER_HMR_SCHEDULED,1639498500000,1639499700000,840030001:140123
MAINTENANCE_ENTRY_BLOCK,1639524600000,1639526100000,DAILY_SERVER_CLOSE_20211215_0000_0005
MAINTENANCE_FORCE_FLAT,1639526100000,1639526700000,DAILY_SERVER_CLOSE_20211215_0000_0005
MAINTENANCE_RECOVERY,1639526700000,1639527600000,DAILY_SERVER_CLOSE_20211215_0000_0005
KINGEA_ENTRY_BLACKOUT,1639584000000,1639586700000,840020010:139239
KINGEA_ENTRY_BLACKOUT,1639584000000,1639586700000,840020011:139251
BROKER_HMR_SCHEDULED,1639584900000,1639586100000,840020010:139239
BROKER_HMR_SCHEDULED,1639584900000,1639586100000,840020011:139251
KINGEA_ENTRY_BLACKOUT,1639591200000,1639593900000,840200001:156311
BROKER_HMR_SCHEDULED,1639592100000,1639593300000,840200001:156311
KINGEA_ENTRY_BLACKOUT,1639603800000,1639606500000,840050014:135498
BROKER_HMR_SCHEDULED,1639604700000,1639605900000,840050014:135498
KINGEA_ENTRY_BLACKOUT,1639605600000,1639608300000,840050018:135500
BROKER_HMR_SCHEDULED,1639606500000,1639607700000,840050018:135500
MAINTENANCE_ENTRY_BLOCK,1639611000000,1639612500000,DAILY_SERVER_CLOSE_20211216_0000_0005
MAINTENANCE_FORCE_FLAT,1639612500000,1639613100000,DAILY_SERVER_CLOSE_20211216_0000_0005
MAINTENANCE_RECOVERY,1639613100000,1639614000000,DAILY_SERVER_CLOSE_20211216_0000_0005
KINGEA_ENTRY_BLACKOUT,1639670400000,1639673100000,840070001:141098
KINGEA_ENTRY_BLACKOUT,1639670400000,1639673100000,840140001:157303
BROKER_HMR_SCHEDULED,1639671300000,1639672500000,840070001:141098
BROKER_HMR_SCHEDULED,1639671300000,1639672500000,840140001:157303
KINGEA_ENTRY_BLACKOUT,1639674900000,1639677600000,840500001:159175
KINGEA_ENTRY_BLACKOUT,1639674900000,1639677600000,840500002:159176
BROKER_HMR_SCHEDULED,1639675800000,1639677000000,840500001:159175
BROKER_HMR_SCHEDULED,1639675800000,1639677000000,840500002:159176
MAINTENANCE_ENTRY_BLOCK,1639697400000,1639698900000,DAILY_SERVER_CLOSE_20211217_0000_0005
MAINTENANCE_FORCE_FLAT,1639698900000,1639699500000,DAILY_SERVER_CLOSE_20211217_0000_0005
MAINTENANCE_RECOVERY,1639699500000,1639700400000,DAILY_SERVER_CLOSE_20211217_0000_0005
MAINTENANCE_ENTRY_BLOCK,1639783800000,1639785300000,DAILY_SERVER_CLOSE_20211218_0000_0005
MAINTENANCE_FORCE_FLAT,1639785300000,1639785900000,DAILY_SERVER_CLOSE_20211218_0000_0005
MAINTENANCE_RECOVERY,1639785900000,1639786800000,DAILY_SERVER_CLOSE_20211218_0000_0005
MAINTENANCE_ENTRY_BLOCK,1639870200000,1639871700000,DAILY_SERVER_CLOSE_20211219_0000_0005
MAINTENANCE_ENTRY_BLOCK,1639870740000,1639872240000,SUNDAY_SERVER_CLOSE_20211219_0009_0019
MAINTENANCE_FORCE_FLAT,1639871700000,1639872300000,DAILY_SERVER_CLOSE_20211219_0000_0005
MAINTENANCE_FORCE_FLAT,1639872240000,1639873140000,SUNDAY_SERVER_CLOSE_20211219_0009_0019
MAINTENANCE_RECOVERY,1639872300000,1639873200000,DAILY_SERVER_CLOSE_20211219_0000_0005
MAINTENANCE_RECOVERY,1639873140000,1639874040000,SUNDAY_SERVER_CLOSE_20211219_0009_0019
MAINTENANCE_ENTRY_BLOCK,1639956600000,1639958100000,DAILY_SERVER_CLOSE_20211220_0000_0005
MAINTENANCE_FORCE_FLAT,1639958100000,1639958700000,DAILY_SERVER_CLOSE_20211220_0000_0005
MAINTENANCE_RECOVERY,1639958700000,1639959600000,DAILY_SERVER_CLOSE_20211220_0000_0005
MAINTENANCE_ENTRY_BLOCK,1640043000000,1640044500000,DAILY_SERVER_CLOSE_20211221_0000_0005
MAINTENANCE_FORCE_FLAT,1640044500000,1640045100000,DAILY_SERVER_CLOSE_20211221_0000_0005
MAINTENANCE_RECOVERY,1640045100000,1640046000000,DAILY_SERVER_CLOSE_20211221_0000_0005
MAINTENANCE_ENTRY_BLOCK,1640129400000,1640130900000,DAILY_SERVER_CLOSE_20211222_0000_0005
MAINTENANCE_FORCE_FLAT,1640130900000,1640131500000,DAILY_SERVER_CLOSE_20211222_0000_0005
MAINTENANCE_RECOVERY,1640131500000,1640132400000,DAILY_SERVER_CLOSE_20211222_0000_0005
KINGEA_ENTRY_BLACKOUT,1640188800000,1640191500000,840010007:147976
KINGEA_ENTRY_BLACKOUT,1640188800000,1640191500000,840010018:148000
BROKER_HMR_SCHEDULED,1640189700000,1640190900000,840010007:147976
BROKER_HMR_SCHEDULED,1640189700000,1640190900000,840010018:148000
KINGEA_ENTRY_BLACKOUT,1640194200000,1640196900000,840120001:140951
KINGEA_ENTRY_BLACKOUT,1640194200000,1640196900000,840180002:155864
BROKER_HMR_SCHEDULED,1640195100000,1640196300000,840120001:140951
BROKER_HMR_SCHEDULED,1640195100000,1640196300000,840180002:155864
KINGEA_ENTRY_BLACKOUT,1640196000000,1640198700000,840200001:156784
BROKER_HMR_SCHEDULED,1640196900000,1640198100000,840200001:156784
MAINTENANCE_ENTRY_BLOCK,1640215800000,1640217300000,DAILY_SERVER_CLOSE_20211223_0000_0005
MAINTENANCE_FORCE_FLAT,1640217300000,1640217900000,DAILY_SERVER_CLOSE_20211223_0000_0005
MAINTENANCE_RECOVERY,1640217900000,1640218800000,DAILY_SERVER_CLOSE_20211223_0000_0005
KINGEA_ENTRY_BLACKOUT,1640275200000,1640277900000,840010001:138521
KINGEA_ENTRY_BLACKOUT,1640275200000,1640277900000,840010002:138533
KINGEA_ENTRY_BLACKOUT,1640275200000,1640277900000,840020013:139275
KINGEA_ENTRY_BLACKOUT,1640275200000,1640277900000,840140001:157304
BROKER_HMR_SCHEDULED,1640276100000,1640277300000,840010001:138521
BROKER_HMR_SCHEDULED,1640276100000,1640277300000,840010002:138533
BROKER_HMR_SCHEDULED,1640276100000,1640277300000,840020013:139275
BROKER_HMR_SCHEDULED,1640276100000,1640277300000,840140001:157304
KINGEA_ENTRY_BLACKOUT,1640280600000,1640283300000,840020008:139215
BROKER_HMR_SCHEDULED,1640281500000,1640282700000,840020008:139215
MAINTENANCE_ENTRY_BLOCK,1640302200000,1640303700000,DAILY_SERVER_CLOSE_20211224_0000_0005
MAINTENANCE_FORCE_FLAT,1640303700000,1640304300000,DAILY_SERVER_CLOSE_20211224_0000_0005
MAINTENANCE_RECOVERY,1640304300000,1640305200000,DAILY_SERVER_CLOSE_20211224_0000_0005
MAINTENANCE_ENTRY_BLOCK,1640388600000,1640390100000,DAILY_SERVER_CLOSE_20211225_0000_0005
MAINTENANCE_FORCE_FLAT,1640390100000,1640390700000,DAILY_SERVER_CLOSE_20211225_0000_0005
MAINTENANCE_RECOVERY,1640390700000,1640391600000,DAILY_SERVER_CLOSE_20211225_0000_0005
MAINTENANCE_ENTRY_BLOCK,1640475000000,1640476500000,DAILY_SERVER_CLOSE_20211226_0000_0005
MAINTENANCE_ENTRY_BLOCK,1640475540000,1640477040000,SUNDAY_SERVER_CLOSE_20211226_0009_0019
MAINTENANCE_FORCE_FLAT,1640476500000,1640477100000,DAILY_SERVER_CLOSE_20211226_0000_0005
MAINTENANCE_FORCE_FLAT,1640477040000,1640477940000,SUNDAY_SERVER_CLOSE_20211226_0009_0019
MAINTENANCE_RECOVERY,1640477100000,1640478000000,DAILY_SERVER_CLOSE_20211226_0000_0005
MAINTENANCE_RECOVERY,1640477940000,1640478840000,SUNDAY_SERVER_CLOSE_20211226_0009_0019
MAINTENANCE_ENTRY_BLOCK,1640561400000,1640562900000,DAILY_SERVER_CLOSE_20211227_0000_0005
MAINTENANCE_FORCE_FLAT,1640562900000,1640563500000,DAILY_SERVER_CLOSE_20211227_0000_0005
MAINTENANCE_RECOVERY,1640563500000,1640564400000,DAILY_SERVER_CLOSE_20211227_0000_0005
MAINTENANCE_ENTRY_BLOCK,1640647800000,1640649300000,DAILY_SERVER_CLOSE_20211228_0000_0005
MAINTENANCE_FORCE_FLAT,1640649300000,1640649900000,DAILY_SERVER_CLOSE_20211228_0000_0005
MAINTENANCE_RECOVERY,1640649900000,1640650800000,DAILY_SERVER_CLOSE_20211228_0000_0005
MAINTENANCE_ENTRY_BLOCK,1640734200000,1640735700000,DAILY_SERVER_CLOSE_20211229_0000_0005
MAINTENANCE_FORCE_FLAT,1640735700000,1640736300000,DAILY_SERVER_CLOSE_20211229_0000_0005
MAINTENANCE_RECOVERY,1640736300000,1640737200000,DAILY_SERVER_CLOSE_20211229_0000_0005
KINGEA_ENTRY_BLACKOUT,1640800800000,1640803500000,840200001:157035
BROKER_HMR_SCHEDULED,1640801700000,1640802900000,840200001:157035
MAINTENANCE_ENTRY_BLOCK,1640820600000,1640822100000,DAILY_SERVER_CLOSE_20211230_0000_0005
MAINTENANCE_FORCE_FLAT,1640822100000,1640822700000,DAILY_SERVER_CLOSE_20211230_0000_0005
MAINTENANCE_RECOVERY,1640822700000,1640823600000,DAILY_SERVER_CLOSE_20211230_0000_0005
KINGEA_ENTRY_BLACKOUT,1640880000000,1640882700000,840140001:157305
BROKER_HMR_SCHEDULED,1640880900000,1640882100000,840140001:157305
KINGEA_ENTRY_BLACKOUT,1640884500000,1640887200000,840510001:155562
BROKER_HMR_SCHEDULED,1640885400000,1640886600000,840510001:155562
MAINTENANCE_ENTRY_BLOCK,1640907000000,1640908500000,DAILY_SERVER_CLOSE_20211231_0000_0005
MAINTENANCE_FORCE_FLAT,1640908500000,1640909100000,DAILY_SERVER_CLOSE_20211231_0000_0005
MAINTENANCE_RECOVERY,1640909100000,1640910000000,DAILY_SERVER_CLOSE_20211231_0000_0005
MAINTENANCE_ENTRY_BLOCK,1640993400000,1640994900000,DAILY_SERVER_CLOSE_20220101_0000_0005
MAINTENANCE_FORCE_FLAT,1640994900000,1640995500000,DAILY_SERVER_CLOSE_20220101_0000_0005
MAINTENANCE_RECOVERY,1640995500000,1640996400000,DAILY_SERVER_CLOSE_20220101_0000_0005
MAINTENANCE_ENTRY_BLOCK,1641079800000,1641081300000,DAILY_SERVER_CLOSE_20220102_0000_0005
MAINTENANCE_ENTRY_BLOCK,1641080340000,1641081840000,SUNDAY_SERVER_CLOSE_20220102_0009_0019
MAINTENANCE_FORCE_FLAT,1641081300000,1641081900000,DAILY_SERVER_CLOSE_20220102_0000_0005
MAINTENANCE_FORCE_FLAT,1641081840000,1641082740000,SUNDAY_SERVER_CLOSE_20220102_0009_0019
MAINTENANCE_RECOVERY,1641081900000,1641082800000,DAILY_SERVER_CLOSE_20220102_0000_0005
MAINTENANCE_RECOVERY,1641082740000,1641083640000,SUNDAY_SERVER_CLOSE_20220102_0009_0019
MAINTENANCE_ENTRY_BLOCK,1641166200000,1641167700000,DAILY_SERVER_CLOSE_20220103_0000_0005
MAINTENANCE_FORCE_FLAT,1641167700000,1641168300000,DAILY_SERVER_CLOSE_20220103_0000_0005
MAINTENANCE_RECOVERY,1641168300000,1641169200000,DAILY_SERVER_CLOSE_20220103_0000_0005
KINGEA_ENTRY_BLACKOUT,1641230100000,1641232800000,840500001:159588
BROKER_HMR_SCHEDULED,1641231000000,1641232200000,840500001:159588
MAINTENANCE_ENTRY_BLOCK,1641252600000,1641254100000,DAILY_SERVER_CLOSE_20220104_0000_0005
MAINTENANCE_FORCE_FLAT,1641254100000,1641254700000,DAILY_SERVER_CLOSE_20220104_0000_0005
MAINTENANCE_RECOVERY,1641254700000,1641255600000,DAILY_SERVER_CLOSE_20220104_0000_0005
KINGEA_ENTRY_BLACKOUT,1641317400000,1641320100000,840030021:158436
KINGEA_ENTRY_BLACKOUT,1641317400000,1641320100000,840040001:157374
KINGEA_ENTRY_BLACKOUT,1641317400000,1641320100000,840040002:157378
BROKER_HMR_SCHEDULED,1641318300000,1641319500000,840030021:158436
BROKER_HMR_SCHEDULED,1641318300000,1641319500000,840040001:157374
BROKER_HMR_SCHEDULED,1641318300000,1641319500000,840040002:157378
MAINTENANCE_ENTRY_BLOCK,1641339000000,1641340500000,DAILY_SERVER_CLOSE_20220105_0000_0005
MAINTENANCE_FORCE_FLAT,1641340500000,1641341100000,DAILY_SERVER_CLOSE_20220105_0000_0005
MAINTENANCE_RECOVERY,1641341100000,1641342000000,DAILY_SERVER_CLOSE_20220105_0000_0005
KINGEA_ENTRY_BLACKOUT,1641397500000,1641400200000,840190001:159485
BROKER_HMR_SCHEDULED,1641398400000,1641399600000,840190001:159485
KINGEA_ENTRY_BLACKOUT,1641402900000,1641405600000,840500002:159645
BROKER_HMR_SCHEDULED,1641403800000,1641405000000,840500002:159645
KINGEA_ENTRY_BLACKOUT,1641405600000,1641408300000,840200001:157642
BROKER_HMR_SCHEDULED,1641406500000,1641407700000,840200001:157642
MAINTENANCE_ENTRY_BLOCK,1641425400000,1641426900000,DAILY_SERVER_CLOSE_20220106_0000_0005
MAINTENANCE_FORCE_FLAT,1641426900000,1641427500000,DAILY_SERVER_CLOSE_20220106_0000_0005
MAINTENANCE_RECOVERY,1641427500000,1641428400000,DAILY_SERVER_CLOSE_20220106_0000_0005
KINGEA_ENTRY_BLACKOUT,1641484800000,1641487500000,840140001:161361
BROKER_HMR_SCHEDULED,1641485700000,1641486900000,840140001:161361
KINGEA_ENTRY_BLACKOUT,1641490200000,1641492900000,840040003:157382
KINGEA_ENTRY_BLACKOUT,1641490200000,1641492900000,840040008:157405
BROKER_HMR_SCHEDULED,1641491100000,1641492300000,840040003:157382
BROKER_HMR_SCHEDULED,1641491100000,1641492300000,840040008:157405
MAINTENANCE_ENTRY_BLOCK,1641511800000,1641513300000,DAILY_SERVER_CLOSE_20220107_0000_0005
MAINTENANCE_FORCE_FLAT,1641513300000,1641513900000,DAILY_SERVER_CLOSE_20220107_0000_0005
MAINTENANCE_RECOVERY,1641513900000,1641514800000,DAILY_SERVER_CLOSE_20220107_0000_0005
KINGEA_ENTRY_BLACKOUT,1641571200000,1641573900000,840030015:156559
KINGEA_ENTRY_BLACKOUT,1641571200000,1641573900000,840030016:156571
KINGEA_ENTRY_BLACKOUT,1641571200000,1641573900000,840030018:156595
BROKER_HMR_SCHEDULED,1641572100000,1641573300000,840030015:156559
BROKER_HMR_SCHEDULED,1641572100000,1641573300000,840030016:156571
BROKER_HMR_SCHEDULED,1641572100000,1641573300000,840030018:156595
MAINTENANCE_ENTRY_BLOCK,1641598200000,1641599700000,DAILY_SERVER_CLOSE_20220108_0000_0005
MAINTENANCE_FORCE_FLAT,1641599700000,1641600300000,DAILY_SERVER_CLOSE_20220108_0000_0005
MAINTENANCE_RECOVERY,1641600300000,1641601200000,DAILY_SERVER_CLOSE_20220108_0000_0005
MAINTENANCE_ENTRY_BLOCK,1641684600000,1641686100000,DAILY_SERVER_CLOSE_20220109_0000_0005
MAINTENANCE_ENTRY_BLOCK,1641685140000,1641686640000,SUNDAY_SERVER_CLOSE_20220109_0009_0019
MAINTENANCE_FORCE_FLAT,1641686100000,1641686700000,DAILY_SERVER_CLOSE_20220109_0000_0005
MAINTENANCE_FORCE_FLAT,1641686640000,1641687540000,SUNDAY_SERVER_CLOSE_20220109_0009_0019
MAINTENANCE_RECOVERY,1641686700000,1641687600000,DAILY_SERVER_CLOSE_20220109_0000_0005
MAINTENANCE_RECOVERY,1641687540000,1641688440000,SUNDAY_SERVER_CLOSE_20220109_0009_0019
MAINTENANCE_ENTRY_BLOCK,1641771000000,1641772500000,DAILY_SERVER_CLOSE_20220110_0000_0005
MAINTENANCE_FORCE_FLAT,1641772500000,1641773100000,DAILY_SERVER_CLOSE_20220110_0000_0005
MAINTENANCE_RECOVERY,1641773100000,1641774000000,DAILY_SERVER_CLOSE_20220110_0000_0005
MAINTENANCE_ENTRY_BLOCK,1641857400000,1641858900000,DAILY_SERVER_CLOSE_20220111_0000_0005
MAINTENANCE_FORCE_FLAT,1641858900000,1641859500000,DAILY_SERVER_CLOSE_20220111_0000_0005
MAINTENANCE_RECOVERY,1641859500000,1641860400000,DAILY_SERVER_CLOSE_20220111_0000_0005
KINGEA_ENTRY_BLACKOUT,1641922200000,1641924900000,840050021:163582
BROKER_HMR_SCHEDULED,1641923100000,1641924300000,840050021:163582
MAINTENANCE_ENTRY_BLOCK,1641943800000,1641945300000,DAILY_SERVER_CLOSE_20220112_0000_0005
MAINTENANCE_FORCE_FLAT,1641945300000,1641945900000,DAILY_SERVER_CLOSE_20220112_0000_0005
MAINTENANCE_RECOVERY,1641945900000,1641946800000,DAILY_SERVER_CLOSE_20220112_0000_0005
KINGEA_ENTRY_BLACKOUT,1642003200000,1642005900000,840030005:156439
KINGEA_ENTRY_BLACKOUT,1642003200000,1642005900000,840030006:156451
KINGEA_ENTRY_BLACKOUT,1642003200000,1642005900000,840030007:156463
KINGEA_ENTRY_BLACKOUT,1642003200000,1642005900000,840030034:156743
KINGEA_ENTRY_BLACKOUT,1642003200000,1642005900000,840030035:156755
BROKER_HMR_SCHEDULED,1642004100000,1642005300000,840030005:156439
BROKER_HMR_SCHEDULED,1642004100000,1642005300000,840030006:156451
BROKER_HMR_SCHEDULED,1642004100000,1642005300000,840030007:156463
BROKER_HMR_SCHEDULED,1642004100000,1642005300000,840030034:156743
BROKER_HMR_SCHEDULED,1642004100000,1642005300000,840030035:156755
KINGEA_ENTRY_BLACKOUT,1642010400000,1642013100000,840200001:158125
BROKER_HMR_SCHEDULED,1642011300000,1642012500000,840200001:158125
KINGEA_ENTRY_BLACKOUT,1642019400000,1642022100000,840220014:154066
BROKER_HMR_SCHEDULED,1642020300000,1642021500000,840220014:154066
MAINTENANCE_ENTRY_BLOCK,1642030200000,1642031700000,DAILY_SERVER_CLOSE_20220113_0000_0005
MAINTENANCE_FORCE_FLAT,1642031700000,1642032300000,DAILY_SERVER_CLOSE_20220113_0000_0005
MAINTENANCE_RECOVERY,1642032300000,1642033200000,DAILY_SERVER_CLOSE_20220113_0000_0005
KINGEA_ENTRY_BLACKOUT,1642089600000,1642092300000,840030001:156391
KINGEA_ENTRY_BLACKOUT,1642089600000,1642092300000,840140001:161362
BROKER_HMR_SCHEDULED,1642090500000,1642091700000,840030001:156391
BROKER_HMR_SCHEDULED,1642090500000,1642091700000,840140001:161362
KINGEA_ENTRY_BLACKOUT,1642105800000,1642108500000,840220015:154069
BROKER_HMR_SCHEDULED,1642106700000,1642107900000,840220015:154069
MAINTENANCE_ENTRY_BLOCK,1642116600000,1642118100000,DAILY_SERVER_CLOSE_20220114_0000_0005
MAINTENANCE_FORCE_FLAT,1642118100000,1642118700000,DAILY_SERVER_CLOSE_20220114_0000_0005
MAINTENANCE_RECOVERY,1642118700000,1642119600000,DAILY_SERVER_CLOSE_20220114_0000_0005
KINGEA_ENTRY_BLACKOUT,1642176000000,1642178700000,840020010:156004
KINGEA_ENTRY_BLACKOUT,1642176000000,1642178700000,840020011:156016
BROKER_HMR_SCHEDULED,1642176900000,1642178100000,840020010:156004
BROKER_HMR_SCHEDULED,1642176900000,1642178100000,840020011:156016
MAINTENANCE_ENTRY_BLOCK,1642203000000,1642204500000,DAILY_SERVER_CLOSE_20220115_0000_0005
MAINTENANCE_FORCE_FLAT,1642204500000,1642205100000,DAILY_SERVER_CLOSE_20220115_0000_0005
MAINTENANCE_RECOVERY,1642205100000,1642206000000,DAILY_SERVER_CLOSE_20220115_0000_0005
MAINTENANCE_ENTRY_BLOCK,1642289400000,1642290900000,DAILY_SERVER_CLOSE_20220116_0000_0005
MAINTENANCE_ENTRY_BLOCK,1642289940000,1642291440000,SUNDAY_SERVER_CLOSE_20220116_0009_0019
MAINTENANCE_FORCE_FLAT,1642290900000,1642291500000,DAILY_SERVER_CLOSE_20220116_0000_0005
MAINTENANCE_FORCE_FLAT,1642291440000,1642292340000,SUNDAY_SERVER_CLOSE_20220116_0009_0019
MAINTENANCE_RECOVERY,1642291500000,1642292400000,DAILY_SERVER_CLOSE_20220116_0000_0005
MAINTENANCE_RECOVERY,1642292340000,1642293240000,SUNDAY_SERVER_CLOSE_20220116_0009_0019
MAINTENANCE_ENTRY_BLOCK,1642375800000,1642377300000,DAILY_SERVER_CLOSE_20220117_0000_0005
MAINTENANCE_FORCE_FLAT,1642377300000,1642377900000,DAILY_SERVER_CLOSE_20220117_0000_0005
MAINTENANCE_RECOVERY,1642377900000,1642378800000,DAILY_SERVER_CLOSE_20220117_0000_0005
MAINTENANCE_ENTRY_BLOCK,1642462200000,1642463700000,DAILY_SERVER_CLOSE_20220118_0000_0005
MAINTENANCE_FORCE_FLAT,1642463700000,1642464300000,DAILY_SERVER_CLOSE_20220118_0000_0005
MAINTENANCE_RECOVERY,1642464300000,1642465200000,DAILY_SERVER_CLOSE_20220118_0000_0005
MAINTENANCE_ENTRY_BLOCK,1642548600000,1642550100000,DAILY_SERVER_CLOSE_20220119_0000_0005
MAINTENANCE_FORCE_FLAT,1642550100000,1642550700000,DAILY_SERVER_CLOSE_20220119_0000_0005
MAINTENANCE_RECOVERY,1642550700000,1642551600000,DAILY_SERVER_CLOSE_20220119_0000_0005
MAINTENANCE_ENTRY_BLOCK,1642635000000,1642636500000,DAILY_SERVER_CLOSE_20220120_0000_0005
MAINTENANCE_FORCE_FLAT,1642636500000,1642637100000,DAILY_SERVER_CLOSE_20220120_0000_0005
MAINTENANCE_RECOVERY,1642637100000,1642638000000,DAILY_SERVER_CLOSE_20220120_0000_0005
KINGEA_ENTRY_BLACKOUT,1642694400000,1642697100000,840070001:158350
KINGEA_ENTRY_BLACKOUT,1642694400000,1642697100000,840140001:161363
BROKER_HMR_SCHEDULED,1642695300000,1642696500000,840070001:158350
BROKER_HMR_SCHEDULED,1642695300000,1642696500000,840140001:161363
KINGEA_ENTRY_BLACKOUT,1642699800000,1642702500000,840120001:156932
BROKER_HMR_SCHEDULED,1642700700000,1642701900000,840120001:156932
KINGEA_ENTRY_BLACKOUT,1642703400000,1642706100000,840200001:158426
BROKER_HMR_SCHEDULED,1642704300000,1642705500000,840200001:158426
MAINTENANCE_ENTRY_BLOCK,1642721400000,1642722900000,DAILY_SERVER_CLOSE_20220121_0000_0005
MAINTENANCE_FORCE_FLAT,1642722900000,1642723500000,DAILY_SERVER_CLOSE_20220121_0000_0005
MAINTENANCE_RECOVERY,1642723500000,1642724400000,DAILY_SERVER_CLOSE_20220121_0000_0005
MAINTENANCE_ENTRY_BLOCK,1642807800000,1642809300000,DAILY_SERVER_CLOSE_20220122_0000_0005
MAINTENANCE_FORCE_FLAT,1642809300000,1642809900000,DAILY_SERVER_CLOSE_20220122_0000_0005
MAINTENANCE_RECOVERY,1642809900000,1642810800000,DAILY_SERVER_CLOSE_20220122_0000_0005
MAINTENANCE_ENTRY_BLOCK,1642894200000,1642895700000,DAILY_SERVER_CLOSE_20220123_0000_0005
MAINTENANCE_ENTRY_BLOCK,1642894740000,1642896240000,SUNDAY_SERVER_CLOSE_20220123_0009_0019
MAINTENANCE_FORCE_FLAT,1642895700000,1642896300000,DAILY_SERVER_CLOSE_20220123_0000_0005
MAINTENANCE_FORCE_FLAT,1642896240000,1642897140000,SUNDAY_SERVER_CLOSE_20220123_0009_0019
MAINTENANCE_RECOVERY,1642896300000,1642897200000,DAILY_SERVER_CLOSE_20220123_0000_0005
MAINTENANCE_RECOVERY,1642897140000,1642898040000,SUNDAY_SERVER_CLOSE_20220123_0009_0019
MAINTENANCE_ENTRY_BLOCK,1642980600000,1642982100000,DAILY_SERVER_CLOSE_20220124_0000_0005
MAINTENANCE_FORCE_FLAT,1642982100000,1642982700000,DAILY_SERVER_CLOSE_20220124_0000_0005
MAINTENANCE_RECOVERY,1642982700000,1642983600000,DAILY_SERVER_CLOSE_20220124_0000_0005
KINGEA_ENTRY_BLACKOUT,1643044500000,1643047200000,840500001:162088
KINGEA_ENTRY_BLACKOUT,1643044500000,1643047200000,840500002:162089
BROKER_HMR_SCHEDULED,1643045400000,1643046600000,840500001:162088
BROKER_HMR_SCHEDULED,1643045400000,1643046600000,840500002:162089
MAINTENANCE_ENTRY_BLOCK,1643067000000,1643068500000,DAILY_SERVER_CLOSE_20220125_0000_0005
MAINTENANCE_FORCE_FLAT,1643068500000,1643069100000,DAILY_SERVER_CLOSE_20220125_0000_0005
MAINTENANCE_RECOVERY,1643069100000,1643070000000,DAILY_SERVER_CLOSE_20220125_0000_0005
KINGEA_ENTRY_BLACKOUT,1643131800000,1643134500000,840180002:160341
BROKER_HMR_SCHEDULED,1643132700000,1643133900000,840180002:160341
MAINTENANCE_ENTRY_BLOCK,1643153400000,1643154900000,DAILY_SERVER_CLOSE_20220126_0000_0005
MAINTENANCE_FORCE_FLAT,1643154900000,1643155500000,DAILY_SERVER_CLOSE_20220126_0000_0005
MAINTENANCE_RECOVERY,1643155500000,1643156400000,DAILY_SERVER_CLOSE_20220126_0000_0005
KINGEA_ENTRY_BLACKOUT,1643218200000,1643220900000,840020008:155980
BROKER_HMR_SCHEDULED,1643219100000,1643220300000,840020008:155980
KINGEA_ENTRY_BLACKOUT,1643220000000,1643222700000,840200001:159199
BROKER_HMR_SCHEDULED,1643220900000,1643222100000,840200001:159199
KINGEA_ENTRY_BLACKOUT,1643232600000,1643235300000,840050014:152421
BROKER_HMR_SCHEDULED,1643233500000,1643234700000,840050014:152421
KINGEA_ENTRY_BLACKOUT,1643234400000,1643237100000,840050018:152429
BROKER_HMR_SCHEDULED,1643235300000,1643236500000,840050018:152429
MAINTENANCE_ENTRY_BLOCK,1643239800000,1643241300000,DAILY_SERVER_CLOSE_20220127_0000_0005
MAINTENANCE_FORCE_FLAT,1643241300000,1643241900000,DAILY_SERVER_CLOSE_20220127_0000_0005
MAINTENANCE_RECOVERY,1643241900000,1643242800000,DAILY_SERVER_CLOSE_20220127_0000_0005
KINGEA_ENTRY_BLACKOUT,1643299200000,1643301900000,840010007:163408
KINGEA_ENTRY_BLACKOUT,1643299200000,1643301900000,840010018:163491
KINGEA_ENTRY_BLACKOUT,1643299200000,1643301900000,840020013:156040
KINGEA_ENTRY_BLACKOUT,1643299200000,1643301900000,840140001:161364
BROKER_HMR_SCHEDULED,1643300100000,1643301300000,840010007:163408
BROKER_HMR_SCHEDULED,1643300100000,1643301300000,840010018:163491
BROKER_HMR_SCHEDULED,1643300100000,1643301300000,840020013:156040
BROKER_HMR_SCHEDULED,1643300100000,1643301300000,840140001:161364
MAINTENANCE_ENTRY_BLOCK,1643326200000,1643327700000,DAILY_SERVER_CLOSE_20220128_0000_0005
MAINTENANCE_FORCE_FLAT,1643327700000,1643328300000,DAILY_SERVER_CLOSE_20220128_0000_0005
MAINTENANCE_RECOVERY,1643328300000,1643329200000,DAILY_SERVER_CLOSE_20220128_0000_0005
KINGEA_ENTRY_BLACKOUT,1643385600000,1643388300000,840010001:163336
KINGEA_ENTRY_BLACKOUT,1643385600000,1643388300000,840010002:163348
BROKER_HMR_SCHEDULED,1643386500000,1643387700000,840010001:163336
BROKER_HMR_SCHEDULED,1643386500000,1643387700000,840010002:163348
MAINTENANCE_ENTRY_BLOCK,1643412600000,1643414100000,DAILY_SERVER_CLOSE_20220129_0000_0005
MAINTENANCE_FORCE_FLAT,1643414100000,1643414700000,DAILY_SERVER_CLOSE_20220129_0000_0005
MAINTENANCE_RECOVERY,1643414700000,1643415600000,DAILY_SERVER_CLOSE_20220129_0000_0005
MAINTENANCE_ENTRY_BLOCK,1643499000000,1643500500000,DAILY_SERVER_CLOSE_20220130_0000_0005
MAINTENANCE_ENTRY_BLOCK,1643499540000,1643501040000,SUNDAY_SERVER_CLOSE_20220130_0009_0019
MAINTENANCE_FORCE_FLAT,1643500500000,1643501100000,DAILY_SERVER_CLOSE_20220130_0000_0005
MAINTENANCE_FORCE_FLAT,1643501040000,1643501940000,SUNDAY_SERVER_CLOSE_20220130_0009_0019
MAINTENANCE_RECOVERY,1643501100000,1643502000000,DAILY_SERVER_CLOSE_20220130_0000_0005
MAINTENANCE_RECOVERY,1643501940000,1643502840000,SUNDAY_SERVER_CLOSE_20220130_0009_0019
MAINTENANCE_ENTRY_BLOCK,1643585400000,1643586900000,DAILY_SERVER_CLOSE_20220131_0000_0005
MAINTENANCE_FORCE_FLAT,1643586900000,1643587500000,DAILY_SERVER_CLOSE_20220131_0000_0005
MAINTENANCE_RECOVERY,1643587500000,1643588400000,DAILY_SERVER_CLOSE_20220131_0000_0005
KINGEA_ENTRY_BLACKOUT,1643649300000,1643652000000,840510001:157285
BROKER_HMR_SCHEDULED,1643650200000,1643651400000,840510001:157285
MAINTENANCE_ENTRY_BLOCK,1643671800000,1643673300000,DAILY_SERVER_CLOSE_20220201_0000_0005
MAINTENANCE_FORCE_FLAT,1643673300000,1643673900000,DAILY_SERVER_CLOSE_20220201_0000_0005
MAINTENANCE_RECOVERY,1643673900000,1643674800000,DAILY_SERVER_CLOSE_20220201_0000_0005
KINGEA_ENTRY_BLACKOUT,1643735700000,1643738400000,840500001:162891
BROKER_HMR_SCHEDULED,1643736600000,1643737800000,840500001:162891
KINGEA_ENTRY_BLACKOUT,1643736600000,1643739300000,840030021:158437
KINGEA_ENTRY_BLACKOUT,1643736600000,1643739300000,840040001:147261
KINGEA_ENTRY_BLACKOUT,1643736600000,1643739300000,840040002:147273
BROKER_HMR_SCHEDULED,1643737500000,1643738700000,840030021:158437
BROKER_HMR_SCHEDULED,1643737500000,1643738700000,840040001:147261
BROKER_HMR_SCHEDULED,1643737500000,1643738700000,840040002:147273
MAINTENANCE_ENTRY_BLOCK,1643758200000,1643759700000,DAILY_SERVER_CLOSE_20220202_0000_0005
MAINTENANCE_FORCE_FLAT,1643759700000,1643760300000,DAILY_SERVER_CLOSE_20220202_0000_0005
MAINTENANCE_RECOVERY,1643760300000,1643761200000,DAILY_SERVER_CLOSE_20220202_0000_0005
KINGEA_ENTRY_BLACKOUT,1643816700000,1643819400000,840190001:159486
BROKER_HMR_SCHEDULED,1643817600000,1643818800000,840190001:159486
KINGEA_ENTRY_BLACKOUT,1643824800000,1643827500000,840200001:159463
BROKER_HMR_SCHEDULED,1643825700000,1643826900000,840200001:159463
MAINTENANCE_ENTRY_BLOCK,1643844600000,1643846100000,DAILY_SERVER_CLOSE_20220203_0000_0005
MAINTENANCE_FORCE_FLAT,1643846100000,1643846700000,DAILY_SERVER_CLOSE_20220203_0000_0005
MAINTENANCE_RECOVERY,1643846700000,1643847600000,DAILY_SERVER_CLOSE_20220203_0000_0005
KINGEA_ENTRY_BLACKOUT,1643904000000,1643906700000,840140001:162953
BROKER_HMR_SCHEDULED,1643904900000,1643906100000,840140001:162953
KINGEA_ENTRY_BLACKOUT,1643908500000,1643911200000,840500002:163332
BROKER_HMR_SCHEDULED,1643909400000,1643910600000,840500002:163332
KINGEA_ENTRY_BLACKOUT,1643909400000,1643912100000,840040003:147285
KINGEA_ENTRY_BLACKOUT,1643909400000,1643912100000,840040008:147359
BROKER_HMR_SCHEDULED,1643910300000,1643911500000,840040003:147285
BROKER_HMR_SCHEDULED,1643910300000,1643911500000,840040008:147359
MAINTENANCE_ENTRY_BLOCK,1643931000000,1643932500000,DAILY_SERVER_CLOSE_20220204_0000_0005
MAINTENANCE_FORCE_FLAT,1643932500000,1643933100000,DAILY_SERVER_CLOSE_20220204_0000_0005
MAINTENANCE_RECOVERY,1643933100000,1643934000000,DAILY_SERVER_CLOSE_20220204_0000_0005
KINGEA_ENTRY_BLACKOUT,1643990400000,1643993100000,840030015:156560
KINGEA_ENTRY_BLACKOUT,1643990400000,1643993100000,840030016:156572
KINGEA_ENTRY_BLACKOUT,1643990400000,1643993100000,840030018:156596
BROKER_HMR_SCHEDULED,1643991300000,1643992500000,840030015:156560
BROKER_HMR_SCHEDULED,1643991300000,1643992500000,840030016:156572
BROKER_HMR_SCHEDULED,1643991300000,1643992500000,840030018:156596
MAINTENANCE_ENTRY_BLOCK,1644017400000,1644018900000,DAILY_SERVER_CLOSE_20220205_0000_0005
MAINTENANCE_FORCE_FLAT,1644018900000,1644019500000,DAILY_SERVER_CLOSE_20220205_0000_0005
MAINTENANCE_RECOVERY,1644019500000,1644020400000,DAILY_SERVER_CLOSE_20220205_0000_0005
MAINTENANCE_ENTRY_BLOCK,1644103800000,1644105300000,DAILY_SERVER_CLOSE_20220206_0000_0005
MAINTENANCE_ENTRY_BLOCK,1644104340000,1644105840000,SUNDAY_SERVER_CLOSE_20220206_0009_0019
MAINTENANCE_FORCE_FLAT,1644105300000,1644105900000,DAILY_SERVER_CLOSE_20220206_0000_0005
MAINTENANCE_FORCE_FLAT,1644105840000,1644106740000,SUNDAY_SERVER_CLOSE_20220206_0009_0019
MAINTENANCE_RECOVERY,1644105900000,1644106800000,DAILY_SERVER_CLOSE_20220206_0000_0005
MAINTENANCE_RECOVERY,1644106740000,1644107640000,SUNDAY_SERVER_CLOSE_20220206_0009_0019
MAINTENANCE_ENTRY_BLOCK,1644190200000,1644191700000,DAILY_SERVER_CLOSE_20220207_0000_0005
MAINTENANCE_FORCE_FLAT,1644191700000,1644192300000,DAILY_SERVER_CLOSE_20220207_0000_0005
MAINTENANCE_RECOVERY,1644192300000,1644193200000,DAILY_SERVER_CLOSE_20220207_0000_0005
MAINTENANCE_ENTRY_BLOCK,1644276600000,1644278100000,DAILY_SERVER_CLOSE_20220208_0000_0005
MAINTENANCE_FORCE_FLAT,1644278100000,1644278700000,DAILY_SERVER_CLOSE_20220208_0000_0005
MAINTENANCE_RECOVERY,1644278700000,1644279600000,DAILY_SERVER_CLOSE_20220208_0000_0005
MAINTENANCE_ENTRY_BLOCK,1644363000000,1644364500000,DAILY_SERVER_CLOSE_20220209_0000_0005
MAINTENANCE_FORCE_FLAT,1644364500000,1644365100000,DAILY_SERVER_CLOSE_20220209_0000_0005
MAINTENANCE_RECOVERY,1644365100000,1644366000000,DAILY_SERVER_CLOSE_20220209_0000_0005
KINGEA_ENTRY_BLACKOUT,1644429600000,1644432300000,840200001:159741
BROKER_HMR_SCHEDULED,1644430500000,1644431700000,840200001:159741
KINGEA_ENTRY_BLACKOUT,1644438600000,1644441300000,840220014:157602
BROKER_HMR_SCHEDULED,1644439500000,1644440700000,840220014:157602
MAINTENANCE_ENTRY_BLOCK,1644449400000,1644450900000,DAILY_SERVER_CLOSE_20220210_0000_0005
MAINTENANCE_FORCE_FLAT,1644450900000,1644451500000,DAILY_SERVER_CLOSE_20220210_0000_0005
MAINTENANCE_RECOVERY,1644451500000,1644452400000,DAILY_SERVER_CLOSE_20220210_0000_0005
KINGEA_ENTRY_BLACKOUT,1644508800000,1644511500000,840030005:156440
KINGEA_ENTRY_BLACKOUT,1644508800000,1644511500000,840030006:156452
KINGEA_ENTRY_BLACKOUT,1644508800000,1644511500000,840030007:156464
KINGEA_ENTRY_BLACKOUT,1644508800000,1644511500000,840030034:156744
KINGEA_ENTRY_BLACKOUT,1644508800000,1644511500000,840030035:156756
KINGEA_ENTRY_BLACKOUT,1644508800000,1644511500000,840140001:162954
BROKER_HMR_SCHEDULED,1644509700000,1644510900000,840030005:156440
BROKER_HMR_SCHEDULED,1644509700000,1644510900000,840030006:156452
BROKER_HMR_SCHEDULED,1644509700000,1644510900000,840030007:156464
BROKER_HMR_SCHEDULED,1644509700000,1644510900000,840030034:156744
BROKER_HMR_SCHEDULED,1644509700000,1644510900000,840030035:156756
BROKER_HMR_SCHEDULED,1644509700000,1644510900000,840140001:162954
KINGEA_ENTRY_BLACKOUT,1644525000000,1644527700000,840220015:157605
BROKER_HMR_SCHEDULED,1644525900000,1644527100000,840220015:157605
MAINTENANCE_ENTRY_BLOCK,1644535800000,1644537300000,DAILY_SERVER_CLOSE_20220211_0000_0005
MAINTENANCE_FORCE_FLAT,1644537300000,1644537900000,DAILY_SERVER_CLOSE_20220211_0000_0005
MAINTENANCE_RECOVERY,1644537900000,1644538800000,DAILY_SERVER_CLOSE_20220211_0000_0005
MAINTENANCE_ENTRY_BLOCK,1644622200000,1644623700000,DAILY_SERVER_CLOSE_20220212_0000_0005
MAINTENANCE_FORCE_FLAT,1644623700000,1644624300000,DAILY_SERVER_CLOSE_20220212_0000_0005
MAINTENANCE_RECOVERY,1644624300000,1644625200000,DAILY_SERVER_CLOSE_20220212_0000_0005
MAINTENANCE_ENTRY_BLOCK,1644708600000,1644710100000,DAILY_SERVER_CLOSE_20220213_0000_0005
MAINTENANCE_ENTRY_BLOCK,1644709140000,1644710640000,SUNDAY_SERVER_CLOSE_20220213_0009_0019
MAINTENANCE_FORCE_FLAT,1644710100000,1644710700000,DAILY_SERVER_CLOSE_20220213_0000_0005
MAINTENANCE_FORCE_FLAT,1644710640000,1644711540000,SUNDAY_SERVER_CLOSE_20220213_0009_0019
MAINTENANCE_RECOVERY,1644710700000,1644711600000,DAILY_SERVER_CLOSE_20220213_0000_0005
MAINTENANCE_RECOVERY,1644711540000,1644712440000,SUNDAY_SERVER_CLOSE_20220213_0009_0019
MAINTENANCE_ENTRY_BLOCK,1644795000000,1644796500000,DAILY_SERVER_CLOSE_20220214_0000_0005
MAINTENANCE_FORCE_FLAT,1644796500000,1644797100000,DAILY_SERVER_CLOSE_20220214_0000_0005
MAINTENANCE_RECOVERY,1644797100000,1644798000000,DAILY_SERVER_CLOSE_20220214_0000_0005
MAINTENANCE_ENTRY_BLOCK,1644881400000,1644882900000,DAILY_SERVER_CLOSE_20220215_0000_0005
MAINTENANCE_FORCE_FLAT,1644882900000,1644883500000,DAILY_SERVER_CLOSE_20220215_0000_0005
MAINTENANCE_RECOVERY,1644883500000,1644884400000,DAILY_SERVER_CLOSE_20220215_0000_0005
KINGEA_ENTRY_BLACKOUT,1644940800000,1644943500000,840030001:156392
BROKER_HMR_SCHEDULED,1644941700000,1644942900000,840030001:156392
MAINTENANCE_ENTRY_BLOCK,1644967800000,1644969300000,DAILY_SERVER_CLOSE_20220216_0000_0005
MAINTENANCE_FORCE_FLAT,1644969300000,1644969900000,DAILY_SERVER_CLOSE_20220216_0000_0005
MAINTENANCE_RECOVERY,1644969900000,1644970800000,DAILY_SERVER_CLOSE_20220216_0000_0005
KINGEA_ENTRY_BLACKOUT,1645027200000,1645029900000,840020010:156005
KINGEA_ENTRY_BLACKOUT,1645027200000,1645029900000,840020011:156017
BROKER_HMR_SCHEDULED,1645028100000,1645029300000,840020010:156005
BROKER_HMR_SCHEDULED,1645028100000,1645029300000,840020011:156017
KINGEA_ENTRY_BLACKOUT,1645034400000,1645037100000,840200001:161150
BROKER_HMR_SCHEDULED,1645035300000,1645036500000,840200001:161150
MAINTENANCE_ENTRY_BLOCK,1645054200000,1645055700000,DAILY_SERVER_CLOSE_20220217_0000_0005
MAINTENANCE_FORCE_FLAT,1645055700000,1645056300000,DAILY_SERVER_CLOSE_20220217_0000_0005
MAINTENANCE_RECOVERY,1645056300000,1645057200000,DAILY_SERVER_CLOSE_20220217_0000_0005
KINGEA_ENTRY_BLACKOUT,1645113600000,1645116300000,840070001:158351
KINGEA_ENTRY_BLACKOUT,1645113600000,1645116300000,840140001:162955
BROKER_HMR_SCHEDULED,1645114500000,1645115700000,840070001:158351
BROKER_HMR_SCHEDULED,1645114500000,1645115700000,840140001:162955
MAINTENANCE_ENTRY_BLOCK,1645140600000,1645142100000,DAILY_SERVER_CLOSE_20220218_0000_0005
MAINTENANCE_FORCE_FLAT,1645142100000,1645142700000,DAILY_SERVER_CLOSE_20220218_0000_0005
MAINTENANCE_RECOVERY,1645142700000,1645143600000,DAILY_SERVER_CLOSE_20220218_0000_0005
KINGEA_ENTRY_BLACKOUT,1645205400000,1645208100000,840120001:156933
BROKER_HMR_SCHEDULED,1645206300000,1645207500000,840120001:156933
MAINTENANCE_ENTRY_BLOCK,1645227000000,1645228500000,DAILY_SERVER_CLOSE_20220219_0000_0005
MAINTENANCE_FORCE_FLAT,1645228500000,1645229100000,DAILY_SERVER_CLOSE_20220219_0000_0005
MAINTENANCE_RECOVERY,1645229100000,1645230000000,DAILY_SERVER_CLOSE_20220219_0000_0005
MAINTENANCE_ENTRY_BLOCK,1645313400000,1645314900000,DAILY_SERVER_CLOSE_20220220_0000_0005
MAINTENANCE_ENTRY_BLOCK,1645313940000,1645315440000,SUNDAY_SERVER_CLOSE_20220220_0009_0019
MAINTENANCE_FORCE_FLAT,1645314900000,1645315500000,DAILY_SERVER_CLOSE_20220220_0000_0005
MAINTENANCE_FORCE_FLAT,1645315440000,1645316340000,SUNDAY_SERVER_CLOSE_20220220_0009_0019
MAINTENANCE_RECOVERY,1645315500000,1645316400000,DAILY_SERVER_CLOSE_20220220_0000_0005
MAINTENANCE_RECOVERY,1645316340000,1645317240000,SUNDAY_SERVER_CLOSE_20220220_0009_0019
MAINTENANCE_ENTRY_BLOCK,1645399800000,1645401300000,DAILY_SERVER_CLOSE_20220221_0000_0005
MAINTENANCE_FORCE_FLAT,1645401300000,1645401900000,DAILY_SERVER_CLOSE_20220221_0000_0005
MAINTENANCE_RECOVERY,1645401900000,1645402800000,DAILY_SERVER_CLOSE_20220221_0000_0005
MAINTENANCE_ENTRY_BLOCK,1645486200000,1645487700000,DAILY_SERVER_CLOSE_20220222_0000_0005
MAINTENANCE_FORCE_FLAT,1645487700000,1645488300000,DAILY_SERVER_CLOSE_20220222_0000_0005
MAINTENANCE_RECOVERY,1645488300000,1645489200000,DAILY_SERVER_CLOSE_20220222_0000_0005
KINGEA_ENTRY_BLACKOUT,1645550100000,1645552800000,840500001:164181
KINGEA_ENTRY_BLACKOUT,1645550100000,1645552800000,840500002:164182
BROKER_HMR_SCHEDULED,1645551000000,1645552200000,840500001:164181
BROKER_HMR_SCHEDULED,1645551000000,1645552200000,840500002:164182
KINGEA_ENTRY_BLACKOUT,1645551000000,1645553700000,840180002:160342
BROKER_HMR_SCHEDULED,1645551900000,1645553100000,840180002:160342
MAINTENANCE_ENTRY_BLOCK,1645572600000,1645574100000,DAILY_SERVER_CLOSE_20220223_0000_0005
MAINTENANCE_FORCE_FLAT,1645574100000,1645574700000,DAILY_SERVER_CLOSE_20220223_0000_0005
MAINTENANCE_RECOVERY,1645574700000,1645575600000,DAILY_SERVER_CLOSE_20220223_0000_0005
MAINTENANCE_ENTRY_BLOCK,1645659000000,1645660500000,DAILY_SERVER_CLOSE_20220224_0000_0005
MAINTENANCE_FORCE_FLAT,1645660500000,1645661100000,DAILY_SERVER_CLOSE_20220224_0000_0005
MAINTENANCE_RECOVERY,1645661100000,1645662000000,DAILY_SERVER_CLOSE_20220224_0000_0005
KINGEA_ENTRY_BLACKOUT,1645718400000,1645721100000,840010007:163409
KINGEA_ENTRY_BLACKOUT,1645718400000,1645721100000,840010018:163492
KINGEA_ENTRY_BLACKOUT,1645718400000,1645721100000,840140001:162956
BROKER_HMR_SCHEDULED,1645719300000,1645720500000,840010007:163409
BROKER_HMR_SCHEDULED,1645719300000,1645720500000,840010018:163492
BROKER_HMR_SCHEDULED,1645719300000,1645720500000,840140001:162956
KINGEA_ENTRY_BLACKOUT,1645723800000,1645726500000,840020008:155981
BROKER_HMR_SCHEDULED,1645724700000,1645725900000,840020008:155981
KINGEA_ENTRY_BLACKOUT,1645727400000,1645730100000,840200001:161663
BROKER_HMR_SCHEDULED,1645728300000,1645729500000,840200001:161663
MAINTENANCE_ENTRY_BLOCK,1645745400000,1645746900000,DAILY_SERVER_CLOSE_20220225_0000_0005
MAINTENANCE_FORCE_FLAT,1645746900000,1645747500000,DAILY_SERVER_CLOSE_20220225_0000_0005
MAINTENANCE_RECOVERY,1645747500000,1645748400000,DAILY_SERVER_CLOSE_20220225_0000_0005
KINGEA_ENTRY_BLACKOUT,1645804800000,1645807500000,840010001:163337
KINGEA_ENTRY_BLACKOUT,1645804800000,1645807500000,840010002:163349
KINGEA_ENTRY_BLACKOUT,1645804800000,1645807500000,840020013:156041
BROKER_HMR_SCHEDULED,1645805700000,1645806900000,840010001:163337
BROKER_HMR_SCHEDULED,1645805700000,1645806900000,840010002:163349
BROKER_HMR_SCHEDULED,1645805700000,1645806900000,840020013:156041
MAINTENANCE_ENTRY_BLOCK,1645831800000,1645833300000,DAILY_SERVER_CLOSE_20220226_0000_0005
MAINTENANCE_FORCE_FLAT,1645833300000,1645833900000,DAILY_SERVER_CLOSE_20220226_0000_0005
MAINTENANCE_RECOVERY,1645833900000,1645834800000,DAILY_SERVER_CLOSE_20220226_0000_0005
MAINTENANCE_ENTRY_BLOCK,1645918200000,1645919700000,DAILY_SERVER_CLOSE_20220227_0000_0005
MAINTENANCE_ENTRY_BLOCK,1645918740000,1645920240000,SUNDAY_SERVER_CLOSE_20220227_0009_0019
MAINTENANCE_FORCE_FLAT,1645919700000,1645920300000,DAILY_SERVER_CLOSE_20220227_0000_0005
MAINTENANCE_FORCE_FLAT,1645920240000,1645921140000,SUNDAY_SERVER_CLOSE_20220227_0009_0019
MAINTENANCE_RECOVERY,1645920300000,1645921200000,DAILY_SERVER_CLOSE_20220227_0000_0005
MAINTENANCE_RECOVERY,1645921140000,1645922040000,SUNDAY_SERVER_CLOSE_20220227_0009_0019
MAINTENANCE_ENTRY_BLOCK,1646004600000,1646006100000,DAILY_SERVER_CLOSE_20220228_0000_0005
MAINTENANCE_FORCE_FLAT,1646006100000,1646006700000,DAILY_SERVER_CLOSE_20220228_0000_0005
MAINTENANCE_RECOVERY,1646006700000,1646007600000,DAILY_SERVER_CLOSE_20220228_0000_0005
KINGEA_ENTRY_BLACKOUT,1646068500000,1646071200000,840510001:159409
BROKER_HMR_SCHEDULED,1646069400000,1646070600000,840510001:159409
MAINTENANCE_ENTRY_BLOCK,1646091000000,1646092500000,DAILY_SERVER_CLOSE_20220301_0000_0005
MAINTENANCE_FORCE_FLAT,1646092500000,1646093100000,DAILY_SERVER_CLOSE_20220301_0000_0005
MAINTENANCE_RECOVERY,1646093100000,1646094000000,DAILY_SERVER_CLOSE_20220301_0000_0005
KINGEA_ENTRY_BLACKOUT,1646154900000,1646157600000,840500001:164729
BROKER_HMR_SCHEDULED,1646155800000,1646157000000,840500001:164729
KINGEA_ENTRY_BLACKOUT,1646155800000,1646158500000,840040001:147262
KINGEA_ENTRY_BLACKOUT,1646155800000,1646158500000,840040002:147274
BROKER_HMR_SCHEDULED,1646156700000,1646157900000,840040001:147262
BROKER_HMR_SCHEDULED,1646156700000,1646157900000,840040002:147274
MAINTENANCE_ENTRY_BLOCK,1646177400000,1646178900000,DAILY_SERVER_CLOSE_20220302_0000_0005
MAINTENANCE_FORCE_FLAT,1646178900000,1646179500000,DAILY_SERVER_CLOSE_20220302_0000_0005
MAINTENANCE_RECOVERY,1646179500000,1646180400000,DAILY_SERVER_CLOSE_20220302_0000_0005
KINGEA_ENTRY_BLACKOUT,1646235900000,1646238600000,840190001:159487
BROKER_HMR_SCHEDULED,1646236800000,1646238000000,840190001:159487
KINGEA_ENTRY_BLACKOUT,1646242200000,1646244900000,840050021:165368
BROKER_HMR_SCHEDULED,1646243100000,1646244300000,840050021:165368
KINGEA_ENTRY_BLACKOUT,1646244000000,1646246700000,840200001:162640
BROKER_HMR_SCHEDULED,1646244900000,1646246100000,840200001:162640
MAINTENANCE_ENTRY_BLOCK,1646263800000,1646265300000,DAILY_SERVER_CLOSE_20220303_0000_0005
MAINTENANCE_FORCE_FLAT,1646265300000,1646265900000,DAILY_SERVER_CLOSE_20220303_0000_0005
MAINTENANCE_RECOVERY,1646265900000,1646266800000,DAILY_SERVER_CLOSE_20220303_0000_0005
KINGEA_ENTRY_BLACKOUT,1646323200000,1646325900000,840140001:164623
BROKER_HMR_SCHEDULED,1646324100000,1646325300000,840140001:164623
KINGEA_ENTRY_BLACKOUT,1646327700000,1646330400000,840500002:164887
BROKER_HMR_SCHEDULED,1646328600000,1646329800000,840500002:164887
KINGEA_ENTRY_BLACKOUT,1646328600000,1646331300000,840040003:147286
KINGEA_ENTRY_BLACKOUT,1646328600000,1646331300000,840040008:147360
KINGEA_ENTRY_BLACKOUT,1646328600000,1646331300000,840050021:165369
BROKER_HMR_SCHEDULED,1646329500000,1646330700000,840040003:147286
BROKER_HMR_SCHEDULED,1646329500000,1646330700000,840040008:147360
BROKER_HMR_SCHEDULED,1646329500000,1646330700000,840050021:165369
MAINTENANCE_ENTRY_BLOCK,1646350200000,1646351700000,DAILY_SERVER_CLOSE_20220304_0000_0005
MAINTENANCE_FORCE_FLAT,1646351700000,1646352300000,DAILY_SERVER_CLOSE_20220304_0000_0005
MAINTENANCE_RECOVERY,1646352300000,1646353200000,DAILY_SERVER_CLOSE_20220304_0000_0005
KINGEA_ENTRY_BLACKOUT,1646409600000,1646412300000,840030015:156561
KINGEA_ENTRY_BLACKOUT,1646409600000,1646412300000,840030016:156573
KINGEA_ENTRY_BLACKOUT,1646409600000,1646412300000,840030018:156597
BROKER_HMR_SCHEDULED,1646410500000,1646411700000,840030015:156561
BROKER_HMR_SCHEDULED,1646410500000,1646411700000,840030016:156573
BROKER_HMR_SCHEDULED,1646410500000,1646411700000,840030018:156597
MAINTENANCE_ENTRY_BLOCK,1646436600000,1646438100000,DAILY_SERVER_CLOSE_20220305_0000_0005
MAINTENANCE_FORCE_FLAT,1646438100000,1646438700000,DAILY_SERVER_CLOSE_20220305_0000_0005
MAINTENANCE_RECOVERY,1646438700000,1646439600000,DAILY_SERVER_CLOSE_20220305_0000_0005
MAINTENANCE_ENTRY_BLOCK,1646523000000,1646524500000,DAILY_SERVER_CLOSE_20220306_0000_0005
MAINTENANCE_ENTRY_BLOCK,1646523540000,1646525040000,SUNDAY_SERVER_CLOSE_20220306_0009_0019
MAINTENANCE_FORCE_FLAT,1646524500000,1646525100000,DAILY_SERVER_CLOSE_20220306_0000_0005
MAINTENANCE_FORCE_FLAT,1646525040000,1646525940000,SUNDAY_SERVER_CLOSE_20220306_0009_0019
MAINTENANCE_RECOVERY,1646525100000,1646526000000,DAILY_SERVER_CLOSE_20220306_0000_0005
MAINTENANCE_RECOVERY,1646525940000,1646526840000,SUNDAY_SERVER_CLOSE_20220306_0009_0019
MAINTENANCE_ENTRY_BLOCK,1646609400000,1646610900000,DAILY_SERVER_CLOSE_20220307_0000_0005
MAINTENANCE_FORCE_FLAT,1646610900000,1646611500000,DAILY_SERVER_CLOSE_20220307_0000_0005
MAINTENANCE_RECOVERY,1646611500000,1646612400000,DAILY_SERVER_CLOSE_20220307_0000_0005
MAINTENANCE_ENTRY_BLOCK,1646695800000,1646697300000,DAILY_SERVER_CLOSE_20220308_0000_0005
MAINTENANCE_FORCE_FLAT,1646697300000,1646697900000,DAILY_SERVER_CLOSE_20220308_0000_0005
MAINTENANCE_RECOVERY,1646697900000,1646698800000,DAILY_SERVER_CLOSE_20220308_0000_0005
MAINTENANCE_ENTRY_BLOCK,1646782200000,1646783700000,DAILY_SERVER_CLOSE_20220309_0000_0005
MAINTENANCE_FORCE_FLAT,1646783700000,1646784300000,DAILY_SERVER_CLOSE_20220309_0000_0005
MAINTENANCE_RECOVERY,1646784300000,1646785200000,DAILY_SERVER_CLOSE_20220309_0000_0005
KINGEA_ENTRY_BLACKOUT,1646847000000,1646849700000,840030021:158438
BROKER_HMR_SCHEDULED,1646847900000,1646849100000,840030021:158438
KINGEA_ENTRY_BLACKOUT,1646848800000,1646851500000,840200001:163743
BROKER_HMR_SCHEDULED,1646849700000,1646850900000,840200001:163743
KINGEA_ENTRY_BLACKOUT,1646857800000,1646860500000,840220014:157603
BROKER_HMR_SCHEDULED,1646858700000,1646859900000,840220014:157603
MAINTENANCE_ENTRY_BLOCK,1646868600000,1646870100000,DAILY_SERVER_CLOSE_20220310_0000_0005
MAINTENANCE_FORCE_FLAT,1646870100000,1646870700000,DAILY_SERVER_CLOSE_20220310_0000_0005
MAINTENANCE_RECOVERY,1646870700000,1646871600000,DAILY_SERVER_CLOSE_20220310_0000_0005
KINGEA_ENTRY_BLACKOUT,1646928000000,1646930700000,840030005:156441
KINGEA_ENTRY_BLACKOUT,1646928000000,1646930700000,840030006:156453
KINGEA_ENTRY_BLACKOUT,1646928000000,1646930700000,840030007:156465
KINGEA_ENTRY_BLACKOUT,1646928000000,1646930700000,840030034:156745
KINGEA_ENTRY_BLACKOUT,1646928000000,1646930700000,840030035:156757
KINGEA_ENTRY_BLACKOUT,1646928000000,1646930700000,840140001:164624
BROKER_HMR_SCHEDULED,1646928900000,1646930100000,840030005:156441
BROKER_HMR_SCHEDULED,1646928900000,1646930100000,840030006:156453
BROKER_HMR_SCHEDULED,1646928900000,1646930100000,840030007:156465
BROKER_HMR_SCHEDULED,1646928900000,1646930100000,840030034:156745
BROKER_HMR_SCHEDULED,1646928900000,1646930100000,840030035:156757
BROKER_HMR_SCHEDULED,1646928900000,1646930100000,840140001:164624
KINGEA_ENTRY_BLACKOUT,1646944200000,1646946900000,840220015:157606
BROKER_HMR_SCHEDULED,1646945100000,1646946300000,840220015:157606
MAINTENANCE_ENTRY_BLOCK,1646955000000,1646956500000,DAILY_SERVER_CLOSE_20220311_0000_0005
MAINTENANCE_FORCE_FLAT,1646956500000,1646957100000,DAILY_SERVER_CLOSE_20220311_0000_0005
MAINTENANCE_RECOVERY,1646957100000,1646958000000,DAILY_SERVER_CLOSE_20220311_0000_0005
MAINTENANCE_ENTRY_BLOCK,1647041400000,1647042900000,DAILY_SERVER_CLOSE_20220312_0000_0005
MAINTENANCE_FORCE_FLAT,1647042900000,1647043500000,DAILY_SERVER_CLOSE_20220312_0000_0005
MAINTENANCE_RECOVERY,1647043500000,1647044400000,DAILY_SERVER_CLOSE_20220312_0000_0005
MAINTENANCE_ENTRY_BLOCK,1647127800000,1647129300000,DAILY_SERVER_CLOSE_20220313_0000_0005
MAINTENANCE_ENTRY_BLOCK,1647128340000,1647129840000,SUNDAY_SERVER_CLOSE_20220313_0009_0019
MAINTENANCE_FORCE_FLAT,1647129300000,1647129900000,DAILY_SERVER_CLOSE_20220313_0000_0005
MAINTENANCE_FORCE_FLAT,1647129840000,1647130740000,SUNDAY_SERVER_CLOSE_20220313_0009_0019
MAINTENANCE_RECOVERY,1647129900000,1647130800000,DAILY_SERVER_CLOSE_20220313_0000_0005
MAINTENANCE_RECOVERY,1647130740000,1647131640000,SUNDAY_SERVER_CLOSE_20220313_0009_0019
MAINTENANCE_ENTRY_BLOCK,1647214200000,1647215700000,DAILY_SERVER_CLOSE_20220314_0000_0005
MAINTENANCE_FORCE_FLAT,1647215700000,1647216300000,DAILY_SERVER_CLOSE_20220314_0000_0005
MAINTENANCE_RECOVERY,1647216300000,1647217200000,DAILY_SERVER_CLOSE_20220314_0000_0005
MAINTENANCE_ENTRY_BLOCK,1647300600000,1647302100000,DAILY_SERVER_CLOSE_20220315_0000_0005
MAINTENANCE_FORCE_FLAT,1647302100000,1647302700000,DAILY_SERVER_CLOSE_20220315_0000_0005
MAINTENANCE_RECOVERY,1647302700000,1647303600000,DAILY_SERVER_CLOSE_20220315_0000_0005
KINGEA_ENTRY_BLACKOUT,1647356400000,1647359100000,840030001:156393
BROKER_HMR_SCHEDULED,1647357300000,1647358500000,840030001:156393
MAINTENANCE_ENTRY_BLOCK,1647387000000,1647388500000,DAILY_SERVER_CLOSE_20220316_0000_0005
MAINTENANCE_FORCE_FLAT,1647388500000,1647389100000,DAILY_SERVER_CLOSE_20220316_0000_0005
MAINTENANCE_RECOVERY,1647389100000,1647390000000,DAILY_SERVER_CLOSE_20220316_0000_0005
KINGEA_ENTRY_BLACKOUT,1647442800000,1647445500000,840020010:156006
KINGEA_ENTRY_BLACKOUT,1647442800000,1647445500000,840020011:156018
BROKER_HMR_SCHEDULED,1647443700000,1647444900000,840020010:156006
BROKER_HMR_SCHEDULED,1647443700000,1647444900000,840020011:156018
KINGEA_ENTRY_BLACKOUT,1647450000000,1647452700000,840200001:163993
BROKER_HMR_SCHEDULED,1647450900000,1647452100000,840200001:163993
KINGEA_ENTRY_BLACKOUT,1647462600000,1647465300000,840050014:152422
BROKER_HMR_SCHEDULED,1647463500000,1647464700000,840050014:152422
KINGEA_ENTRY_BLACKOUT,1647464400000,1647467100000,840050018:152430
BROKER_HMR_SCHEDULED,1647465300000,1647466500000,840050018:152430
MAINTENANCE_ENTRY_BLOCK,1647473400000,1647474900000,DAILY_SERVER_CLOSE_20220317_0000_0005
MAINTENANCE_FORCE_FLAT,1647474900000,1647475500000,DAILY_SERVER_CLOSE_20220317_0000_0005
MAINTENANCE_RECOVERY,1647475500000,1647476400000,DAILY_SERVER_CLOSE_20220317_0000_0005
KINGEA_ENTRY_BLACKOUT,1647529200000,1647531900000,840070001:158352
KINGEA_ENTRY_BLACKOUT,1647529200000,1647531900000,840140001:164625
BROKER_HMR_SCHEDULED,1647530100000,1647531300000,840070001:158352
BROKER_HMR_SCHEDULED,1647530100000,1647531300000,840140001:164625
MAINTENANCE_ENTRY_BLOCK,1647559800000,1647561300000,DAILY_SERVER_CLOSE_20220318_0000_0005
MAINTENANCE_FORCE_FLAT,1647561300000,1647561900000,DAILY_SERVER_CLOSE_20220318_0000_0005
MAINTENANCE_RECOVERY,1647561900000,1647562800000,DAILY_SERVER_CLOSE_20220318_0000_0005
KINGEA_ENTRY_BLACKOUT,1647621000000,1647623700000,840120001:156934
BROKER_HMR_SCHEDULED,1647621900000,1647623100000,840120001:156934
MAINTENANCE_ENTRY_BLOCK,1647646200000,1647647700000,DAILY_SERVER_CLOSE_20220319_0000_0005
MAINTENANCE_FORCE_FLAT,1647647700000,1647648300000,DAILY_SERVER_CLOSE_20220319_0000_0005
MAINTENANCE_RECOVERY,1647648300000,1647649200000,DAILY_SERVER_CLOSE_20220319_0000_0005
MAINTENANCE_ENTRY_BLOCK,1647732600000,1647734100000,DAILY_SERVER_CLOSE_20220320_0000_0005
MAINTENANCE_ENTRY_BLOCK,1647733140000,1647734640000,SUNDAY_SERVER_CLOSE_20220320_0009_0019
MAINTENANCE_FORCE_FLAT,1647734100000,1647734700000,DAILY_SERVER_CLOSE_20220320_0000_0005
MAINTENANCE_FORCE_FLAT,1647734640000,1647735540000,SUNDAY_SERVER_CLOSE_20220320_0009_0019
MAINTENANCE_RECOVERY,1647734700000,1647735600000,DAILY_SERVER_CLOSE_20220320_0000_0005
MAINTENANCE_RECOVERY,1647735540000,1647736440000,SUNDAY_SERVER_CLOSE_20220320_0009_0019
MAINTENANCE_ENTRY_BLOCK,1647819000000,1647820500000,DAILY_SERVER_CLOSE_20220321_0000_0005
MAINTENANCE_FORCE_FLAT,1647820500000,1647821100000,DAILY_SERVER_CLOSE_20220321_0000_0005
MAINTENANCE_RECOVERY,1647821100000,1647822000000,DAILY_SERVER_CLOSE_20220321_0000_0005
KINGEA_ENTRY_BLACKOUT,1647889200000,1647891900000,840050022:166241
BROKER_HMR_SCHEDULED,1647890100000,1647891300000,840050022:166241
MAINTENANCE_ENTRY_BLOCK,1647905400000,1647906900000,DAILY_SERVER_CLOSE_20220322_0000_0005
MAINTENANCE_FORCE_FLAT,1647906900000,1647907500000,DAILY_SERVER_CLOSE_20220322_0000_0005
MAINTENANCE_RECOVERY,1647907500000,1647908400000,DAILY_SERVER_CLOSE_20220322_0000_0005
MAINTENANCE_ENTRY_BLOCK,1647991800000,1647993300000,DAILY_SERVER_CLOSE_20220323_0000_0005
MAINTENANCE_FORCE_FLAT,1647993300000,1647993900000,DAILY_SERVER_CLOSE_20220323_0000_0005
MAINTENANCE_RECOVERY,1647993900000,1647994800000,DAILY_SERVER_CLOSE_20220323_0000_0005
KINGEA_ENTRY_BLACKOUT,1648045800000,1648048500000,840050022:166173
BROKER_HMR_SCHEDULED,1648046700000,1648047900000,840050022:166173
KINGEA_ENTRY_BLACKOUT,1648053000000,1648055700000,840020008:155982
BROKER_HMR_SCHEDULED,1648053900000,1648055100000,840020008:155982
KINGEA_ENTRY_BLACKOUT,1648054800000,1648057500000,840200001:164384
BROKER_HMR_SCHEDULED,1648055700000,1648056900000,840200001:164384
MAINTENANCE_ENTRY_BLOCK,1648078200000,1648079700000,DAILY_SERVER_CLOSE_20220324_0000_0005
MAINTENANCE_FORCE_FLAT,1648079700000,1648080300000,DAILY_SERVER_CLOSE_20220324_0000_0005
MAINTENANCE_RECOVERY,1648080300000,1648081200000,DAILY_SERVER_CLOSE_20220324_0000_0005
KINGEA_ENTRY_BLACKOUT,1648134000000,1648136700000,840020013:156042
KINGEA_ENTRY_BLACKOUT,1648134000000,1648136700000,840140001:164626
BROKER_HMR_SCHEDULED,1648134900000,1648136100000,840020013:156042
BROKER_HMR_SCHEDULED,1648134900000,1648136100000,840140001:164626
KINGEA_ENTRY_BLACKOUT,1648138500000,1648141200000,840500001:165356
KINGEA_ENTRY_BLACKOUT,1648138500000,1648141200000,840500002:165357
BROKER_HMR_SCHEDULED,1648139400000,1648140600000,840500001:165356
BROKER_HMR_SCHEDULED,1648139400000,1648140600000,840500002:165357
MAINTENANCE_ENTRY_BLOCK,1648164600000,1648166100000,DAILY_SERVER_CLOSE_20220325_0000_0005
MAINTENANCE_FORCE_FLAT,1648166100000,1648166700000,DAILY_SERVER_CLOSE_20220325_0000_0005
MAINTENANCE_RECOVERY,1648166700000,1648167600000,DAILY_SERVER_CLOSE_20220325_0000_0005
MAINTENANCE_ENTRY_BLOCK,1648251000000,1648252500000,DAILY_SERVER_CLOSE_20220326_0000_0005
MAINTENANCE_FORCE_FLAT,1648252500000,1648253100000,DAILY_SERVER_CLOSE_20220326_0000_0005
MAINTENANCE_RECOVERY,1648253100000,1648254000000,DAILY_SERVER_CLOSE_20220326_0000_0005
MAINTENANCE_ENTRY_BLOCK,1648337400000,1648338900000,DAILY_SERVER_CLOSE_20220327_0000_0005
MAINTENANCE_ENTRY_BLOCK,1648337940000,1648339440000,SUNDAY_SERVER_CLOSE_20220327_0009_0019
MAINTENANCE_FORCE_FLAT,1648338900000,1648339500000,DAILY_SERVER_CLOSE_20220327_0000_0005
MAINTENANCE_FORCE_FLAT,1648339440000,1648340340000,SUNDAY_SERVER_CLOSE_20220327_0009_0019
MAINTENANCE_RECOVERY,1648339500000,1648340400000,DAILY_SERVER_CLOSE_20220327_0000_0005
MAINTENANCE_RECOVERY,1648340340000,1648341240000,SUNDAY_SERVER_CLOSE_20220327_0009_0019
MAINTENANCE_ENTRY_BLOCK,1648423800000,1648425300000,DAILY_SERVER_CLOSE_20220328_0000_0005
MAINTENANCE_FORCE_FLAT,1648425300000,1648425900000,DAILY_SERVER_CLOSE_20220328_0000_0005
MAINTENANCE_RECOVERY,1648425900000,1648426800000,DAILY_SERVER_CLOSE_20220328_0000_0005
MAINTENANCE_ENTRY_BLOCK,1648510200000,1648511700000,DAILY_SERVER_CLOSE_20220329_0000_0005
MAINTENANCE_FORCE_FLAT,1648511700000,1648512300000,DAILY_SERVER_CLOSE_20220329_0000_0005
MAINTENANCE_RECOVERY,1648512300000,1648513200000,DAILY_SERVER_CLOSE_20220329_0000_0005
KINGEA_ENTRY_BLACKOUT,1648571400000,1648574100000,840030021:158439
KINGEA_ENTRY_BLACKOUT,1648571400000,1648574100000,840180002:160343
BROKER_HMR_SCHEDULED,1648572300000,1648573500000,840030021:158439
BROKER_HMR_SCHEDULED,1648572300000,1648573500000,840180002:160343
MAINTENANCE_ENTRY_BLOCK,1648596600000,1648598100000,DAILY_SERVER_CLOSE_20220330_0000_0005
MAINTENANCE_FORCE_FLAT,1648598100000,1648598700000,DAILY_SERVER_CLOSE_20220330_0000_0005
MAINTENANCE_RECOVERY,1648598700000,1648599600000,DAILY_SERVER_CLOSE_20220330_0000_0005
KINGEA_ENTRY_BLACKOUT,1648651500000,1648654200000,840190001:159488
BROKER_HMR_SCHEDULED,1648652400000,1648653600000,840190001:159488
KINGEA_ENTRY_BLACKOUT,1648652400000,1648655100000,840010007:163410
KINGEA_ENTRY_BLACKOUT,1648652400000,1648655100000,840010018:163493
BROKER_HMR_SCHEDULED,1648653300000,1648654500000,840010007:163410
BROKER_HMR_SCHEDULED,1648653300000,1648654500000,840010018:163493
KINGEA_ENTRY_BLACKOUT,1648659600000,1648662300000,840200001:164748
BROKER_HMR_SCHEDULED,1648660500000,1648661700000,840200001:164748
MAINTENANCE_ENTRY_BLOCK,1648683000000,1648684500000,DAILY_SERVER_CLOSE_20220331_0000_0005
MAINTENANCE_FORCE_FLAT,1648684500000,1648685100000,DAILY_SERVER_CLOSE_20220331_0000_0005
MAINTENANCE_RECOVERY,1648685100000,1648686000000,DAILY_SERVER_CLOSE_20220331_0000_0005
KINGEA_ENTRY_BLACKOUT,1648738800000,1648741500000,840010001:163338
KINGEA_ENTRY_BLACKOUT,1648738800000,1648741500000,840010002:163350
KINGEA_ENTRY_BLACKOUT,1648738800000,1648741500000,840140001:164627
BROKER_HMR_SCHEDULED,1648739700000,1648740900000,840010001:163338
BROKER_HMR_SCHEDULED,1648739700000,1648740900000,840010002:163350
BROKER_HMR_SCHEDULED,1648739700000,1648740900000,840140001:164627
KINGEA_ENTRY_BLACKOUT,1648743300000,1648746000000,840510001:162877
BROKER_HMR_SCHEDULED,1648744200000,1648745400000,840510001:162877
MAINTENANCE_ENTRY_BLOCK,1648769400000,1648770900000,DAILY_SERVER_CLOSE_20220401_0000_0005
MAINTENANCE_FORCE_FLAT,1648770900000,1648771500000,DAILY_SERVER_CLOSE_20220401_0000_0005
MAINTENANCE_RECOVERY,1648771500000,1648772400000,DAILY_SERVER_CLOSE_20220401_0000_0005
KINGEA_ENTRY_BLACKOUT,1648825200000,1648827900000,840030015:156562
KINGEA_ENTRY_BLACKOUT,1648825200000,1648827900000,840030016:156574
KINGEA_ENTRY_BLACKOUT,1648825200000,1648827900000,840030018:156598
BROKER_HMR_SCHEDULED,1648826100000,1648827300000,840030015:156562
BROKER_HMR_SCHEDULED,1648826100000,1648827300000,840030016:156574
BROKER_HMR_SCHEDULED,1648826100000,1648827300000,840030018:156598
KINGEA_ENTRY_BLACKOUT,1648829700000,1648832400000,840500001:165600
BROKER_HMR_SCHEDULED,1648830600000,1648831800000,840500001:165600
KINGEA_ENTRY_BLACKOUT,1648830600000,1648833300000,840040001:147263
KINGEA_ENTRY_BLACKOUT,1648830600000,1648833300000,840040002:147275
BROKER_HMR_SCHEDULED,1648831500000,1648832700000,840040001:147263
BROKER_HMR_SCHEDULED,1648831500000,1648832700000,840040002:147275
MAINTENANCE_ENTRY_BLOCK,1648855800000,1648857300000,DAILY_SERVER_CLOSE_20220402_0000_0005
MAINTENANCE_FORCE_FLAT,1648857300000,1648857900000,DAILY_SERVER_CLOSE_20220402_0000_0005
MAINTENANCE_RECOVERY,1648857900000,1648858800000,DAILY_SERVER_CLOSE_20220402_0000_0005
MAINTENANCE_ENTRY_BLOCK,1648942200000,1648943700000,DAILY_SERVER_CLOSE_20220403_0000_0005
MAINTENANCE_ENTRY_BLOCK,1648942740000,1648944240000,SUNDAY_SERVER_CLOSE_20220403_0009_0019
MAINTENANCE_FORCE_FLAT,1648943700000,1648944300000,DAILY_SERVER_CLOSE_20220403_0000_0005
MAINTENANCE_FORCE_FLAT,1648944240000,1648945140000,SUNDAY_SERVER_CLOSE_20220403_0009_0019
MAINTENANCE_RECOVERY,1648944300000,1648945200000,DAILY_SERVER_CLOSE_20220403_0000_0005
MAINTENANCE_RECOVERY,1648945140000,1648946040000,SUNDAY_SERVER_CLOSE_20220403_0009_0019
MAINTENANCE_ENTRY_BLOCK,1649028600000,1649030100000,DAILY_SERVER_CLOSE_20220404_0000_0005
MAINTENANCE_FORCE_FLAT,1649030100000,1649030700000,DAILY_SERVER_CLOSE_20220404_0000_0005
MAINTENANCE_RECOVERY,1649030700000,1649031600000,DAILY_SERVER_CLOSE_20220404_0000_0005
MAINTENANCE_ENTRY_BLOCK,1649115000000,1649116500000,DAILY_SERVER_CLOSE_20220405_0000_0005
MAINTENANCE_FORCE_FLAT,1649116500000,1649117100000,DAILY_SERVER_CLOSE_20220405_0000_0005
MAINTENANCE_RECOVERY,1649117100000,1649118000000,DAILY_SERVER_CLOSE_20220405_0000_0005
KINGEA_ENTRY_BLACKOUT,1649175300000,1649178000000,840500002:165807
BROKER_HMR_SCHEDULED,1649176200000,1649177400000,840500002:165807
KINGEA_ENTRY_BLACKOUT,1649176200000,1649178900000,840040003:147287
KINGEA_ENTRY_BLACKOUT,1649176200000,1649178900000,840040008:147361
BROKER_HMR_SCHEDULED,1649177100000,1649178300000,840040003:147287
BROKER_HMR_SCHEDULED,1649177100000,1649178300000,840040008:147361
MAINTENANCE_ENTRY_BLOCK,1649201400000,1649202900000,DAILY_SERVER_CLOSE_20220406_0000_0005
MAINTENANCE_FORCE_FLAT,1649202900000,1649203500000,DAILY_SERVER_CLOSE_20220406_0000_0005
MAINTENANCE_RECOVERY,1649203500000,1649204400000,DAILY_SERVER_CLOSE_20220406_0000_0005
KINGEA_ENTRY_BLACKOUT,1649264400000,1649267100000,840200001:165102
BROKER_HMR_SCHEDULED,1649265300000,1649266500000,840200001:165102
MAINTENANCE_ENTRY_BLOCK,1649287800000,1649289300000,DAILY_SERVER_CLOSE_20220407_0000_0005
MAINTENANCE_FORCE_FLAT,1649289300000,1649289900000,DAILY_SERVER_CLOSE_20220407_0000_0005
MAINTENANCE_RECOVERY,1649289900000,1649290800000,DAILY_SERVER_CLOSE_20220407_0000_0005
KINGEA_ENTRY_BLACKOUT,1649343600000,1649346300000,840140001:165539
BROKER_HMR_SCHEDULED,1649344500000,1649345700000,840140001:165539
MAINTENANCE_ENTRY_BLOCK,1649374200000,1649375700000,DAILY_SERVER_CLOSE_20220408_0000_0005
MAINTENANCE_FORCE_FLAT,1649375700000,1649376300000,DAILY_SERVER_CLOSE_20220408_0000_0005
MAINTENANCE_RECOVERY,1649376300000,1649377200000,DAILY_SERVER_CLOSE_20220408_0000_0005
MAINTENANCE_ENTRY_BLOCK,1649460600000,1649462100000,DAILY_SERVER_CLOSE_20220409_0000_0005
MAINTENANCE_FORCE_FLAT,1649462100000,1649462700000,DAILY_SERVER_CLOSE_20220409_0000_0005
MAINTENANCE_RECOVERY,1649462700000,1649463600000,DAILY_SERVER_CLOSE_20220409_0000_0005
MAINTENANCE_ENTRY_BLOCK,1649547000000,1649548500000,DAILY_SERVER_CLOSE_20220410_0000_0005
MAINTENANCE_ENTRY_BLOCK,1649547540000,1649549040000,SUNDAY_SERVER_CLOSE_20220410_0009_0019
MAINTENANCE_FORCE_FLAT,1649548500000,1649549100000,DAILY_SERVER_CLOSE_20220410_0000_0005
MAINTENANCE_FORCE_FLAT,1649549040000,1649549940000,SUNDAY_SERVER_CLOSE_20220410_0009_0019
MAINTENANCE_RECOVERY,1649549100000,1649550000000,DAILY_SERVER_CLOSE_20220410_0000_0005
MAINTENANCE_RECOVERY,1649549940000,1649550840000,SUNDAY_SERVER_CLOSE_20220410_0009_0019
MAINTENANCE_ENTRY_BLOCK,1649633400000,1649634900000,DAILY_SERVER_CLOSE_20220411_0000_0005
MAINTENANCE_FORCE_FLAT,1649634900000,1649635500000,DAILY_SERVER_CLOSE_20220411_0000_0005
MAINTENANCE_RECOVERY,1649635500000,1649636400000,DAILY_SERVER_CLOSE_20220411_0000_0005
MAINTENANCE_ENTRY_BLOCK,1649719800000,1649721300000,DAILY_SERVER_CLOSE_20220412_0000_0005
MAINTENANCE_FORCE_FLAT,1649721300000,1649721900000,DAILY_SERVER_CLOSE_20220412_0000_0005
MAINTENANCE_RECOVERY,1649721900000,1649722800000,DAILY_SERVER_CLOSE_20220412_0000_0005
KINGEA_ENTRY_BLACKOUT,1649775600000,1649778300000,840030005:156442
KINGEA_ENTRY_BLACKOUT,1649775600000,1649778300000,840030006:156454
KINGEA_ENTRY_BLACKOUT,1649775600000,1649778300000,840030007:156466
KINGEA_ENTRY_BLACKOUT,1649775600000,1649778300000,840030034:156746
KINGEA_ENTRY_BLACKOUT,1649775600000,1649778300000,840030035:156758
BROKER_HMR_SCHEDULED,1649776500000,1649777700000,840030005:156442
BROKER_HMR_SCHEDULED,1649776500000,1649777700000,840030006:156454
BROKER_HMR_SCHEDULED,1649776500000,1649777700000,840030007:156466
BROKER_HMR_SCHEDULED,1649776500000,1649777700000,840030034:156746
BROKER_HMR_SCHEDULED,1649776500000,1649777700000,840030035:156758
KINGEA_ENTRY_BLACKOUT,1649791800000,1649794500000,840220014:157604
BROKER_HMR_SCHEDULED,1649792700000,1649793900000,840220014:157604
MAINTENANCE_ENTRY_BLOCK,1649806200000,1649807700000,DAILY_SERVER_CLOSE_20220413_0000_0005
MAINTENANCE_FORCE_FLAT,1649807700000,1649808300000,DAILY_SERVER_CLOSE_20220413_0000_0005
MAINTENANCE_RECOVERY,1649808300000,1649809200000,DAILY_SERVER_CLOSE_20220413_0000_0005
KINGEA_ENTRY_BLACKOUT,1649862000000,1649864700000,840030001:156394
BROKER_HMR_SCHEDULED,1649862900000,1649864100000,840030001:156394
KINGEA_ENTRY_BLACKOUT,1649869200000,1649871900000,840200001:165230
BROKER_HMR_SCHEDULED,1649870100000,1649871300000,840200001:165230
KINGEA_ENTRY_BLACKOUT,1649878200000,1649880900000,840220015:157607
BROKER_HMR_SCHEDULED,1649879100000,1649880300000,840220015:157607
MAINTENANCE_ENTRY_BLOCK,1649892600000,1649894100000,DAILY_SERVER_CLOSE_20220414_0000_0005
MAINTENANCE_FORCE_FLAT,1649894100000,1649894700000,DAILY_SERVER_CLOSE_20220414_0000_0005
MAINTENANCE_RECOVERY,1649894700000,1649895600000,DAILY_SERVER_CLOSE_20220414_0000_0005
KINGEA_ENTRY_BLACKOUT,1649948400000,1649951100000,840020010:156007
KINGEA_ENTRY_BLACKOUT,1649948400000,1649951100000,840020011:156019
KINGEA_ENTRY_BLACKOUT,1649948400000,1649951100000,840140001:165540
BROKER_HMR_SCHEDULED,1649949300000,1649950500000,840020010:156007
BROKER_HMR_SCHEDULED,1649949300000,1649950500000,840020011:156019
BROKER_HMR_SCHEDULED,1649949300000,1649950500000,840140001:165540
MAINTENANCE_ENTRY_BLOCK,1649979000000,1649980500000,DAILY_SERVER_CLOSE_20220415_0000_0005
MAINTENANCE_FORCE_FLAT,1649980500000,1649981100000,DAILY_SERVER_CLOSE_20220415_0000_0005
MAINTENANCE_RECOVERY,1649981100000,1649982000000,DAILY_SERVER_CLOSE_20220415_0000_0005
MAINTENANCE_ENTRY_BLOCK,1650065400000,1650066900000,DAILY_SERVER_CLOSE_20220416_0000_0005
MAINTENANCE_FORCE_FLAT,1650066900000,1650067500000,DAILY_SERVER_CLOSE_20220416_0000_0005
MAINTENANCE_RECOVERY,1650067500000,1650068400000,DAILY_SERVER_CLOSE_20220416_0000_0005
MAINTENANCE_ENTRY_BLOCK,1650151800000,1650153300000,DAILY_SERVER_CLOSE_20220417_0000_0005
MAINTENANCE_ENTRY_BLOCK,1650152340000,1650153840000,SUNDAY_SERVER_CLOSE_20220417_0009_0019
MAINTENANCE_FORCE_FLAT,1650153300000,1650153900000,DAILY_SERVER_CLOSE_20220417_0000_0005
MAINTENANCE_FORCE_FLAT,1650153840000,1650154740000,SUNDAY_SERVER_CLOSE_20220417_0009_0019
MAINTENANCE_RECOVERY,1650153900000,1650154800000,DAILY_SERVER_CLOSE_20220417_0000_0005
MAINTENANCE_RECOVERY,1650154740000,1650155640000,SUNDAY_SERVER_CLOSE_20220417_0009_0019
MAINTENANCE_ENTRY_BLOCK,1650238200000,1650239700000,DAILY_SERVER_CLOSE_20220418_0000_0005
MAINTENANCE_FORCE_FLAT,1650239700000,1650240300000,DAILY_SERVER_CLOSE_20220418_0000_0005
MAINTENANCE_RECOVERY,1650240300000,1650241200000,DAILY_SERVER_CLOSE_20220418_0000_0005
MAINTENANCE_ENTRY_BLOCK,1650324600000,1650326100000,DAILY_SERVER_CLOSE_20220419_0000_0005
MAINTENANCE_FORCE_FLAT,1650326100000,1650326700000,DAILY_SERVER_CLOSE_20220419_0000_0005
MAINTENANCE_RECOVERY,1650326700000,1650327600000,DAILY_SERVER_CLOSE_20220419_0000_0005
MAINTENANCE_ENTRY_BLOCK,1650411000000,1650412500000,DAILY_SERVER_CLOSE_20220420_0000_0005
MAINTENANCE_FORCE_FLAT,1650412500000,1650413100000,DAILY_SERVER_CLOSE_20220420_0000_0005
MAINTENANCE_RECOVERY,1650413100000,1650414000000,DAILY_SERVER_CLOSE_20220420_0000_0005
KINGEA_ENTRY_BLACKOUT,1650472200000,1650474900000,840120001:156935
BROKER_HMR_SCHEDULED,1650473100000,1650474300000,840120001:156935
KINGEA_ENTRY_BLACKOUT,1650474000000,1650476700000,840200001:165330
BROKER_HMR_SCHEDULED,1650474900000,1650476100000,840200001:165330
MAINTENANCE_ENTRY_BLOCK,1650497400000,1650498900000,DAILY_SERVER_CLOSE_20220421_0000_0005
MAINTENANCE_FORCE_FLAT,1650498900000,1650499500000,DAILY_SERVER_CLOSE_20220421_0000_0005
MAINTENANCE_RECOVERY,1650499500000,1650500400000,DAILY_SERVER_CLOSE_20220421_0000_0005
KINGEA_ENTRY_BLACKOUT,1650553200000,1650555900000,840070001:158353
KINGEA_ENTRY_BLACKOUT,1650553200000,1650555900000,840140001:165541
BROKER_HMR_SCHEDULED,1650554100000,1650555300000,840070001:158353
BROKER_HMR_SCHEDULED,1650554100000,1650555300000,840140001:165541
KINGEA_ENTRY_BLACKOUT,1650562200000,1650564900000,840050022:166969
BROKER_HMR_SCHEDULED,1650563100000,1650564300000,840050022:166969
KINGEA_ENTRY_BLACKOUT,1650569400000,1650572100000,840050022:166970
BROKER_HMR_SCHEDULED,1650570300000,1650571500000,840050022:166970
MAINTENANCE_ENTRY_BLOCK,1650583800000,1650585300000,DAILY_SERVER_CLOSE_20220422_0000_0005
MAINTENANCE_FORCE_FLAT,1650585300000,1650585900000,DAILY_SERVER_CLOSE_20220422_0000_0005
MAINTENANCE_RECOVERY,1650585900000,1650586800000,DAILY_SERVER_CLOSE_20220422_0000_0005
KINGEA_ENTRY_BLACKOUT,1650644100000,1650646800000,840500001:166263
KINGEA_ENTRY_BLACKOUT,1650644100000,1650646800000,840500002:166264
BROKER_HMR_SCHEDULED,1650645000000,1650646200000,840500001:166263
BROKER_HMR_SCHEDULED,1650645000000,1650646200000,840500002:166264
MAINTENANCE_ENTRY_BLOCK,1650670200000,1650671700000,DAILY_SERVER_CLOSE_20220423_0000_0005
MAINTENANCE_FORCE_FLAT,1650671700000,1650672300000,DAILY_SERVER_CLOSE_20220423_0000_0005
MAINTENANCE_RECOVERY,1650672300000,1650673200000,DAILY_SERVER_CLOSE_20220423_0000_0005
MAINTENANCE_ENTRY_BLOCK,1650756600000,1650758100000,DAILY_SERVER_CLOSE_20220424_0000_0005
MAINTENANCE_ENTRY_BLOCK,1650757140000,1650758640000,SUNDAY_SERVER_CLOSE_20220424_0009_0019
MAINTENANCE_FORCE_FLAT,1650758100000,1650758700000,DAILY_SERVER_CLOSE_20220424_0000_0005
MAINTENANCE_FORCE_FLAT,1650758640000,1650759540000,SUNDAY_SERVER_CLOSE_20220424_0009_0019
MAINTENANCE_RECOVERY,1650758700000,1650759600000,DAILY_SERVER_CLOSE_20220424_0000_0005
MAINTENANCE_RECOVERY,1650759540000,1650760440000,SUNDAY_SERVER_CLOSE_20220424_0009_0019
MAINTENANCE_ENTRY_BLOCK,1650843000000,1650844500000,DAILY_SERVER_CLOSE_20220425_0000_0005
MAINTENANCE_FORCE_FLAT,1650844500000,1650845100000,DAILY_SERVER_CLOSE_20220425_0000_0005
MAINTENANCE_RECOVERY,1650845100000,1650846000000,DAILY_SERVER_CLOSE_20220425_0000_0005
MAINTENANCE_ENTRY_BLOCK,1650929400000,1650930900000,DAILY_SERVER_CLOSE_20220426_0000_0005
MAINTENANCE_FORCE_FLAT,1650930900000,1650931500000,DAILY_SERVER_CLOSE_20220426_0000_0005
MAINTENANCE_RECOVERY,1650931500000,1650932400000,DAILY_SERVER_CLOSE_20220426_0000_0005
KINGEA_ENTRY_BLACKOUT,1650985200000,1650987900000,840020013:156043
BROKER_HMR_SCHEDULED,1650986100000,1650987300000,840020013:156043
KINGEA_ENTRY_BLACKOUT,1650990600000,1650993300000,840020008:155983
KINGEA_ENTRY_BLACKOUT,1650990600000,1650993300000,840180002:160344
BROKER_HMR_SCHEDULED,1650991500000,1650992700000,840020008:155983
BROKER_HMR_SCHEDULED,1650991500000,1650992700000,840180002:160344
MAINTENANCE_ENTRY_BLOCK,1651015800000,1651017300000,DAILY_SERVER_CLOSE_20220427_0000_0005
MAINTENANCE_FORCE_FLAT,1651017300000,1651017900000,DAILY_SERVER_CLOSE_20220427_0000_0005
MAINTENANCE_RECOVERY,1651017900000,1651018800000,DAILY_SERVER_CLOSE_20220427_0000_0005
KINGEA_ENTRY_BLACKOUT,1651078800000,1651081500000,840200001:165619
BROKER_HMR_SCHEDULED,1651079700000,1651080900000,840200001:165619
MAINTENANCE_ENTRY_BLOCK,1651102200000,1651103700000,DAILY_SERVER_CLOSE_20220428_0000_0005
MAINTENANCE_FORCE_FLAT,1651103700000,1651104300000,DAILY_SERVER_CLOSE_20220428_0000_0005
MAINTENANCE_RECOVERY,1651104300000,1651105200000,DAILY_SERVER_CLOSE_20220428_0000_0005
KINGEA_ENTRY_BLACKOUT,1651158000000,1651160700000,840010007:163411
KINGEA_ENTRY_BLACKOUT,1651158000000,1651160700000,840010018:163494
KINGEA_ENTRY_BLACKOUT,1651158000000,1651160700000,840140001:165542
BROKER_HMR_SCHEDULED,1651158900000,1651160100000,840010007:163411
BROKER_HMR_SCHEDULED,1651158900000,1651160100000,840010018:163494
BROKER_HMR_SCHEDULED,1651158900000,1651160100000,840140001:165542
MAINTENANCE_ENTRY_BLOCK,1651188600000,1651190100000,DAILY_SERVER_CLOSE_20220429_0000_0005
MAINTENANCE_FORCE_FLAT,1651190100000,1651190700000,DAILY_SERVER_CLOSE_20220429_0000_0005
MAINTENANCE_RECOVERY,1651190700000,1651191600000,DAILY_SERVER_CLOSE_20220429_0000_0005
KINGEA_ENTRY_BLACKOUT,1651244400000,1651247100000,840010001:163339
KINGEA_ENTRY_BLACKOUT,1651244400000,1651247100000,840010002:163351
BROKER_HMR_SCHEDULED,1651245300000,1651246500000,840010001:163339
BROKER_HMR_SCHEDULED,1651245300000,1651246500000,840010002:163351
KINGEA_ENTRY_BLACKOUT,1651248900000,1651251600000,840510001:164620
BROKER_HMR_SCHEDULED,1651249800000,1651251000000,840510001:164620
MAINTENANCE_ENTRY_BLOCK,1651275000000,1651276500000,DAILY_SERVER_CLOSE_20220430_0000_0005
MAINTENANCE_FORCE_FLAT,1651276500000,1651277100000,DAILY_SERVER_CLOSE_20220430_0000_0005
MAINTENANCE_RECOVERY,1651277100000,1651278000000,DAILY_SERVER_CLOSE_20220430_0000_0005
MAINTENANCE_ENTRY_BLOCK,1651361400000,1651362900000,DAILY_SERVER_CLOSE_20220501_0000_0005
MAINTENANCE_ENTRY_BLOCK,1651361940000,1651363440000,SUNDAY_SERVER_CLOSE_20220501_0009_0019
MAINTENANCE_FORCE_FLAT,1651362900000,1651363500000,DAILY_SERVER_CLOSE_20220501_0000_0005
MAINTENANCE_FORCE_FLAT,1651363440000,1651364340000,SUNDAY_SERVER_CLOSE_20220501_0009_0019
MAINTENANCE_RECOVERY,1651363500000,1651364400000,DAILY_SERVER_CLOSE_20220501_0000_0005
MAINTENANCE_RECOVERY,1651364340000,1651365240000,SUNDAY_SERVER_CLOSE_20220501_0009_0019
MAINTENANCE_ENTRY_BLOCK,1651447800000,1651449300000,DAILY_SERVER_CLOSE_20220502_0000_0005
MAINTENANCE_FORCE_FLAT,1651449300000,1651449900000,DAILY_SERVER_CLOSE_20220502_0000_0005
MAINTENANCE_RECOVERY,1651449900000,1651450800000,DAILY_SERVER_CLOSE_20220502_0000_0005
KINGEA_ENTRY_BLACKOUT,1651508100000,1651510800000,840500001:166762
BROKER_HMR_SCHEDULED,1651509000000,1651510200000,840500001:166762
KINGEA_ENTRY_BLACKOUT,1651509000000,1651511700000,840040001:157375
KINGEA_ENTRY_BLACKOUT,1651509000000,1651511700000,840040002:157379
BROKER_HMR_SCHEDULED,1651509900000,1651511100000,840040001:157375
BROKER_HMR_SCHEDULED,1651509900000,1651511100000,840040002:157379
MAINTENANCE_ENTRY_BLOCK,1651534200000,1651535700000,DAILY_SERVER_CLOSE_20220503_0000_0005
MAINTENANCE_FORCE_FLAT,1651535700000,1651536300000,DAILY_SERVER_CLOSE_20220503_0000_0005
MAINTENANCE_RECOVERY,1651536300000,1651537200000,DAILY_SERVER_CLOSE_20220503_0000_0005
KINGEA_ENTRY_BLACKOUT,1651595400000,1651598100000,840030021:158440
BROKER_HMR_SCHEDULED,1651596300000,1651597500000,840030021:158440
MAINTENANCE_ENTRY_BLOCK,1651620600000,1651622100000,DAILY_SERVER_CLOSE_20220504_0000_0005
MAINTENANCE_FORCE_FLAT,1651622100000,1651622700000,DAILY_SERVER_CLOSE_20220504_0000_0005
MAINTENANCE_RECOVERY,1651622700000,1651623600000,DAILY_SERVER_CLOSE_20220504_0000_0005
KINGEA_ENTRY_BLACKOUT,1651675500000,1651678200000,840190001:159489
BROKER_HMR_SCHEDULED,1651676400000,1651677600000,840190001:159489
KINGEA_ENTRY_BLACKOUT,1651680900000,1651683600000,840500002:166797
BROKER_HMR_SCHEDULED,1651681800000,1651683000000,840500002:166797
KINGEA_ENTRY_BLACKOUT,1651681800000,1651684500000,840040003:157383
KINGEA_ENTRY_BLACKOUT,1651681800000,1651684500000,840040008:157406
BROKER_HMR_SCHEDULED,1651682700000,1651683900000,840040003:157383
BROKER_HMR_SCHEDULED,1651682700000,1651683900000,840040008:157406
KINGEA_ENTRY_BLACKOUT,1651683600000,1651686300000,840200001:165620
BROKER_HMR_SCHEDULED,1651684500000,1651685700000,840200001:165620
KINGEA_ENTRY_BLACKOUT,1651696200000,1651698900000,840050014:152423
BROKER_HMR_SCHEDULED,1651697100000,1651698300000,840050014:152423
KINGEA_ENTRY_BLACKOUT,1651698000000,1651700700000,840050018:152431
BROKER_HMR_SCHEDULED,1651698900000,1651700100000,840050018:152431
MAINTENANCE_ENTRY_BLOCK,1651707000000,1651708500000,DAILY_SERVER_CLOSE_20220505_0000_0005
MAINTENANCE_FORCE_FLAT,1651708500000,1651709100000,DAILY_SERVER_CLOSE_20220505_0000_0005
MAINTENANCE_RECOVERY,1651709100000,1651710000000,DAILY_SERVER_CLOSE_20220505_0000_0005
KINGEA_ENTRY_BLACKOUT,1651762800000,1651765500000,840140001:166653
BROKER_HMR_SCHEDULED,1651763700000,1651764900000,840140001:166653
MAINTENANCE_ENTRY_BLOCK,1651793400000,1651794900000,DAILY_SERVER_CLOSE_20220506_0000_0005
MAINTENANCE_FORCE_FLAT,1651794900000,1651795500000,DAILY_SERVER_CLOSE_20220506_0000_0005
MAINTENANCE_RECOVERY,1651795500000,1651796400000,DAILY_SERVER_CLOSE_20220506_0000_0005
KINGEA_ENTRY_BLACKOUT,1651849200000,1651851900000,840030015:156563
KINGEA_ENTRY_BLACKOUT,1651849200000,1651851900000,840030016:156575
KINGEA_ENTRY_BLACKOUT,1651849200000,1651851900000,840030018:156599
BROKER_HMR_SCHEDULED,1651850100000,1651851300000,840030015:156563
BROKER_HMR_SCHEDULED,1651850100000,1651851300000,840030016:156575
BROKER_HMR_SCHEDULED,1651850100000,1651851300000,840030018:156599
MAINTENANCE_ENTRY_BLOCK,1651879800000,1651881300000,DAILY_SERVER_CLOSE_20220507_0000_0005
MAINTENANCE_FORCE_FLAT,1651881300000,1651881900000,DAILY_SERVER_CLOSE_20220507_0000_0005
MAINTENANCE_RECOVERY,1651881900000,1651882800000,DAILY_SERVER_CLOSE_20220507_0000_0005
MAINTENANCE_ENTRY_BLOCK,1651966200000,1651967700000,DAILY_SERVER_CLOSE_20220508_0000_0005
MAINTENANCE_ENTRY_BLOCK,1651966740000,1651968240000,SUNDAY_SERVER_CLOSE_20220508_0009_0019
MAINTENANCE_FORCE_FLAT,1651967700000,1651968300000,DAILY_SERVER_CLOSE_20220508_0000_0005
MAINTENANCE_FORCE_FLAT,1651968240000,1651969140000,SUNDAY_SERVER_CLOSE_20220508_0009_0019
MAINTENANCE_RECOVERY,1651968300000,1651969200000,DAILY_SERVER_CLOSE_20220508_0000_0005
MAINTENANCE_RECOVERY,1651969140000,1651970040000,SUNDAY_SERVER_CLOSE_20220508_0009_0019
MAINTENANCE_ENTRY_BLOCK,1652052600000,1652054100000,DAILY_SERVER_CLOSE_20220509_0000_0005
MAINTENANCE_FORCE_FLAT,1652054100000,1652054700000,DAILY_SERVER_CLOSE_20220509_0000_0005
MAINTENANCE_RECOVERY,1652054700000,1652055600000,DAILY_SERVER_CLOSE_20220509_0000_0005
MAINTENANCE_ENTRY_BLOCK,1652139000000,1652140500000,DAILY_SERVER_CLOSE_20220510_0000_0005
MAINTENANCE_FORCE_FLAT,1652140500000,1652141100000,DAILY_SERVER_CLOSE_20220510_0000_0005
MAINTENANCE_RECOVERY,1652141100000,1652142000000,DAILY_SERVER_CLOSE_20220510_0000_0005
MAINTENANCE_ENTRY_BLOCK,1652225400000,1652226900000,DAILY_SERVER_CLOSE_20220511_0000_0005
MAINTENANCE_FORCE_FLAT,1652226900000,1652227500000,DAILY_SERVER_CLOSE_20220511_0000_0005
MAINTENANCE_RECOVERY,1652227500000,1652228400000,DAILY_SERVER_CLOSE_20220511_0000_0005
KINGEA_ENTRY_BLACKOUT,1652281200000,1652283900000,840030005:156443
KINGEA_ENTRY_BLACKOUT,1652281200000,1652283900000,840030006:156455
KINGEA_ENTRY_BLACKOUT,1652281200000,1652283900000,840030007:156467
KINGEA_ENTRY_BLACKOUT,1652281200000,1652283900000,840030034:156747
KINGEA_ENTRY_BLACKOUT,1652281200000,1652283900000,840030035:156759
BROKER_HMR_SCHEDULED,1652282100000,1652283300000,840030005:156443
BROKER_HMR_SCHEDULED,1652282100000,1652283300000,840030006:156455
BROKER_HMR_SCHEDULED,1652282100000,1652283300000,840030007:156467
BROKER_HMR_SCHEDULED,1652282100000,1652283300000,840030034:156747
BROKER_HMR_SCHEDULED,1652282100000,1652283300000,840030035:156759
KINGEA_ENTRY_BLACKOUT,1652288400000,1652291100000,840200001:165845
BROKER_HMR_SCHEDULED,1652289300000,1652290500000,840200001:165845
KINGEA_ENTRY_BLACKOUT,1652297400000,1652300100000,840220014:164830
BROKER_HMR_SCHEDULED,1652298300000,1652299500000,840220014:164830
MAINTENANCE_ENTRY_BLOCK,1652311800000,1652313300000,DAILY_SERVER_CLOSE_20220512_0000_0005
MAINTENANCE_FORCE_FLAT,1652313300000,1652313900000,DAILY_SERVER_CLOSE_20220512_0000_0005
MAINTENANCE_RECOVERY,1652313900000,1652314800000,DAILY_SERVER_CLOSE_20220512_0000_0005
KINGEA_ENTRY_BLACKOUT,1652367600000,1652370300000,840030001:156395
KINGEA_ENTRY_BLACKOUT,1652367600000,1652370300000,840140001:166654
BROKER_HMR_SCHEDULED,1652368500000,1652369700000,840030001:156395
BROKER_HMR_SCHEDULED,1652368500000,1652369700000,840140001:166654
KINGEA_ENTRY_BLACKOUT,1652383800000,1652386500000,840220015:164833
BROKER_HMR_SCHEDULED,1652384700000,1652385900000,840220015:164833
MAINTENANCE_ENTRY_BLOCK,1652398200000,1652399700000,DAILY_SERVER_CLOSE_20220513_0000_0005
MAINTENANCE_FORCE_FLAT,1652399700000,1652400300000,DAILY_SERVER_CLOSE_20220513_0000_0005
MAINTENANCE_RECOVERY,1652400300000,1652401200000,DAILY_SERVER_CLOSE_20220513_0000_0005
MAINTENANCE_ENTRY_BLOCK,1652484600000,1652486100000,DAILY_SERVER_CLOSE_20220514_0000_0005
MAINTENANCE_FORCE_FLAT,1652486100000,1652486700000,DAILY_SERVER_CLOSE_20220514_0000_0005
MAINTENANCE_RECOVERY,1652486700000,1652487600000,DAILY_SERVER_CLOSE_20220514_0000_0005
MAINTENANCE_ENTRY_BLOCK,1652571000000,1652572500000,DAILY_SERVER_CLOSE_20220515_0000_0005
MAINTENANCE_ENTRY_BLOCK,1652571540000,1652573040000,SUNDAY_SERVER_CLOSE_20220515_0009_0019
MAINTENANCE_FORCE_FLAT,1652572500000,1652573100000,DAILY_SERVER_CLOSE_20220515_0000_0005
MAINTENANCE_FORCE_FLAT,1652573040000,1652573940000,SUNDAY_SERVER_CLOSE_20220515_0009_0019
MAINTENANCE_RECOVERY,1652573100000,1652574000000,DAILY_SERVER_CLOSE_20220515_0000_0005
MAINTENANCE_RECOVERY,1652573940000,1652574840000,SUNDAY_SERVER_CLOSE_20220515_0009_0019
MAINTENANCE_ENTRY_BLOCK,1652657400000,1652658900000,DAILY_SERVER_CLOSE_20220516_0000_0005
MAINTENANCE_FORCE_FLAT,1652658900000,1652659500000,DAILY_SERVER_CLOSE_20220516_0000_0005
MAINTENANCE_RECOVERY,1652659500000,1652660400000,DAILY_SERVER_CLOSE_20220516_0000_0005
MAINTENANCE_ENTRY_BLOCK,1652743800000,1652745300000,DAILY_SERVER_CLOSE_20220517_0000_0005
MAINTENANCE_FORCE_FLAT,1652745300000,1652745900000,DAILY_SERVER_CLOSE_20220517_0000_0005
MAINTENANCE_RECOVERY,1652745900000,1652746800000,DAILY_SERVER_CLOSE_20220517_0000_0005
KINGEA_ENTRY_BLACKOUT,1652799600000,1652802300000,840020010:156008
KINGEA_ENTRY_BLACKOUT,1652799600000,1652802300000,840020011:156020
BROKER_HMR_SCHEDULED,1652800500000,1652801700000,840020010:156008
BROKER_HMR_SCHEDULED,1652800500000,1652801700000,840020011:156020
KINGEA_ENTRY_BLACKOUT,1652819400000,1652822100000,840050022:167797
BROKER_HMR_SCHEDULED,1652820300000,1652821500000,840050022:167797
MAINTENANCE_ENTRY_BLOCK,1652830200000,1652831700000,DAILY_SERVER_CLOSE_20220518_0000_0005
MAINTENANCE_FORCE_FLAT,1652831700000,1652832300000,DAILY_SERVER_CLOSE_20220518_0000_0005
MAINTENANCE_RECOVERY,1652832300000,1652833200000,DAILY_SERVER_CLOSE_20220518_0000_0005
KINGEA_ENTRY_BLACKOUT,1652893200000,1652895900000,840200001:166155
BROKER_HMR_SCHEDULED,1652894100000,1652895300000,840200001:166155
MAINTENANCE_ENTRY_BLOCK,1652916600000,1652918100000,DAILY_SERVER_CLOSE_20220519_0000_0005
MAINTENANCE_FORCE_FLAT,1652918100000,1652918700000,DAILY_SERVER_CLOSE_20220519_0000_0005
MAINTENANCE_RECOVERY,1652918700000,1652919600000,DAILY_SERVER_CLOSE_20220519_0000_0005
KINGEA_ENTRY_BLACKOUT,1652972400000,1652975100000,840070001:158354
KINGEA_ENTRY_BLACKOUT,1652972400000,1652975100000,840140001:166655
BROKER_HMR_SCHEDULED,1652973300000,1652974500000,840070001:158354
BROKER_HMR_SCHEDULED,1652973300000,1652974500000,840140001:166655
KINGEA_ENTRY_BLACKOUT,1652977800000,1652980500000,840120001:156936
BROKER_HMR_SCHEDULED,1652978700000,1652979900000,840120001:156936
MAINTENANCE_ENTRY_BLOCK,1653003000000,1653004500000,DAILY_SERVER_CLOSE_20220520_0000_0005
MAINTENANCE_FORCE_FLAT,1653004500000,1653005100000,DAILY_SERVER_CLOSE_20220520_0000_0005
MAINTENANCE_RECOVERY,1653005100000,1653006000000,DAILY_SERVER_CLOSE_20220520_0000_0005
MAINTENANCE_ENTRY_BLOCK,1653089400000,1653090900000,DAILY_SERVER_CLOSE_20220521_0000_0005
MAINTENANCE_FORCE_FLAT,1653090900000,1653091500000,DAILY_SERVER_CLOSE_20220521_0000_0005
MAINTENANCE_RECOVERY,1653091500000,1653092400000,DAILY_SERVER_CLOSE_20220521_0000_0005
MAINTENANCE_ENTRY_BLOCK,1653175800000,1653177300000,DAILY_SERVER_CLOSE_20220522_0000_0005
MAINTENANCE_ENTRY_BLOCK,1653176340000,1653177840000,SUNDAY_SERVER_CLOSE_20220522_0009_0019
MAINTENANCE_FORCE_FLAT,1653177300000,1653177900000,DAILY_SERVER_CLOSE_20220522_0000_0005
MAINTENANCE_FORCE_FLAT,1653177840000,1653178740000,SUNDAY_SERVER_CLOSE_20220522_0009_0019
MAINTENANCE_RECOVERY,1653177900000,1653178800000,DAILY_SERVER_CLOSE_20220522_0000_0005
MAINTENANCE_RECOVERY,1653178740000,1653179640000,SUNDAY_SERVER_CLOSE_20220522_0009_0019
MAINTENANCE_ENTRY_BLOCK,1653262200000,1653263700000,DAILY_SERVER_CLOSE_20220523_0000_0005
MAINTENANCE_FORCE_FLAT,1653263700000,1653264300000,DAILY_SERVER_CLOSE_20220523_0000_0005
MAINTENANCE_RECOVERY,1653264300000,1653265200000,DAILY_SERVER_CLOSE_20220523_0000_0005
MAINTENANCE_ENTRY_BLOCK,1653348600000,1653350100000,DAILY_SERVER_CLOSE_20220524_0000_0005
MAINTENANCE_FORCE_FLAT,1653350100000,1653350700000,DAILY_SERVER_CLOSE_20220524_0000_0005
MAINTENANCE_RECOVERY,1653350700000,1653351600000,DAILY_SERVER_CLOSE_20220524_0000_0005
KINGEA_ENTRY_BLACKOUT,1653408900000,1653411600000,840500001:167140
KINGEA_ENTRY_BLACKOUT,1653408900000,1653411600000,840500002:167141
BROKER_HMR_SCHEDULED,1653409800000,1653411000000,840500001:167140
BROKER_HMR_SCHEDULED,1653409800000,1653411000000,840500002:167141
KINGEA_ENTRY_BLACKOUT,1653409800000,1653412500000,840020008:155984
BROKER_HMR_SCHEDULED,1653410700000,1653411900000,840020008:155984
KINGEA_ENTRY_BLACKOUT,1653418200000,1653420900000,840050022:167894
BROKER_HMR_SCHEDULED,1653419100000,1653420300000,840050022:167894
MAINTENANCE_ENTRY_BLOCK,1653435000000,1653436500000,DAILY_SERVER_CLOSE_20220525_0000_0005
MAINTENANCE_FORCE_FLAT,1653436500000,1653437100000,DAILY_SERVER_CLOSE_20220525_0000_0005
MAINTENANCE_RECOVERY,1653437100000,1653438000000,DAILY_SERVER_CLOSE_20220525_0000_0005
KINGEA_ENTRY_BLACKOUT,1653490800000,1653493500000,840020013:156044
BROKER_HMR_SCHEDULED,1653491700000,1653492900000,840020013:156044
KINGEA_ENTRY_BLACKOUT,1653498000000,1653500700000,840200001:166279
BROKER_HMR_SCHEDULED,1653498900000,1653500100000,840200001:166279
MAINTENANCE_ENTRY_BLOCK,1653521400000,1653522900000,DAILY_SERVER_CLOSE_20220526_0000_0005
MAINTENANCE_FORCE_FLAT,1653522900000,1653523500000,DAILY_SERVER_CLOSE_20220526_0000_0005
MAINTENANCE_RECOVERY,1653523500000,1653524400000,DAILY_SERVER_CLOSE_20220526_0000_0005
KINGEA_ENTRY_BLACKOUT,1653577200000,1653579900000,840010007:163412
KINGEA_ENTRY_BLACKOUT,1653577200000,1653579900000,840010018:163495
KINGEA_ENTRY_BLACKOUT,1653577200000,1653579900000,840140001:166656
BROKER_HMR_SCHEDULED,1653578100000,1653579300000,840010007:163412
BROKER_HMR_SCHEDULED,1653578100000,1653579300000,840010018:163495
BROKER_HMR_SCHEDULED,1653578100000,1653579300000,840140001:166656
MAINTENANCE_ENTRY_BLOCK,1653607800000,1653609300000,DAILY_SERVER_CLOSE_20220527_0000_0005
MAINTENANCE_FORCE_FLAT,1653609300000,1653609900000,DAILY_SERVER_CLOSE_20220527_0000_0005
MAINTENANCE_RECOVERY,1653609900000,1653610800000,DAILY_SERVER_CLOSE_20220527_0000_0005
KINGEA_ENTRY_BLACKOUT,1653663600000,1653666300000,840010001:163340
KINGEA_ENTRY_BLACKOUT,1653663600000,1653666300000,840010002:163352
BROKER_HMR_SCHEDULED,1653664500000,1653665700000,840010001:163340
BROKER_HMR_SCHEDULED,1653664500000,1653665700000,840010002:163352
MAINTENANCE_ENTRY_BLOCK,1653694200000,1653695700000,DAILY_SERVER_CLOSE_20220528_0000_0005
MAINTENANCE_FORCE_FLAT,1653695700000,1653696300000,DAILY_SERVER_CLOSE_20220528_0000_0005
MAINTENANCE_RECOVERY,1653696300000,1653697200000,DAILY_SERVER_CLOSE_20220528_0000_0005
MAINTENANCE_ENTRY_BLOCK,1653780600000,1653782100000,DAILY_SERVER_CLOSE_20220529_0000_0005
MAINTENANCE_ENTRY_BLOCK,1653781140000,1653782640000,SUNDAY_SERVER_CLOSE_20220529_0009_0019
MAINTENANCE_FORCE_FLAT,1653782100000,1653782700000,DAILY_SERVER_CLOSE_20220529_0000_0005
MAINTENANCE_FORCE_FLAT,1653782640000,1653783540000,SUNDAY_SERVER_CLOSE_20220529_0009_0019
MAINTENANCE_RECOVERY,1653782700000,1653783600000,DAILY_SERVER_CLOSE_20220529_0000_0005
MAINTENANCE_RECOVERY,1653783540000,1653784440000,SUNDAY_SERVER_CLOSE_20220529_0009_0019
MAINTENANCE_ENTRY_BLOCK,1653867000000,1653868500000,DAILY_SERVER_CLOSE_20220530_0000_0005
MAINTENANCE_FORCE_FLAT,1653868500000,1653869100000,DAILY_SERVER_CLOSE_20220530_0000_0005
MAINTENANCE_RECOVERY,1653869100000,1653870000000,DAILY_SERVER_CLOSE_20220530_0000_0005
MAINTENANCE_ENTRY_BLOCK,1653953400000,1653954900000,DAILY_SERVER_CLOSE_20220531_0000_0005
MAINTENANCE_FORCE_FLAT,1653954900000,1653955500000,DAILY_SERVER_CLOSE_20220531_0000_0005
MAINTENANCE_RECOVERY,1653955500000,1653956400000,DAILY_SERVER_CLOSE_20220531_0000_0005
KINGEA_ENTRY_BLACKOUT,1654013700000,1654016400000,840510001:165523
BROKER_HMR_SCHEDULED,1654014600000,1654015800000,840510001:165523
KINGEA_ENTRY_BLACKOUT,1654014600000,1654017300000,840180002:160345
BROKER_HMR_SCHEDULED,1654015500000,1654016700000,840180002:160345
MAINTENANCE_ENTRY_BLOCK,1654039800000,1654041300000,DAILY_SERVER_CLOSE_20220601_0000_0005
MAINTENANCE_FORCE_FLAT,1654041300000,1654041900000,DAILY_SERVER_CLOSE_20220601_0000_0005
MAINTENANCE_RECOVERY,1654041900000,1654042800000,DAILY_SERVER_CLOSE_20220601_0000_0005
KINGEA_ENTRY_BLACKOUT,1654100100000,1654102800000,840500001:167388
BROKER_HMR_SCHEDULED,1654101000000,1654102200000,840500001:167388
KINGEA_ENTRY_BLACKOUT,1654101000000,1654103700000,840030021:158441
KINGEA_ENTRY_BLACKOUT,1654101000000,1654103700000,840040001:147265
KINGEA_ENTRY_BLACKOUT,1654101000000,1654103700000,840040002:147277
BROKER_HMR_SCHEDULED,1654101900000,1654103100000,840030021:158441
BROKER_HMR_SCHEDULED,1654101900000,1654103100000,840040001:147265
BROKER_HMR_SCHEDULED,1654101900000,1654103100000,840040002:147277
MAINTENANCE_ENTRY_BLOCK,1654126200000,1654127700000,DAILY_SERVER_CLOSE_20220602_0000_0005
MAINTENANCE_FORCE_FLAT,1654127700000,1654128300000,DAILY_SERVER_CLOSE_20220602_0000_0005
MAINTENANCE_RECOVERY,1654128300000,1654129200000,DAILY_SERVER_CLOSE_20220602_0000_0005
KINGEA_ENTRY_BLACKOUT,1654181100000,1654183800000,840190001:159490
BROKER_HMR_SCHEDULED,1654182000000,1654183200000,840190001:159490
KINGEA_ENTRY_BLACKOUT,1654182000000,1654184700000,840140001:167361
BROKER_HMR_SCHEDULED,1654182900000,1654184100000,840140001:167361
KINGEA_ENTRY_BLACKOUT,1654191000000,1654193700000,840200001:166444
BROKER_HMR_SCHEDULED,1654191900000,1654193100000,840200001:166444
MAINTENANCE_ENTRY_BLOCK,1654212600000,1654214100000,DAILY_SERVER_CLOSE_20220603_0000_0005
MAINTENANCE_FORCE_FLAT,1654214100000,1654214700000,DAILY_SERVER_CLOSE_20220603_0000_0005
MAINTENANCE_RECOVERY,1654214700000,1654215600000,DAILY_SERVER_CLOSE_20220603_0000_0005
KINGEA_ENTRY_BLACKOUT,1654268400000,1654271100000,840030015:156564
KINGEA_ENTRY_BLACKOUT,1654268400000,1654271100000,840030016:156576
KINGEA_ENTRY_BLACKOUT,1654268400000,1654271100000,840030018:156600
BROKER_HMR_SCHEDULED,1654269300000,1654270500000,840030015:156564
BROKER_HMR_SCHEDULED,1654269300000,1654270500000,840030016:156576
BROKER_HMR_SCHEDULED,1654269300000,1654270500000,840030018:156600
KINGEA_ENTRY_BLACKOUT,1654272900000,1654275600000,840500002:167563
BROKER_HMR_SCHEDULED,1654273800000,1654275000000,840500002:167563
KINGEA_ENTRY_BLACKOUT,1654273800000,1654276500000,840040003:147289
KINGEA_ENTRY_BLACKOUT,1654273800000,1654276500000,840040008:147363
BROKER_HMR_SCHEDULED,1654274700000,1654275900000,840040003:147289
BROKER_HMR_SCHEDULED,1654274700000,1654275900000,840040008:147363
MAINTENANCE_ENTRY_BLOCK,1654299000000,1654300500000,DAILY_SERVER_CLOSE_20220604_0000_0005
MAINTENANCE_FORCE_FLAT,1654300500000,1654301100000,DAILY_SERVER_CLOSE_20220604_0000_0005
MAINTENANCE_RECOVERY,1654301100000,1654302000000,DAILY_SERVER_CLOSE_20220604_0000_0005
MAINTENANCE_ENTRY_BLOCK,1654385400000,1654386900000,DAILY_SERVER_CLOSE_20220605_0000_0005
MAINTENANCE_ENTRY_BLOCK,1654385940000,1654387440000,SUNDAY_SERVER_CLOSE_20220605_0009_0019
MAINTENANCE_FORCE_FLAT,1654386900000,1654387500000,DAILY_SERVER_CLOSE_20220605_0000_0005
MAINTENANCE_FORCE_FLAT,1654387440000,1654388340000,SUNDAY_SERVER_CLOSE_20220605_0009_0019
MAINTENANCE_RECOVERY,1654387500000,1654388400000,DAILY_SERVER_CLOSE_20220605_0000_0005
MAINTENANCE_RECOVERY,1654388340000,1654389240000,SUNDAY_SERVER_CLOSE_20220605_0009_0019
MAINTENANCE_ENTRY_BLOCK,1654471800000,1654473300000,DAILY_SERVER_CLOSE_20220606_0000_0005
MAINTENANCE_FORCE_FLAT,1654473300000,1654473900000,DAILY_SERVER_CLOSE_20220606_0000_0005
MAINTENANCE_RECOVERY,1654473900000,1654474800000,DAILY_SERVER_CLOSE_20220606_0000_0005
MAINTENANCE_ENTRY_BLOCK,1654558200000,1654559700000,DAILY_SERVER_CLOSE_20220607_0000_0005
MAINTENANCE_FORCE_FLAT,1654559700000,1654560300000,DAILY_SERVER_CLOSE_20220607_0000_0005
MAINTENANCE_RECOVERY,1654560300000,1654561200000,DAILY_SERVER_CLOSE_20220607_0000_0005
MAINTENANCE_ENTRY_BLOCK,1654644600000,1654646100000,DAILY_SERVER_CLOSE_20220608_0000_0005
MAINTENANCE_FORCE_FLAT,1654646100000,1654646700000,DAILY_SERVER_CLOSE_20220608_0000_0005
MAINTENANCE_RECOVERY,1654646700000,1654647600000,DAILY_SERVER_CLOSE_20220608_0000_0005
KINGEA_ENTRY_BLACKOUT,1654707600000,1654710300000,840200001:166827
BROKER_HMR_SCHEDULED,1654708500000,1654709700000,840200001:166827
KINGEA_ENTRY_BLACKOUT,1654716600000,1654719300000,840220014:164831
BROKER_HMR_SCHEDULED,1654717500000,1654718700000,840220014:164831
MAINTENANCE_ENTRY_BLOCK,1654731000000,1654732500000,DAILY_SERVER_CLOSE_20220609_0000_0005
MAINTENANCE_FORCE_FLAT,1654732500000,1654733100000,DAILY_SERVER_CLOSE_20220609_0000_0005
MAINTENANCE_RECOVERY,1654733100000,1654734000000,DAILY_SERVER_CLOSE_20220609_0000_0005
KINGEA_ENTRY_BLACKOUT,1654786800000,1654789500000,840140001:167362
BROKER_HMR_SCHEDULED,1654787700000,1654788900000,840140001:167362
KINGEA_ENTRY_BLACKOUT,1654803000000,1654805700000,840220015:164834
BROKER_HMR_SCHEDULED,1654803900000,1654805100000,840220015:164834
MAINTENANCE_ENTRY_BLOCK,1654817400000,1654818900000,DAILY_SERVER_CLOSE_20220610_0000_0005
MAINTENANCE_FORCE_FLAT,1654818900000,1654819500000,DAILY_SERVER_CLOSE_20220610_0000_0005
MAINTENANCE_RECOVERY,1654819500000,1654820400000,DAILY_SERVER_CLOSE_20220610_0000_0005
KINGEA_ENTRY_BLACKOUT,1654873200000,1654875900000,840030005:156444
KINGEA_ENTRY_BLACKOUT,1654873200000,1654875900000,840030006:156456
KINGEA_ENTRY_BLACKOUT,1654873200000,1654875900000,840030007:156468
KINGEA_ENTRY_BLACKOUT,1654873200000,1654875900000,840030034:156748
KINGEA_ENTRY_BLACKOUT,1654873200000,1654875900000,840030035:156760
BROKER_HMR_SCHEDULED,1654874100000,1654875300000,840030005:156444
BROKER_HMR_SCHEDULED,1654874100000,1654875300000,840030006:156456
BROKER_HMR_SCHEDULED,1654874100000,1654875300000,840030007:156468
BROKER_HMR_SCHEDULED,1654874100000,1654875300000,840030034:156748
BROKER_HMR_SCHEDULED,1654874100000,1654875300000,840030035:156760
MAINTENANCE_ENTRY_BLOCK,1654903800000,1654905300000,DAILY_SERVER_CLOSE_20220611_0000_0005
MAINTENANCE_FORCE_FLAT,1654905300000,1654905900000,DAILY_SERVER_CLOSE_20220611_0000_0005
MAINTENANCE_RECOVERY,1654905900000,1654906800000,DAILY_SERVER_CLOSE_20220611_0000_0005
MAINTENANCE_ENTRY_BLOCK,1654990200000,1654991700000,DAILY_SERVER_CLOSE_20220612_0000_0005
MAINTENANCE_ENTRY_BLOCK,1654990740000,1654992240000,SUNDAY_SERVER_CLOSE_20220612_0009_0019
MAINTENANCE_FORCE_FLAT,1654991700000,1654992300000,DAILY_SERVER_CLOSE_20220612_0000_0005
MAINTENANCE_FORCE_FLAT,1654992240000,1654993140000,SUNDAY_SERVER_CLOSE_20220612_0009_0019
MAINTENANCE_RECOVERY,1654992300000,1654993200000,DAILY_SERVER_CLOSE_20220612_0000_0005
MAINTENANCE_RECOVERY,1654993140000,1654994040000,SUNDAY_SERVER_CLOSE_20220612_0009_0019
MAINTENANCE_ENTRY_BLOCK,1655076600000,1655078100000,DAILY_SERVER_CLOSE_20220613_0000_0005
MAINTENANCE_FORCE_FLAT,1655078100000,1655078700000,DAILY_SERVER_CLOSE_20220613_0000_0005
MAINTENANCE_RECOVERY,1655078700000,1655079600000,DAILY_SERVER_CLOSE_20220613_0000_0005
MAINTENANCE_ENTRY_BLOCK,1655163000000,1655164500000,DAILY_SERVER_CLOSE_20220614_0000_0005
MAINTENANCE_FORCE_FLAT,1655164500000,1655165100000,DAILY_SERVER_CLOSE_20220614_0000_0005
MAINTENANCE_RECOVERY,1655165100000,1655166000000,DAILY_SERVER_CLOSE_20220614_0000_0005
KINGEA_ENTRY_BLACKOUT,1655218800000,1655221500000,840030001:156396
BROKER_HMR_SCHEDULED,1655219700000,1655220900000,840030001:156396
MAINTENANCE_ENTRY_BLOCK,1655249400000,1655250900000,DAILY_SERVER_CLOSE_20220615_0000_0005
MAINTENANCE_FORCE_FLAT,1655250900000,1655251500000,DAILY_SERVER_CLOSE_20220615_0000_0005
MAINTENANCE_RECOVERY,1655251500000,1655252400000,DAILY_SERVER_CLOSE_20220615_0000_0005
KINGEA_ENTRY_BLACKOUT,1655305200000,1655307900000,840020010:156009
KINGEA_ENTRY_BLACKOUT,1655305200000,1655307900000,840020011:156021
BROKER_HMR_SCHEDULED,1655306100000,1655307300000,840020010:156009
BROKER_HMR_SCHEDULED,1655306100000,1655307300000,840020011:156021
KINGEA_ENTRY_BLACKOUT,1655312400000,1655315100000,840200001:166954
BROKER_HMR_SCHEDULED,1655313300000,1655314500000,840200001:166954
KINGEA_ENTRY_BLACKOUT,1655325000000,1655327700000,840050014:152424
BROKER_HMR_SCHEDULED,1655325900000,1655327100000,840050014:152424
KINGEA_ENTRY_BLACKOUT,1655326800000,1655329500000,840050018:152432
BROKER_HMR_SCHEDULED,1655327700000,1655328900000,840050018:152432
MAINTENANCE_ENTRY_BLOCK,1655335800000,1655337300000,DAILY_SERVER_CLOSE_20220616_0000_0005
MAINTENANCE_FORCE_FLAT,1655337300000,1655337900000,DAILY_SERVER_CLOSE_20220616_0000_0005
MAINTENANCE_RECOVERY,1655337900000,1655338800000,DAILY_SERVER_CLOSE_20220616_0000_0005
KINGEA_ENTRY_BLACKOUT,1655391600000,1655394300000,840070001:158355
KINGEA_ENTRY_BLACKOUT,1655391600000,1655394300000,840140001:167363
BROKER_HMR_SCHEDULED,1655392500000,1655393700000,840070001:158355
BROKER_HMR_SCHEDULED,1655392500000,1655393700000,840140001:167363
MAINTENANCE_ENTRY_BLOCK,1655422200000,1655423700000,DAILY_SERVER_CLOSE_20220617_0000_0005
MAINTENANCE_FORCE_FLAT,1655423700000,1655424300000,DAILY_SERVER_CLOSE_20220617_0000_0005
MAINTENANCE_RECOVERY,1655424300000,1655425200000,DAILY_SERVER_CLOSE_20220617_0000_0005
KINGEA_ENTRY_BLACKOUT,1655478900000,1655481600000,840050022:168422
BROKER_HMR_SCHEDULED,1655479800000,1655481000000,840050022:168422
MAINTENANCE_ENTRY_BLOCK,1655508600000,1655510100000,DAILY_SERVER_CLOSE_20220618_0000_0005
MAINTENANCE_FORCE_FLAT,1655510100000,1655510700000,DAILY_SERVER_CLOSE_20220618_0000_0005
MAINTENANCE_RECOVERY,1655510700000,1655511600000,DAILY_SERVER_CLOSE_20220618_0000_0005
MAINTENANCE_ENTRY_BLOCK,1655595000000,1655596500000,DAILY_SERVER_CLOSE_20220619_0000_0005
MAINTENANCE_ENTRY_BLOCK,1655595540000,1655597040000,SUNDAY_SERVER_CLOSE_20220619_0009_0019
MAINTENANCE_FORCE_FLAT,1655596500000,1655597100000,DAILY_SERVER_CLOSE_20220619_0000_0005
MAINTENANCE_FORCE_FLAT,1655597040000,1655597940000,SUNDAY_SERVER_CLOSE_20220619_0009_0019
MAINTENANCE_RECOVERY,1655597100000,1655598000000,DAILY_SERVER_CLOSE_20220619_0000_0005
MAINTENANCE_RECOVERY,1655597940000,1655598840000,SUNDAY_SERVER_CLOSE_20220619_0009_0019
MAINTENANCE_ENTRY_BLOCK,1655681400000,1655682900000,DAILY_SERVER_CLOSE_20220620_0000_0005
MAINTENANCE_FORCE_FLAT,1655682900000,1655683500000,DAILY_SERVER_CLOSE_20220620_0000_0005
MAINTENANCE_RECOVERY,1655683500000,1655684400000,DAILY_SERVER_CLOSE_20220620_0000_0005
MAINTENANCE_ENTRY_BLOCK,1655767800000,1655769300000,DAILY_SERVER_CLOSE_20220621_0000_0005
MAINTENANCE_FORCE_FLAT,1655769300000,1655769900000,DAILY_SERVER_CLOSE_20220621_0000_0005
MAINTENANCE_RECOVERY,1655769900000,1655770800000,DAILY_SERVER_CLOSE_20220621_0000_0005
KINGEA_ENTRY_BLACKOUT,1655829000000,1655831700000,840120001:156937
BROKER_HMR_SCHEDULED,1655829900000,1655831100000,840120001:156937
MAINTENANCE_ENTRY_BLOCK,1655854200000,1655855700000,DAILY_SERVER_CLOSE_20220622_0000_0005
MAINTENANCE_FORCE_FLAT,1655855700000,1655856300000,DAILY_SERVER_CLOSE_20220622_0000_0005
MAINTENANCE_RECOVERY,1655856300000,1655857200000,DAILY_SERVER_CLOSE_20220622_0000_0005
KINGEA_ENTRY_BLACKOUT,1655913600000,1655916300000,840050021:168502
BROKER_HMR_SCHEDULED,1655914500000,1655915700000,840050021:168502
MAINTENANCE_ENTRY_BLOCK,1655940600000,1655942100000,DAILY_SERVER_CLOSE_20220623_0000_0005
MAINTENANCE_FORCE_FLAT,1655942100000,1655942700000,DAILY_SERVER_CLOSE_20220623_0000_0005
MAINTENANCE_RECOVERY,1655942700000,1655943600000,DAILY_SERVER_CLOSE_20220623_0000_0005
KINGEA_ENTRY_BLACKOUT,1655996400000,1655999100000,840140001:167364
BROKER_HMR_SCHEDULED,1655997300000,1655998500000,840140001:167364
KINGEA_ENTRY_BLACKOUT,1656000900000,1656003600000,840500001:167985
KINGEA_ENTRY_BLACKOUT,1656000900000,1656003600000,840500002:167986
BROKER_HMR_SCHEDULED,1656001800000,1656003000000,840500001:167985
BROKER_HMR_SCHEDULED,1656001800000,1656003000000,840500002:167986
KINGEA_ENTRY_BLACKOUT,1656001800000,1656004500000,840050021:168503
BROKER_HMR_SCHEDULED,1656002700000,1656003900000,840050021:168503
MAINTENANCE_ENTRY_BLOCK,1656027000000,1656028500000,DAILY_SERVER_CLOSE_20220624_0000_0005
MAINTENANCE_FORCE_FLAT,1656028500000,1656029100000,DAILY_SERVER_CLOSE_20220624_0000_0005
MAINTENANCE_RECOVERY,1656029100000,1656030000000,DAILY_SERVER_CLOSE_20220624_0000_0005
KINGEA_ENTRY_BLACKOUT,1656088200000,1656090900000,840020008:155985
BROKER_HMR_SCHEDULED,1656089100000,1656090300000,840020008:155985
MAINTENANCE_ENTRY_BLOCK,1656113400000,1656114900000,DAILY_SERVER_CLOSE_20220625_0000_0005
MAINTENANCE_FORCE_FLAT,1656114900000,1656115500000,DAILY_SERVER_CLOSE_20220625_0000_0005
MAINTENANCE_RECOVERY,1656115500000,1656116400000,DAILY_SERVER_CLOSE_20220625_0000_0005
MAINTENANCE_ENTRY_BLOCK,1656199800000,1656201300000,DAILY_SERVER_CLOSE_20220626_0000_0005
MAINTENANCE_ENTRY_BLOCK,1656200340000,1656201840000,SUNDAY_SERVER_CLOSE_20220626_0009_0019
MAINTENANCE_FORCE_FLAT,1656201300000,1656201900000,DAILY_SERVER_CLOSE_20220626_0000_0005
MAINTENANCE_FORCE_FLAT,1656201840000,1656202740000,SUNDAY_SERVER_CLOSE_20220626_0009_0019
MAINTENANCE_RECOVERY,1656201900000,1656202800000,DAILY_SERVER_CLOSE_20220626_0000_0005
MAINTENANCE_RECOVERY,1656202740000,1656203640000,SUNDAY_SERVER_CLOSE_20220626_0009_0019
MAINTENANCE_ENTRY_BLOCK,1656286200000,1656287700000,DAILY_SERVER_CLOSE_20220627_0000_0005
MAINTENANCE_FORCE_FLAT,1656287700000,1656288300000,DAILY_SERVER_CLOSE_20220627_0000_0005
MAINTENANCE_RECOVERY,1656288300000,1656289200000,DAILY_SERVER_CLOSE_20220627_0000_0005
KINGEA_ENTRY_BLACKOUT,1656342000000,1656344700000,840020013:156045
BROKER_HMR_SCHEDULED,1656342900000,1656344100000,840020013:156045
MAINTENANCE_ENTRY_BLOCK,1656372600000,1656374100000,DAILY_SERVER_CLOSE_20220628_0000_0005
MAINTENANCE_FORCE_FLAT,1656374100000,1656374700000,DAILY_SERVER_CLOSE_20220628_0000_0005
MAINTENANCE_RECOVERY,1656374700000,1656375600000,DAILY_SERVER_CLOSE_20220628_0000_0005
KINGEA_ENTRY_BLACKOUT,1656433800000,1656436500000,840180002:160346
BROKER_HMR_SCHEDULED,1656434700000,1656435900000,840180002:160346
MAINTENANCE_ENTRY_BLOCK,1656459000000,1656460500000,DAILY_SERVER_CLOSE_20220629_0000_0005
MAINTENANCE_FORCE_FLAT,1656460500000,1656461100000,DAILY_SERVER_CLOSE_20220629_0000_0005
MAINTENANCE_RECOVERY,1656461100000,1656462000000,DAILY_SERVER_CLOSE_20220629_0000_0005
KINGEA_ENTRY_BLACKOUT,1656514800000,1656517500000,840010007:163413
KINGEA_ENTRY_BLACKOUT,1656514800000,1656517500000,840010018:163496
BROKER_HMR_SCHEDULED,1656515700000,1656516900000,840010007:163413
BROKER_HMR_SCHEDULED,1656515700000,1656516900000,840010018:163496
KINGEA_ENTRY_BLACKOUT,1656516600000,1656519300000,840050022:168584
BROKER_HMR_SCHEDULED,1656517500000,1656518700000,840050022:168584
KINGEA_ENTRY_BLACKOUT,1656522000000,1656524700000,840200001:167161
BROKER_HMR_SCHEDULED,1656522900000,1656524100000,840200001:167161
MAINTENANCE_ENTRY_BLOCK,1656545400000,1656546900000,DAILY_SERVER_CLOSE_20220630_0000_0005
MAINTENANCE_FORCE_FLAT,1656546900000,1656547500000,DAILY_SERVER_CLOSE_20220630_0000_0005
MAINTENANCE_RECOVERY,1656547500000,1656548400000,DAILY_SERVER_CLOSE_20220630_0000_0005
KINGEA_ENTRY_BLACKOUT,1656601200000,1656603900000,840010001:163341
KINGEA_ENTRY_BLACKOUT,1656601200000,1656603900000,840010002:163353
KINGEA_ENTRY_BLACKOUT,1656601200000,1656603900000,840140001:167365
BROKER_HMR_SCHEDULED,1656602100000,1656603300000,840010001:163341
BROKER_HMR_SCHEDULED,1656602100000,1656603300000,840010002:163353
BROKER_HMR_SCHEDULED,1656602100000,1656603300000,840140001:167365
KINGEA_ENTRY_BLACKOUT,1656605700000,1656608400000,840510001:166643
BROKER_HMR_SCHEDULED,1656606600000,1656607800000,840510001:166643
MAINTENANCE_ENTRY_BLOCK,1656631800000,1656633300000,DAILY_SERVER_CLOSE_20220701_0000_0005
MAINTENANCE_FORCE_FLAT,1656633300000,1656633900000,DAILY_SERVER_CLOSE_20220701_0000_0005
MAINTENANCE_RECOVERY,1656633900000,1656634800000,DAILY_SERVER_CLOSE_20220701_0000_0005
KINGEA_ENTRY_BLACKOUT,1656692100000,1656694800000,840500001:168197
BROKER_HMR_SCHEDULED,1656693000000,1656694200000,840500001:168197
KINGEA_ENTRY_BLACKOUT,1656693000000,1656695700000,840040001:147266
KINGEA_ENTRY_BLACKOUT,1656693000000,1656695700000,840040002:147278
BROKER_HMR_SCHEDULED,1656693900000,1656695100000,840040001:147266
BROKER_HMR_SCHEDULED,1656693900000,1656695100000,840040002:147278
MAINTENANCE_ENTRY_BLOCK,1656718200000,1656719700000,DAILY_SERVER_CLOSE_20220702_0000_0005
MAINTENANCE_FORCE_FLAT,1656719700000,1656720300000,DAILY_SERVER_CLOSE_20220702_0000_0005
MAINTENANCE_RECOVERY,1656720300000,1656721200000,DAILY_SERVER_CLOSE_20220702_0000_0005
MAINTENANCE_ENTRY_BLOCK,1656804600000,1656806100000,DAILY_SERVER_CLOSE_20220703_0000_0005
MAINTENANCE_ENTRY_BLOCK,1656805140000,1656806640000,SUNDAY_SERVER_CLOSE_20220703_0009_0019
MAINTENANCE_FORCE_FLAT,1656806100000,1656806700000,DAILY_SERVER_CLOSE_20220703_0000_0005
MAINTENANCE_FORCE_FLAT,1656806640000,1656807540000,SUNDAY_SERVER_CLOSE_20220703_0009_0019
MAINTENANCE_RECOVERY,1656806700000,1656807600000,DAILY_SERVER_CLOSE_20220703_0000_0005
MAINTENANCE_RECOVERY,1656807540000,1656808440000,SUNDAY_SERVER_CLOSE_20220703_0009_0019
MAINTENANCE_ENTRY_BLOCK,1656891000000,1656892500000,DAILY_SERVER_CLOSE_20220704_0000_0005
MAINTENANCE_FORCE_FLAT,1656892500000,1656893100000,DAILY_SERVER_CLOSE_20220704_0000_0005
MAINTENANCE_RECOVERY,1656893100000,1656894000000,DAILY_SERVER_CLOSE_20220704_0000_0005
MAINTENANCE_ENTRY_BLOCK,1656977400000,1656978900000,DAILY_SERVER_CLOSE_20220705_0000_0005
MAINTENANCE_FORCE_FLAT,1656978900000,1656979500000,DAILY_SERVER_CLOSE_20220705_0000_0005
MAINTENANCE_RECOVERY,1656979500000,1656980400000,DAILY_SERVER_CLOSE_20220705_0000_0005
MAINTENANCE_ENTRY_BLOCK,1657063800000,1657065300000,DAILY_SERVER_CLOSE_20220706_0000_0005
MAINTENANCE_FORCE_FLAT,1657065300000,1657065900000,DAILY_SERVER_CLOSE_20220706_0000_0005
MAINTENANCE_RECOVERY,1657065900000,1657066800000,DAILY_SERVER_CLOSE_20220706_0000_0005
KINGEA_ENTRY_BLACKOUT,1657124100000,1657126800000,840500002:168461
BROKER_HMR_SCHEDULED,1657125000000,1657126200000,840500002:168461
KINGEA_ENTRY_BLACKOUT,1657125000000,1657127700000,840030021:158442
KINGEA_ENTRY_BLACKOUT,1657125000000,1657127700000,840040003:147290
KINGEA_ENTRY_BLACKOUT,1657125000000,1657127700000,840040008:147364
BROKER_HMR_SCHEDULED,1657125900000,1657127100000,840030021:158442
BROKER_HMR_SCHEDULED,1657125900000,1657127100000,840040003:147290
BROKER_HMR_SCHEDULED,1657125900000,1657127100000,840040008:147364
MAINTENANCE_ENTRY_BLOCK,1657150200000,1657151700000,DAILY_SERVER_CLOSE_20220707_0000_0005
MAINTENANCE_FORCE_FLAT,1657151700000,1657152300000,DAILY_SERVER_CLOSE_20220707_0000_0005
MAINTENANCE_RECOVERY,1657152300000,1657153200000,DAILY_SERVER_CLOSE_20220707_0000_0005
KINGEA_ENTRY_BLACKOUT,1657206000000,1657208700000,840140001:168159
BROKER_HMR_SCHEDULED,1657206900000,1657208100000,840140001:168159
KINGEA_ENTRY_BLACKOUT,1657215000000,1657217700000,840200001:167567
BROKER_HMR_SCHEDULED,1657215900000,1657217100000,840200001:167567
MAINTENANCE_ENTRY_BLOCK,1657236600000,1657238100000,DAILY_SERVER_CLOSE_20220708_0000_0005
MAINTENANCE_FORCE_FLAT,1657238100000,1657238700000,DAILY_SERVER_CLOSE_20220708_0000_0005
MAINTENANCE_RECOVERY,1657238700000,1657239600000,DAILY_SERVER_CLOSE_20220708_0000_0005
KINGEA_ENTRY_BLACKOUT,1657292400000,1657295100000,840030015:156565
KINGEA_ENTRY_BLACKOUT,1657292400000,1657295100000,840030016:156577
KINGEA_ENTRY_BLACKOUT,1657292400000,1657295100000,840030018:156601
BROKER_HMR_SCHEDULED,1657293300000,1657294500000,840030015:156565
BROKER_HMR_SCHEDULED,1657293300000,1657294500000,840030016:156577
BROKER_HMR_SCHEDULED,1657293300000,1657294500000,840030018:156601
MAINTENANCE_ENTRY_BLOCK,1657323000000,1657324500000,DAILY_SERVER_CLOSE_20220709_0000_0005
MAINTENANCE_FORCE_FLAT,1657324500000,1657325100000,DAILY_SERVER_CLOSE_20220709_0000_0005
MAINTENANCE_RECOVERY,1657325100000,1657326000000,DAILY_SERVER_CLOSE_20220709_0000_0005
MAINTENANCE_ENTRY_BLOCK,1657409400000,1657410900000,DAILY_SERVER_CLOSE_20220710_0000_0005
MAINTENANCE_ENTRY_BLOCK,1657409940000,1657411440000,SUNDAY_SERVER_CLOSE_20220710_0009_0019
MAINTENANCE_FORCE_FLAT,1657410900000,1657411500000,DAILY_SERVER_CLOSE_20220710_0000_0005
MAINTENANCE_FORCE_FLAT,1657411440000,1657412340000,SUNDAY_SERVER_CLOSE_20220710_0009_0019
MAINTENANCE_RECOVERY,1657411500000,1657412400000,DAILY_SERVER_CLOSE_20220710_0000_0005
MAINTENANCE_RECOVERY,1657412340000,1657413240000,SUNDAY_SERVER_CLOSE_20220710_0009_0019
MAINTENANCE_ENTRY_BLOCK,1657495800000,1657497300000,DAILY_SERVER_CLOSE_20220711_0000_0005
MAINTENANCE_FORCE_FLAT,1657497300000,1657497900000,DAILY_SERVER_CLOSE_20220711_0000_0005
MAINTENANCE_RECOVERY,1657497900000,1657498800000,DAILY_SERVER_CLOSE_20220711_0000_0005
MAINTENANCE_ENTRY_BLOCK,1657582200000,1657583700000,DAILY_SERVER_CLOSE_20220712_0000_0005
MAINTENANCE_FORCE_FLAT,1657583700000,1657584300000,DAILY_SERVER_CLOSE_20220712_0000_0005
MAINTENANCE_RECOVERY,1657584300000,1657585200000,DAILY_SERVER_CLOSE_20220712_0000_0005
KINGEA_ENTRY_BLACKOUT,1657654200000,1657656900000,840220014:164832
BROKER_HMR_SCHEDULED,1657655100000,1657656300000,840220014:164832
MAINTENANCE_ENTRY_BLOCK,1657668600000,1657670100000,DAILY_SERVER_CLOSE_20220713_0000_0005
MAINTENANCE_FORCE_FLAT,1657670100000,1657670700000,DAILY_SERVER_CLOSE_20220713_0000_0005
MAINTENANCE_RECOVERY,1657670700000,1657671600000,DAILY_SERVER_CLOSE_20220713_0000_0005
KINGEA_ENTRY_BLACKOUT,1657724400000,1657727100000,840030005:156445
KINGEA_ENTRY_BLACKOUT,1657724400000,1657727100000,840030006:156457
KINGEA_ENTRY_BLACKOUT,1657724400000,1657727100000,840030007:156469
KINGEA_ENTRY_BLACKOUT,1657724400000,1657727100000,840030034:156749
KINGEA_ENTRY_BLACKOUT,1657724400000,1657727100000,840030035:156761
BROKER_HMR_SCHEDULED,1657725300000,1657726500000,840030005:156445
BROKER_HMR_SCHEDULED,1657725300000,1657726500000,840030006:156457
BROKER_HMR_SCHEDULED,1657725300000,1657726500000,840030007:156469
BROKER_HMR_SCHEDULED,1657725300000,1657726500000,840030034:156749
BROKER_HMR_SCHEDULED,1657725300000,1657726500000,840030035:156761
KINGEA_ENTRY_BLACKOUT,1657731600000,1657734300000,840200001:167741
BROKER_HMR_SCHEDULED,1657732500000,1657733700000,840200001:167741
KINGEA_ENTRY_BLACKOUT,1657740600000,1657743300000,840220015:164835
BROKER_HMR_SCHEDULED,1657741500000,1657742700000,840220015:164835
MAINTENANCE_ENTRY_BLOCK,1657755000000,1657756500000,DAILY_SERVER_CLOSE_20220714_0000_0005
MAINTENANCE_FORCE_FLAT,1657756500000,1657757100000,DAILY_SERVER_CLOSE_20220714_0000_0005
MAINTENANCE_RECOVERY,1657757100000,1657758000000,DAILY_SERVER_CLOSE_20220714_0000_0005
KINGEA_ENTRY_BLACKOUT,1657810800000,1657813500000,840030001:156397
KINGEA_ENTRY_BLACKOUT,1657810800000,1657813500000,840140001:168160
BROKER_HMR_SCHEDULED,1657811700000,1657812900000,840030001:156397
BROKER_HMR_SCHEDULED,1657811700000,1657812900000,840140001:168160
MAINTENANCE_ENTRY_BLOCK,1657841400000,1657842900000,DAILY_SERVER_CLOSE_20220715_0000_0005
MAINTENANCE_FORCE_FLAT,1657842900000,1657843500000,DAILY_SERVER_CLOSE_20220715_0000_0005
MAINTENANCE_RECOVERY,1657843500000,1657844400000,DAILY_SERVER_CLOSE_20220715_0000_0005
KINGEA_ENTRY_BLACKOUT,1657897200000,1657899900000,840020010:156010
KINGEA_ENTRY_BLACKOUT,1657897200000,1657899900000,840020011:156022
BROKER_HMR_SCHEDULED,1657898100000,1657899300000,840020010:156010
BROKER_HMR_SCHEDULED,1657898100000,1657899300000,840020011:156022
MAINTENANCE_ENTRY_BLOCK,1657927800000,1657929300000,DAILY_SERVER_CLOSE_20220716_0000_0005
MAINTENANCE_FORCE_FLAT,1657929300000,1657929900000,DAILY_SERVER_CLOSE_20220716_0000_0005
MAINTENANCE_RECOVERY,1657929900000,1657930800000,DAILY_SERVER_CLOSE_20220716_0000_0005
MAINTENANCE_ENTRY_BLOCK,1658014200000,1658015700000,DAILY_SERVER_CLOSE_20220717_0000_0005
MAINTENANCE_ENTRY_BLOCK,1658014740000,1658016240000,SUNDAY_SERVER_CLOSE_20220717_0009_0019
MAINTENANCE_FORCE_FLAT,1658015700000,1658016300000,DAILY_SERVER_CLOSE_20220717_0000_0005
MAINTENANCE_FORCE_FLAT,1658016240000,1658017140000,SUNDAY_SERVER_CLOSE_20220717_0009_0019
MAINTENANCE_RECOVERY,1658016300000,1658017200000,DAILY_SERVER_CLOSE_20220717_0000_0005
MAINTENANCE_RECOVERY,1658017140000,1658018040000,SUNDAY_SERVER_CLOSE_20220717_0009_0019
MAINTENANCE_ENTRY_BLOCK,1658100600000,1658102100000,DAILY_SERVER_CLOSE_20220718_0000_0005
MAINTENANCE_FORCE_FLAT,1658102100000,1658102700000,DAILY_SERVER_CLOSE_20220718_0000_0005
MAINTENANCE_RECOVERY,1658102700000,1658103600000,DAILY_SERVER_CLOSE_20220718_0000_0005
MAINTENANCE_ENTRY_BLOCK,1658187000000,1658188500000,DAILY_SERVER_CLOSE_20220719_0000_0005
MAINTENANCE_FORCE_FLAT,1658188500000,1658189100000,DAILY_SERVER_CLOSE_20220719_0000_0005
MAINTENANCE_RECOVERY,1658189100000,1658190000000,DAILY_SERVER_CLOSE_20220719_0000_0005
MAINTENANCE_ENTRY_BLOCK,1658273400000,1658274900000,DAILY_SERVER_CLOSE_20220720_0000_0005
MAINTENANCE_FORCE_FLAT,1658274900000,1658275500000,DAILY_SERVER_CLOSE_20220720_0000_0005
MAINTENANCE_RECOVERY,1658275500000,1658276400000,DAILY_SERVER_CLOSE_20220720_0000_0005
KINGEA_ENTRY_BLACKOUT,1658334600000,1658337300000,840120001:156938
BROKER_HMR_SCHEDULED,1658335500000,1658336700000,840120001:156938
KINGEA_ENTRY_BLACKOUT,1658336400000,1658339100000,840200001:167832
BROKER_HMR_SCHEDULED,1658337300000,1658338500000,840200001:167832
MAINTENANCE_ENTRY_BLOCK,1658359800000,1658361300000,DAILY_SERVER_CLOSE_20220721_0000_0005
MAINTENANCE_FORCE_FLAT,1658361300000,1658361900000,DAILY_SERVER_CLOSE_20220721_0000_0005
MAINTENANCE_RECOVERY,1658361900000,1658362800000,DAILY_SERVER_CLOSE_20220721_0000_0005
KINGEA_ENTRY_BLACKOUT,1658415600000,1658418300000,840070001:158356
KINGEA_ENTRY_BLACKOUT,1658415600000,1658418300000,840140001:168161
BROKER_HMR_SCHEDULED,1658416500000,1658417700000,840070001:158356
BROKER_HMR_SCHEDULED,1658416500000,1658417700000,840140001:168161
MAINTENANCE_ENTRY_BLOCK,1658446200000,1658447700000,DAILY_SERVER_CLOSE_20220722_0000_0005
MAINTENANCE_FORCE_FLAT,1658447700000,1658448300000,DAILY_SERVER_CLOSE_20220722_0000_0005
MAINTENANCE_RECOVERY,1658448300000,1658449200000,DAILY_SERVER_CLOSE_20220722_0000_0005
KINGEA_ENTRY_BLACKOUT,1658506500000,1658509200000,840500001:168569
KINGEA_ENTRY_BLACKOUT,1658506500000,1658509200000,840500002:168570
BROKER_HMR_SCHEDULED,1658507400000,1658508600000,840500001:168569
BROKER_HMR_SCHEDULED,1658507400000,1658508600000,840500002:168570
MAINTENANCE_ENTRY_BLOCK,1658532600000,1658534100000,DAILY_SERVER_CLOSE_20220723_0000_0005
MAINTENANCE_FORCE_FLAT,1658534100000,1658534700000,DAILY_SERVER_CLOSE_20220723_0000_0005
MAINTENANCE_RECOVERY,1658534700000,1658535600000,DAILY_SERVER_CLOSE_20220723_0000_0005
MAINTENANCE_ENTRY_BLOCK,1658619000000,1658620500000,DAILY_SERVER_CLOSE_20220724_0000_0005
MAINTENANCE_ENTRY_BLOCK,1658619540000,1658621040000,SUNDAY_SERVER_CLOSE_20220724_0009_0019
MAINTENANCE_FORCE_FLAT,1658620500000,1658621100000,DAILY_SERVER_CLOSE_20220724_0000_0005
MAINTENANCE_FORCE_FLAT,1658621040000,1658621940000,SUNDAY_SERVER_CLOSE_20220724_0009_0019
MAINTENANCE_RECOVERY,1658621100000,1658622000000,DAILY_SERVER_CLOSE_20220724_0000_0005
MAINTENANCE_RECOVERY,1658621940000,1658622840000,SUNDAY_SERVER_CLOSE_20220724_0009_0019
MAINTENANCE_ENTRY_BLOCK,1658705400000,1658706900000,DAILY_SERVER_CLOSE_20220725_0000_0005
MAINTENANCE_FORCE_FLAT,1658706900000,1658707500000,DAILY_SERVER_CLOSE_20220725_0000_0005
MAINTENANCE_RECOVERY,1658707500000,1658708400000,DAILY_SERVER_CLOSE_20220725_0000_0005
MAINTENANCE_ENTRY_BLOCK,1658791800000,1658793300000,DAILY_SERVER_CLOSE_20220726_0000_0005
MAINTENANCE_FORCE_FLAT,1658793300000,1658793900000,DAILY_SERVER_CLOSE_20220726_0000_0005
MAINTENANCE_RECOVERY,1658793900000,1658794800000,DAILY_SERVER_CLOSE_20220726_0000_0005
KINGEA_ENTRY_BLACKOUT,1658853000000,1658855700000,840020008:155986
KINGEA_ENTRY_BLACKOUT,1658853000000,1658855700000,840180002:160347
BROKER_HMR_SCHEDULED,1658853900000,1658855100000,840020008:155986
BROKER_HMR_SCHEDULED,1658853900000,1658855100000,840180002:160347
MAINTENANCE_ENTRY_BLOCK,1658878200000,1658879700000,DAILY_SERVER_CLOSE_20220727_0000_0005
MAINTENANCE_FORCE_FLAT,1658879700000,1658880300000,DAILY_SERVER_CLOSE_20220727_0000_0005
MAINTENANCE_RECOVERY,1658880300000,1658881200000,DAILY_SERVER_CLOSE_20220727_0000_0005
KINGEA_ENTRY_BLACKOUT,1658934000000,1658936700000,840020013:156046
BROKER_HMR_SCHEDULED,1658934900000,1658936100000,840020013:156046
KINGEA_ENTRY_BLACKOUT,1658941200000,1658943900000,840200001:168011
BROKER_HMR_SCHEDULED,1658942100000,1658943300000,840200001:168011
KINGEA_ENTRY_BLACKOUT,1658953800000,1658956500000,840050014:152425
BROKER_HMR_SCHEDULED,1658954700000,1658955900000,840050014:152425
KINGEA_ENTRY_BLACKOUT,1658955600000,1658958300000,840050018:152433
BROKER_HMR_SCHEDULED,1658956500000,1658957700000,840050018:152433
MAINTENANCE_ENTRY_BLOCK,1658964600000,1658966100000,DAILY_SERVER_CLOSE_20220728_0000_0005
MAINTENANCE_FORCE_FLAT,1658966100000,1658966700000,DAILY_SERVER_CLOSE_20220728_0000_0005
MAINTENANCE_RECOVERY,1658966700000,1658967600000,DAILY_SERVER_CLOSE_20220728_0000_0005
KINGEA_ENTRY_BLACKOUT,1659020400000,1659023100000,840010007:163414
KINGEA_ENTRY_BLACKOUT,1659020400000,1659023100000,840010018:163497
KINGEA_ENTRY_BLACKOUT,1659020400000,1659023100000,840140001:168162
BROKER_HMR_SCHEDULED,1659021300000,1659022500000,840010007:163414
BROKER_HMR_SCHEDULED,1659021300000,1659022500000,840010018:163497
BROKER_HMR_SCHEDULED,1659021300000,1659022500000,840140001:168162
MAINTENANCE_ENTRY_BLOCK,1659051000000,1659052500000,DAILY_SERVER_CLOSE_20220729_0000_0005
MAINTENANCE_FORCE_FLAT,1659052500000,1659053100000,DAILY_SERVER_CLOSE_20220729_0000_0005
MAINTENANCE_RECOVERY,1659053100000,1659054000000,DAILY_SERVER_CLOSE_20220729_0000_0005
KINGEA_ENTRY_BLACKOUT,1659106800000,1659109500000,840010001:163342
KINGEA_ENTRY_BLACKOUT,1659106800000,1659109500000,840010002:163354
BROKER_HMR_SCHEDULED,1659107700000,1659108900000,840010001:163342
BROKER_HMR_SCHEDULED,1659107700000,1659108900000,840010002:163354
KINGEA_ENTRY_BLACKOUT,1659111300000,1659114000000,840510001:167390
BROKER_HMR_SCHEDULED,1659112200000,1659113400000,840510001:167390
MAINTENANCE_ENTRY_BLOCK,1659137400000,1659138900000,DAILY_SERVER_CLOSE_20220730_0000_0005
MAINTENANCE_FORCE_FLAT,1659138900000,1659139500000,DAILY_SERVER_CLOSE_20220730_0000_0005
MAINTENANCE_RECOVERY,1659139500000,1659140400000,DAILY_SERVER_CLOSE_20220730_0000_0005
MAINTENANCE_ENTRY_BLOCK,1659223800000,1659225300000,DAILY_SERVER_CLOSE_20220731_0000_0005
MAINTENANCE_ENTRY_BLOCK,1659224340000,1659225840000,SUNDAY_SERVER_CLOSE_20220731_0009_0019
MAINTENANCE_FORCE_FLAT,1659225300000,1659225900000,DAILY_SERVER_CLOSE_20220731_0000_0005
MAINTENANCE_FORCE_FLAT,1659225840000,1659226740000,SUNDAY_SERVER_CLOSE_20220731_0009_0019
MAINTENANCE_RECOVERY,1659225900000,1659226800000,DAILY_SERVER_CLOSE_20220731_0000_0005
MAINTENANCE_RECOVERY,1659226740000,1659227640000,SUNDAY_SERVER_CLOSE_20220731_0009_0019
MAINTENANCE_ENTRY_BLOCK,1659310200000,1659311700000,DAILY_SERVER_CLOSE_20220801_0000_0005
MAINTENANCE_FORCE_FLAT,1659311700000,1659312300000,DAILY_SERVER_CLOSE_20220801_0000_0005
MAINTENANCE_RECOVERY,1659312300000,1659313200000,DAILY_SERVER_CLOSE_20220801_0000_0005
KINGEA_ENTRY_BLACKOUT,1659370500000,1659373200000,840500001:168967
BROKER_HMR_SCHEDULED,1659371400000,1659372600000,840500001:168967
KINGEA_ENTRY_BLACKOUT,1659371400000,1659374100000,840040001:157376
KINGEA_ENTRY_BLACKOUT,1659371400000,1659374100000,840040002:157380
BROKER_HMR_SCHEDULED,1659372300000,1659373500000,840040001:157376
BROKER_HMR_SCHEDULED,1659372300000,1659373500000,840040002:157380
MAINTENANCE_ENTRY_BLOCK,1659396600000,1659398100000,DAILY_SERVER_CLOSE_20220802_0000_0005
MAINTENANCE_FORCE_FLAT,1659398100000,1659398700000,DAILY_SERVER_CLOSE_20220802_0000_0005
MAINTENANCE_RECOVERY,1659398700000,1659399600000,DAILY_SERVER_CLOSE_20220802_0000_0005
KINGEA_ENTRY_BLACKOUT,1659457800000,1659460500000,840030021:158443
BROKER_HMR_SCHEDULED,1659458700000,1659459900000,840030021:158443
MAINTENANCE_ENTRY_BLOCK,1659483000000,1659484500000,DAILY_SERVER_CLOSE_20220803_0000_0005
MAINTENANCE_FORCE_FLAT,1659484500000,1659485100000,DAILY_SERVER_CLOSE_20220803_0000_0005
MAINTENANCE_RECOVERY,1659485100000,1659486000000,DAILY_SERVER_CLOSE_20220803_0000_0005
KINGEA_ENTRY_BLACKOUT,1659543300000,1659546000000,840500002:169018
BROKER_HMR_SCHEDULED,1659544200000,1659545400000,840500002:169018
KINGEA_ENTRY_BLACKOUT,1659544200000,1659546900000,840040003:157384
KINGEA_ENTRY_BLACKOUT,1659544200000,1659546900000,840040008:157407
BROKER_HMR_SCHEDULED,1659545100000,1659546300000,840040003:157384
BROKER_HMR_SCHEDULED,1659545100000,1659546300000,840040008:157407
KINGEA_ENTRY_BLACKOUT,1659546000000,1659548700000,840200001:168174
BROKER_HMR_SCHEDULED,1659546900000,1659548100000,840200001:168174
MAINTENANCE_ENTRY_BLOCK,1659569400000,1659570900000,DAILY_SERVER_CLOSE_20220804_0000_0005
MAINTENANCE_FORCE_FLAT,1659570900000,1659571500000,DAILY_SERVER_CLOSE_20220804_0000_0005
MAINTENANCE_RECOVERY,1659571500000,1659572400000,DAILY_SERVER_CLOSE_20220804_0000_0005
KINGEA_ENTRY_BLACKOUT,1659625200000,1659627900000,840140001:168883
BROKER_HMR_SCHEDULED,1659626100000,1659627300000,840140001:168883
MAINTENANCE_ENTRY_BLOCK,1659655800000,1659657300000,DAILY_SERVER_CLOSE_20220805_0000_0005
MAINTENANCE_FORCE_FLAT,1659657300000,1659657900000,DAILY_SERVER_CLOSE_20220805_0000_0005
MAINTENANCE_RECOVERY,1659657900000,1659658800000,DAILY_SERVER_CLOSE_20220805_0000_0005
KINGEA_ENTRY_BLACKOUT,1659711600000,1659714300000,840030015:156566
KINGEA_ENTRY_BLACKOUT,1659711600000,1659714300000,840030016:156578
KINGEA_ENTRY_BLACKOUT,1659711600000,1659714300000,840030018:156602
BROKER_HMR_SCHEDULED,1659712500000,1659713700000,840030015:156566
BROKER_HMR_SCHEDULED,1659712500000,1659713700000,840030016:156578
BROKER_HMR_SCHEDULED,1659712500000,1659713700000,840030018:156602
MAINTENANCE_ENTRY_BLOCK,1659742200000,1659743700000,DAILY_SERVER_CLOSE_20220806_0000_0005
MAINTENANCE_FORCE_FLAT,1659743700000,1659744300000,DAILY_SERVER_CLOSE_20220806_0000_0005
MAINTENANCE_RECOVERY,1659744300000,1659745200000,DAILY_SERVER_CLOSE_20220806_0000_0005
MAINTENANCE_ENTRY_BLOCK,1659828600000,1659830100000,DAILY_SERVER_CLOSE_20220807_0000_0005
MAINTENANCE_ENTRY_BLOCK,1659829140000,1659830640000,SUNDAY_SERVER_CLOSE_20220807_0009_0019
MAINTENANCE_FORCE_FLAT,1659830100000,1659830700000,DAILY_SERVER_CLOSE_20220807_0000_0005
MAINTENANCE_FORCE_FLAT,1659830640000,1659831540000,SUNDAY_SERVER_CLOSE_20220807_0009_0019
MAINTENANCE_RECOVERY,1659830700000,1659831600000,DAILY_SERVER_CLOSE_20220807_0000_0005
MAINTENANCE_RECOVERY,1659831540000,1659832440000,SUNDAY_SERVER_CLOSE_20220807_0009_0019
MAINTENANCE_ENTRY_BLOCK,1659915000000,1659916500000,DAILY_SERVER_CLOSE_20220808_0000_0005
MAINTENANCE_FORCE_FLAT,1659916500000,1659917100000,DAILY_SERVER_CLOSE_20220808_0000_0005
MAINTENANCE_RECOVERY,1659917100000,1659918000000,DAILY_SERVER_CLOSE_20220808_0000_0005
MAINTENANCE_ENTRY_BLOCK,1660001400000,1660002900000,DAILY_SERVER_CLOSE_20220809_0000_0005
MAINTENANCE_FORCE_FLAT,1660002900000,1660003500000,DAILY_SERVER_CLOSE_20220809_0000_0005
MAINTENANCE_RECOVERY,1660003500000,1660004400000,DAILY_SERVER_CLOSE_20220809_0000_0005
MAINTENANCE_ENTRY_BLOCK,1660087800000,1660089300000,DAILY_SERVER_CLOSE_20220810_0000_0005
MAINTENANCE_FORCE_FLAT,1660089300000,1660089900000,DAILY_SERVER_CLOSE_20220810_0000_0005
MAINTENANCE_RECOVERY,1660089900000,1660090800000,DAILY_SERVER_CLOSE_20220810_0000_0005
KINGEA_ENTRY_BLACKOUT,1660143600000,1660146300000,840030005:156446
KINGEA_ENTRY_BLACKOUT,1660143600000,1660146300000,840030006:156458
KINGEA_ENTRY_BLACKOUT,1660143600000,1660146300000,840030007:156470
KINGEA_ENTRY_BLACKOUT,1660143600000,1660146300000,840030034:156750
KINGEA_ENTRY_BLACKOUT,1660143600000,1660146300000,840030035:156762
BROKER_HMR_SCHEDULED,1660144500000,1660145700000,840030005:156446
BROKER_HMR_SCHEDULED,1660144500000,1660145700000,840030006:156458
BROKER_HMR_SCHEDULED,1660144500000,1660145700000,840030007:156470
BROKER_HMR_SCHEDULED,1660144500000,1660145700000,840030034:156750
BROKER_HMR_SCHEDULED,1660144500000,1660145700000,840030035:156762
KINGEA_ENTRY_BLACKOUT,1660150800000,1660153500000,840200001:168392
BROKER_HMR_SCHEDULED,1660151700000,1660152900000,840200001:168392
KINGEA_ENTRY_BLACKOUT,1660159800000,1660162500000,840220014:167661
BROKER_HMR_SCHEDULED,1660160700000,1660161900000,840220014:167661
MAINTENANCE_ENTRY_BLOCK,1660174200000,1660175700000,DAILY_SERVER_CLOSE_20220811_0000_0005
MAINTENANCE_FORCE_FLAT,1660175700000,1660176300000,DAILY_SERVER_CLOSE_20220811_0000_0005
MAINTENANCE_RECOVERY,1660176300000,1660177200000,DAILY_SERVER_CLOSE_20220811_0000_0005
KINGEA_ENTRY_BLACKOUT,1660230000000,1660232700000,840030001:156398
KINGEA_ENTRY_BLACKOUT,1660230000000,1660232700000,840140001:168884
BROKER_HMR_SCHEDULED,1660230900000,1660232100000,840030001:156398
BROKER_HMR_SCHEDULED,1660230900000,1660232100000,840140001:168884
KINGEA_ENTRY_BLACKOUT,1660246200000,1660248900000,840220015:167664
BROKER_HMR_SCHEDULED,1660247100000,1660248300000,840220015:167664
MAINTENANCE_ENTRY_BLOCK,1660260600000,1660262100000,DAILY_SERVER_CLOSE_20220812_0000_0005
MAINTENANCE_FORCE_FLAT,1660262100000,1660262700000,DAILY_SERVER_CLOSE_20220812_0000_0005
MAINTENANCE_RECOVERY,1660262700000,1660263600000,DAILY_SERVER_CLOSE_20220812_0000_0005
MAINTENANCE_ENTRY_BLOCK,1660347000000,1660348500000,DAILY_SERVER_CLOSE_20220813_0000_0005
MAINTENANCE_FORCE_FLAT,1660348500000,1660349100000,DAILY_SERVER_CLOSE_20220813_0000_0005
MAINTENANCE_RECOVERY,1660349100000,1660350000000,DAILY_SERVER_CLOSE_20220813_0000_0005
MAINTENANCE_ENTRY_BLOCK,1660433400000,1660434900000,DAILY_SERVER_CLOSE_20220814_0000_0005
MAINTENANCE_ENTRY_BLOCK,1660433940000,1660435440000,SUNDAY_SERVER_CLOSE_20220814_0009_0019
MAINTENANCE_FORCE_FLAT,1660434900000,1660435500000,DAILY_SERVER_CLOSE_20220814_0000_0005
MAINTENANCE_FORCE_FLAT,1660435440000,1660436340000,SUNDAY_SERVER_CLOSE_20220814_0009_0019
MAINTENANCE_RECOVERY,1660435500000,1660436400000,DAILY_SERVER_CLOSE_20220814_0000_0005
MAINTENANCE_RECOVERY,1660436340000,1660437240000,SUNDAY_SERVER_CLOSE_20220814_0009_0019
MAINTENANCE_ENTRY_BLOCK,1660519800000,1660521300000,DAILY_SERVER_CLOSE_20220815_0000_0005
MAINTENANCE_FORCE_FLAT,1660521300000,1660521900000,DAILY_SERVER_CLOSE_20220815_0000_0005
MAINTENANCE_RECOVERY,1660521900000,1660522800000,DAILY_SERVER_CLOSE_20220815_0000_0005
MAINTENANCE_ENTRY_BLOCK,1660606200000,1660607700000,DAILY_SERVER_CLOSE_20220816_0000_0005
MAINTENANCE_FORCE_FLAT,1660607700000,1660608300000,DAILY_SERVER_CLOSE_20220816_0000_0005
MAINTENANCE_RECOVERY,1660608300000,1660609200000,DAILY_SERVER_CLOSE_20220816_0000_0005
MAINTENANCE_ENTRY_BLOCK,1660692600000,1660694100000,DAILY_SERVER_CLOSE_20220817_0000_0005
MAINTENANCE_FORCE_FLAT,1660694100000,1660694700000,DAILY_SERVER_CLOSE_20220817_0000_0005
MAINTENANCE_RECOVERY,1660694700000,1660695600000,DAILY_SERVER_CLOSE_20220817_0000_0005
KINGEA_ENTRY_BLACKOUT,1660748400000,1660751100000,840020010:156011
KINGEA_ENTRY_BLACKOUT,1660748400000,1660751100000,840020011:156023
BROKER_HMR_SCHEDULED,1660749300000,1660750500000,840020010:156011
BROKER_HMR_SCHEDULED,1660749300000,1660750500000,840020011:156023
KINGEA_ENTRY_BLACKOUT,1660755600000,1660758300000,840200001:168480
BROKER_HMR_SCHEDULED,1660756500000,1660757700000,840200001:168480
MAINTENANCE_ENTRY_BLOCK,1660779000000,1660780500000,DAILY_SERVER_CLOSE_20220818_0000_0005
MAINTENANCE_FORCE_FLAT,1660780500000,1660781100000,DAILY_SERVER_CLOSE_20220818_0000_0005
MAINTENANCE_RECOVERY,1660781100000,1660782000000,DAILY_SERVER_CLOSE_20220818_0000_0005
KINGEA_ENTRY_BLACKOUT,1660834800000,1660837500000,840070001:158357
KINGEA_ENTRY_BLACKOUT,1660834800000,1660837500000,840140001:168885
BROKER_HMR_SCHEDULED,1660835700000,1660836900000,840070001:158357
BROKER_HMR_SCHEDULED,1660835700000,1660836900000,840140001:168885
KINGEA_ENTRY_BLACKOUT,1660840200000,1660842900000,840120001:156939
BROKER_HMR_SCHEDULED,1660841100000,1660842300000,840120001:156939
MAINTENANCE_ENTRY_BLOCK,1660865400000,1660866900000,DAILY_SERVER_CLOSE_20220819_0000_0005
MAINTENANCE_FORCE_FLAT,1660866900000,1660867500000,DAILY_SERVER_CLOSE_20220819_0000_0005
MAINTENANCE_RECOVERY,1660867500000,1660868400000,DAILY_SERVER_CLOSE_20220819_0000_0005
MAINTENANCE_ENTRY_BLOCK,1660951800000,1660953300000,DAILY_SERVER_CLOSE_20220820_0000_0005
MAINTENANCE_FORCE_FLAT,1660953300000,1660953900000,DAILY_SERVER_CLOSE_20220820_0000_0005
MAINTENANCE_RECOVERY,1660953900000,1660954800000,DAILY_SERVER_CLOSE_20220820_0000_0005
MAINTENANCE_ENTRY_BLOCK,1661038200000,1661039700000,DAILY_SERVER_CLOSE_20220821_0000_0005
MAINTENANCE_ENTRY_BLOCK,1661038740000,1661040240000,SUNDAY_SERVER_CLOSE_20220821_0009_0019
MAINTENANCE_FORCE_FLAT,1661039700000,1661040300000,DAILY_SERVER_CLOSE_20220821_0000_0005
MAINTENANCE_FORCE_FLAT,1661040240000,1661041140000,SUNDAY_SERVER_CLOSE_20220821_0009_0019
MAINTENANCE_RECOVERY,1661040300000,1661041200000,DAILY_SERVER_CLOSE_20220821_0000_0005
MAINTENANCE_RECOVERY,1661041140000,1661042040000,SUNDAY_SERVER_CLOSE_20220821_0009_0019
MAINTENANCE_ENTRY_BLOCK,1661124600000,1661126100000,DAILY_SERVER_CLOSE_20220822_0000_0005
MAINTENANCE_FORCE_FLAT,1661126100000,1661126700000,DAILY_SERVER_CLOSE_20220822_0000_0005
MAINTENANCE_RECOVERY,1661126700000,1661127600000,DAILY_SERVER_CLOSE_20220822_0000_0005
MAINTENANCE_ENTRY_BLOCK,1661211000000,1661212500000,DAILY_SERVER_CLOSE_20220823_0000_0005
MAINTENANCE_FORCE_FLAT,1661212500000,1661213100000,DAILY_SERVER_CLOSE_20220823_0000_0005
MAINTENANCE_RECOVERY,1661213100000,1661214000000,DAILY_SERVER_CLOSE_20220823_0000_0005
KINGEA_ENTRY_BLACKOUT,1661271300000,1661274000000,840500001:169634
KINGEA_ENTRY_BLACKOUT,1661271300000,1661274000000,840500002:169635
BROKER_HMR_SCHEDULED,1661272200000,1661273400000,840500001:169634
BROKER_HMR_SCHEDULED,1661272200000,1661273400000,840500002:169635
KINGEA_ENTRY_BLACKOUT,1661272200000,1661274900000,840020008:155987
BROKER_HMR_SCHEDULED,1661273100000,1661274300000,840020008:155987
MAINTENANCE_ENTRY_BLOCK,1661297400000,1661298900000,DAILY_SERVER_CLOSE_20220824_0000_0005
MAINTENANCE_FORCE_FLAT,1661298900000,1661299500000,DAILY_SERVER_CLOSE_20220824_0000_0005
MAINTENANCE_RECOVERY,1661299500000,1661300400000,DAILY_SERVER_CLOSE_20220824_0000_0005
KINGEA_ENTRY_BLACKOUT,1661353200000,1661355900000,840020013:156047
BROKER_HMR_SCHEDULED,1661354100000,1661355300000,840020013:156047
KINGEA_ENTRY_BLACKOUT,1661360400000,1661363100000,840200001:168544
BROKER_HMR_SCHEDULED,1661361300000,1661362500000,840200001:168544
MAINTENANCE_ENTRY_BLOCK,1661383800000,1661385300000,DAILY_SERVER_CLOSE_20220825_0000_0005
MAINTENANCE_FORCE_FLAT,1661385300000,1661385900000,DAILY_SERVER_CLOSE_20220825_0000_0005
MAINTENANCE_RECOVERY,1661385900000,1661386800000,DAILY_SERVER_CLOSE_20220825_0000_0005
KINGEA_ENTRY_BLACKOUT,1661439600000,1661442300000,840010007:163415
KINGEA_ENTRY_BLACKOUT,1661439600000,1661442300000,840010018:163498
KINGEA_ENTRY_BLACKOUT,1661439600000,1661442300000,840140001:168886
BROKER_HMR_SCHEDULED,1661440500000,1661441700000,840010007:163415
BROKER_HMR_SCHEDULED,1661440500000,1661441700000,840010018:163498
BROKER_HMR_SCHEDULED,1661440500000,1661441700000,840140001:168886
MAINTENANCE_ENTRY_BLOCK,1661470200000,1661471700000,DAILY_SERVER_CLOSE_20220826_0000_0005
MAINTENANCE_FORCE_FLAT,1661471700000,1661472300000,DAILY_SERVER_CLOSE_20220826_0000_0005
MAINTENANCE_RECOVERY,1661472300000,1661473200000,DAILY_SERVER_CLOSE_20220826_0000_0005
KINGEA_ENTRY_BLACKOUT,1661526000000,1661528700000,840010001:163343
KINGEA_ENTRY_BLACKOUT,1661526000000,1661528700000,840010002:163355
BROKER_HMR_SCHEDULED,1661526900000,1661528100000,840010001:163343
BROKER_HMR_SCHEDULED,1661526900000,1661528100000,840010002:163355
KINGEA_ENTRY_BLACKOUT,1661531400000,1661534100000,840050022:170158
BROKER_HMR_SCHEDULED,1661532300000,1661533500000,840050022:170158
MAINTENANCE_ENTRY_BLOCK,1661556600000,1661558100000,DAILY_SERVER_CLOSE_20220827_0000_0005
MAINTENANCE_FORCE_FLAT,1661558100000,1661558700000,DAILY_SERVER_CLOSE_20220827_0000_0005
MAINTENANCE_RECOVERY,1661558700000,1661559600000,DAILY_SERVER_CLOSE_20220827_0000_0005
MAINTENANCE_ENTRY_BLOCK,1661643000000,1661644500000,DAILY_SERVER_CLOSE_20220828_0000_0005
MAINTENANCE_ENTRY_BLOCK,1661643540000,1661645040000,SUNDAY_SERVER_CLOSE_20220828_0009_0019
MAINTENANCE_FORCE_FLAT,1661644500000,1661645100000,DAILY_SERVER_CLOSE_20220828_0000_0005
MAINTENANCE_FORCE_FLAT,1661645040000,1661645940000,SUNDAY_SERVER_CLOSE_20220828_0009_0019
MAINTENANCE_RECOVERY,1661645100000,1661646000000,DAILY_SERVER_CLOSE_20220828_0000_0005
MAINTENANCE_RECOVERY,1661645940000,1661646840000,SUNDAY_SERVER_CLOSE_20220828_0009_0019
MAINTENANCE_ENTRY_BLOCK,1661729400000,1661730900000,DAILY_SERVER_CLOSE_20220829_0000_0005
MAINTENANCE_FORCE_FLAT,1661730900000,1661731500000,DAILY_SERVER_CLOSE_20220829_0000_0005
MAINTENANCE_RECOVERY,1661731500000,1661732400000,DAILY_SERVER_CLOSE_20220829_0000_0005
MAINTENANCE_ENTRY_BLOCK,1661815800000,1661817300000,DAILY_SERVER_CLOSE_20220830_0000_0005
MAINTENANCE_FORCE_FLAT,1661817300000,1661817900000,DAILY_SERVER_CLOSE_20220830_0000_0005
MAINTENANCE_RECOVERY,1661817900000,1661818800000,DAILY_SERVER_CLOSE_20220830_0000_0005
KINGEA_ENTRY_BLACKOUT,1661877000000,1661879700000,840030021:158444
KINGEA_ENTRY_BLACKOUT,1661877000000,1661879700000,840180002:160348
BROKER_HMR_SCHEDULED,1661877900000,1661879100000,840030021:158444
BROKER_HMR_SCHEDULED,1661877900000,1661879100000,840180002:160348
MAINTENANCE_ENTRY_BLOCK,1661902200000,1661903700000,DAILY_SERVER_CLOSE_20220831_0000_0005
MAINTENANCE_FORCE_FLAT,1661903700000,1661904300000,DAILY_SERVER_CLOSE_20220831_0000_0005
MAINTENANCE_RECOVERY,1661904300000,1661905200000,DAILY_SERVER_CLOSE_20220831_0000_0005
KINGEA_ENTRY_BLACKOUT,1661957100000,1661959800000,840190001:159493
BROKER_HMR_SCHEDULED,1661958000000,1661959200000,840190001:159493
KINGEA_ENTRY_BLACKOUT,1661962500000,1661965200000,840510001:168199
BROKER_HMR_SCHEDULED,1661963400000,1661964600000,840510001:168199
KINGEA_ENTRY_BLACKOUT,1661965200000,1661967900000,840200001:168685
BROKER_HMR_SCHEDULED,1661966100000,1661967300000,840200001:168685
MAINTENANCE_ENTRY_BLOCK,1661988600000,1661990100000,DAILY_SERVER_CLOSE_20220901_0000_0005
MAINTENANCE_FORCE_FLAT,1661990100000,1661990700000,DAILY_SERVER_CLOSE_20220901_0000_0005
MAINTENANCE_RECOVERY,1661990700000,1661991600000,DAILY_SERVER_CLOSE_20220901_0000_0005
KINGEA_ENTRY_BLACKOUT,1662044400000,1662047100000,840140001:169528
BROKER_HMR_SCHEDULED,1662045300000,1662046500000,840140001:169528
KINGEA_ENTRY_BLACKOUT,1662048900000,1662051600000,840500001:169645
BROKER_HMR_SCHEDULED,1662049800000,1662051000000,840500001:169645
KINGEA_ENTRY_BLACKOUT,1662049800000,1662052500000,840040001:147268
KINGEA_ENTRY_BLACKOUT,1662049800000,1662052500000,840040002:147280
BROKER_HMR_SCHEDULED,1662050700000,1662051900000,840040001:147268
BROKER_HMR_SCHEDULED,1662050700000,1662051900000,840040002:147280
MAINTENANCE_ENTRY_BLOCK,1662075000000,1662076500000,DAILY_SERVER_CLOSE_20220902_0000_0005
MAINTENANCE_FORCE_FLAT,1662076500000,1662077100000,DAILY_SERVER_CLOSE_20220902_0000_0005
MAINTENANCE_RECOVERY,1662077100000,1662078000000,DAILY_SERVER_CLOSE_20220902_0000_0005
KINGEA_ENTRY_BLACKOUT,1662130800000,1662133500000,840030015:156567
KINGEA_ENTRY_BLACKOUT,1662130800000,1662133500000,840030016:156579
KINGEA_ENTRY_BLACKOUT,1662130800000,1662133500000,840030018:156603
BROKER_HMR_SCHEDULED,1662131700000,1662132900000,840030015:156567
BROKER_HMR_SCHEDULED,1662131700000,1662132900000,840030016:156579
BROKER_HMR_SCHEDULED,1662131700000,1662132900000,840030018:156603
MAINTENANCE_ENTRY_BLOCK,1662161400000,1662162900000,DAILY_SERVER_CLOSE_20220903_0000_0005
MAINTENANCE_FORCE_FLAT,1662162900000,1662163500000,DAILY_SERVER_CLOSE_20220903_0000_0005
MAINTENANCE_RECOVERY,1662163500000,1662164400000,DAILY_SERVER_CLOSE_20220903_0000_0005
MAINTENANCE_ENTRY_BLOCK,1662247800000,1662249300000,DAILY_SERVER_CLOSE_20220904_0000_0005
MAINTENANCE_ENTRY_BLOCK,1662248340000,1662249840000,SUNDAY_SERVER_CLOSE_20220904_0009_0019
MAINTENANCE_FORCE_FLAT,1662249300000,1662249900000,DAILY_SERVER_CLOSE_20220904_0000_0005
MAINTENANCE_FORCE_FLAT,1662249840000,1662250740000,SUNDAY_SERVER_CLOSE_20220904_0009_0019
MAINTENANCE_RECOVERY,1662249900000,1662250800000,DAILY_SERVER_CLOSE_20220904_0000_0005
MAINTENANCE_RECOVERY,1662250740000,1662251640000,SUNDAY_SERVER_CLOSE_20220904_0009_0019
MAINTENANCE_ENTRY_BLOCK,1662334200000,1662335700000,DAILY_SERVER_CLOSE_20220905_0000_0005
MAINTENANCE_FORCE_FLAT,1662335700000,1662336300000,DAILY_SERVER_CLOSE_20220905_0000_0005
MAINTENANCE_RECOVERY,1662336300000,1662337200000,DAILY_SERVER_CLOSE_20220905_0000_0005
MAINTENANCE_ENTRY_BLOCK,1662420600000,1662422100000,DAILY_SERVER_CLOSE_20220906_0000_0005
MAINTENANCE_FORCE_FLAT,1662422100000,1662422700000,DAILY_SERVER_CLOSE_20220906_0000_0005
MAINTENANCE_RECOVERY,1662422700000,1662423600000,DAILY_SERVER_CLOSE_20220906_0000_0005
KINGEA_ENTRY_BLACKOUT,1662480900000,1662483600000,840500002:170053
BROKER_HMR_SCHEDULED,1662481800000,1662483000000,840500002:170053
KINGEA_ENTRY_BLACKOUT,1662481800000,1662484500000,840040003:157385
KINGEA_ENTRY_BLACKOUT,1662481800000,1662484500000,840040008:157408
BROKER_HMR_SCHEDULED,1662482700000,1662483900000,840040003:157385
BROKER_HMR_SCHEDULED,1662482700000,1662483900000,840040008:157408
MAINTENANCE_ENTRY_BLOCK,1662507000000,1662508500000,DAILY_SERVER_CLOSE_20220907_0000_0005
MAINTENANCE_FORCE_FLAT,1662508500000,1662509100000,DAILY_SERVER_CLOSE_20220907_0000_0005
MAINTENANCE_RECOVERY,1662509100000,1662510000000,DAILY_SERVER_CLOSE_20220907_0000_0005
MAINTENANCE_ENTRY_BLOCK,1662593400000,1662594900000,DAILY_SERVER_CLOSE_20220908_0000_0005
MAINTENANCE_FORCE_FLAT,1662594900000,1662595500000,DAILY_SERVER_CLOSE_20220908_0000_0005
MAINTENANCE_RECOVERY,1662595500000,1662596400000,DAILY_SERVER_CLOSE_20220908_0000_0005
KINGEA_ENTRY_BLACKOUT,1662649200000,1662651900000,840140001:169529
BROKER_HMR_SCHEDULED,1662650100000,1662651300000,840140001:169529
KINGEA_ENTRY_BLACKOUT,1662651600000,1662654300000,840050022:170482
BROKER_HMR_SCHEDULED,1662652500000,1662653700000,840050022:170482
KINGEA_ENTRY_BLACKOUT,1662658200000,1662660900000,840200001:169077
BROKER_HMR_SCHEDULED,1662659100000,1662660300000,840200001:169077
MAINTENANCE_ENTRY_BLOCK,1662679800000,1662681300000,DAILY_SERVER_CLOSE_20220909_0000_0005
MAINTENANCE_FORCE_FLAT,1662681300000,1662681900000,DAILY_SERVER_CLOSE_20220909_0000_0005
MAINTENANCE_RECOVERY,1662681900000,1662682800000,DAILY_SERVER_CLOSE_20220909_0000_0005
MAINTENANCE_ENTRY_BLOCK,1662766200000,1662767700000,DAILY_SERVER_CLOSE_20220910_0000_0005
MAINTENANCE_FORCE_FLAT,1662767700000,1662768300000,DAILY_SERVER_CLOSE_20220910_0000_0005
MAINTENANCE_RECOVERY,1662768300000,1662769200000,DAILY_SERVER_CLOSE_20220910_0000_0005
MAINTENANCE_ENTRY_BLOCK,1662852600000,1662854100000,DAILY_SERVER_CLOSE_20220911_0000_0005
MAINTENANCE_ENTRY_BLOCK,1662853140000,1662854640000,SUNDAY_SERVER_CLOSE_20220911_0009_0019
MAINTENANCE_FORCE_FLAT,1662854100000,1662854700000,DAILY_SERVER_CLOSE_20220911_0000_0005
MAINTENANCE_FORCE_FLAT,1662854640000,1662855540000,SUNDAY_SERVER_CLOSE_20220911_0009_0019
MAINTENANCE_RECOVERY,1662854700000,1662855600000,DAILY_SERVER_CLOSE_20220911_0000_0005
MAINTENANCE_RECOVERY,1662855540000,1662856440000,SUNDAY_SERVER_CLOSE_20220911_0009_0019
MAINTENANCE_ENTRY_BLOCK,1662939000000,1662940500000,DAILY_SERVER_CLOSE_20220912_0000_0005
MAINTENANCE_FORCE_FLAT,1662940500000,1662941100000,DAILY_SERVER_CLOSE_20220912_0000_0005
MAINTENANCE_RECOVERY,1662941100000,1662942000000,DAILY_SERVER_CLOSE_20220912_0000_0005
KINGEA_ENTRY_BLACKOUT,1663011000000,1663013700000,840220014:167662
BROKER_HMR_SCHEDULED,1663011900000,1663013100000,840220014:167662
MAINTENANCE_ENTRY_BLOCK,1663025400000,1663026900000,DAILY_SERVER_CLOSE_20220913_0000_0005
MAINTENANCE_FORCE_FLAT,1663026900000,1663027500000,DAILY_SERVER_CLOSE_20220913_0000_0005
MAINTENANCE_RECOVERY,1663027500000,1663028400000,DAILY_SERVER_CLOSE_20220913_0000_0005
KINGEA_ENTRY_BLACKOUT,1663081200000,1663083900000,840030005:156447
KINGEA_ENTRY_BLACKOUT,1663081200000,1663083900000,840030006:156459
KINGEA_ENTRY_BLACKOUT,1663081200000,1663083900000,840030007:156471
KINGEA_ENTRY_BLACKOUT,1663081200000,1663083900000,840030034:156751
KINGEA_ENTRY_BLACKOUT,1663081200000,1663083900000,840030035:156763
BROKER_HMR_SCHEDULED,1663082100000,1663083300000,840030005:156447
BROKER_HMR_SCHEDULED,1663082100000,1663083300000,840030006:156459
BROKER_HMR_SCHEDULED,1663082100000,1663083300000,840030007:156471
BROKER_HMR_SCHEDULED,1663082100000,1663083300000,840030034:156751
BROKER_HMR_SCHEDULED,1663082100000,1663083300000,840030035:156763
KINGEA_ENTRY_BLACKOUT,1663097400000,1663100100000,840220015:167665
BROKER_HMR_SCHEDULED,1663098300000,1663099500000,840220015:167665
MAINTENANCE_ENTRY_BLOCK,1663111800000,1663113300000,DAILY_SERVER_CLOSE_20220914_0000_0005
MAINTENANCE_FORCE_FLAT,1663113300000,1663113900000,DAILY_SERVER_CLOSE_20220914_0000_0005
MAINTENANCE_RECOVERY,1663113900000,1663114800000,DAILY_SERVER_CLOSE_20220914_0000_0005
KINGEA_ENTRY_BLACKOUT,1663167600000,1663170300000,840030001:156399
BROKER_HMR_SCHEDULED,1663168500000,1663169700000,840030001:156399
KINGEA_ENTRY_BLACKOUT,1663174800000,1663177500000,840200001:169152
BROKER_HMR_SCHEDULED,1663175700000,1663176900000,840200001:169152
MAINTENANCE_ENTRY_BLOCK,1663198200000,1663199700000,DAILY_SERVER_CLOSE_20220915_0000_0005
MAINTENANCE_FORCE_FLAT,1663199700000,1663200300000,DAILY_SERVER_CLOSE_20220915_0000_0005
MAINTENANCE_RECOVERY,1663200300000,1663201200000,DAILY_SERVER_CLOSE_20220915_0000_0005
KINGEA_ENTRY_BLACKOUT,1663254000000,1663256700000,840020010:156012
KINGEA_ENTRY_BLACKOUT,1663254000000,1663256700000,840020011:156024
KINGEA_ENTRY_BLACKOUT,1663254000000,1663256700000,840070001:158358
KINGEA_ENTRY_BLACKOUT,1663254000000,1663256700000,840140001:169530
BROKER_HMR_SCHEDULED,1663254900000,1663256100000,840020010:156012
BROKER_HMR_SCHEDULED,1663254900000,1663256100000,840020011:156024
BROKER_HMR_SCHEDULED,1663254900000,1663256100000,840070001:158358
BROKER_HMR_SCHEDULED,1663254900000,1663256100000,840140001:169530
MAINTENANCE_ENTRY_BLOCK,1663284600000,1663286100000,DAILY_SERVER_CLOSE_20220916_0000_0005
MAINTENANCE_FORCE_FLAT,1663286100000,1663286700000,DAILY_SERVER_CLOSE_20220916_0000_0005
MAINTENANCE_RECOVERY,1663286700000,1663287600000,DAILY_SERVER_CLOSE_20220916_0000_0005
MAINTENANCE_ENTRY_BLOCK,1663371000000,1663372500000,DAILY_SERVER_CLOSE_20220917_0000_0005
MAINTENANCE_FORCE_FLAT,1663372500000,1663373100000,DAILY_SERVER_CLOSE_20220917_0000_0005
MAINTENANCE_RECOVERY,1663373100000,1663374000000,DAILY_SERVER_CLOSE_20220917_0000_0005
MAINTENANCE_ENTRY_BLOCK,1663457400000,1663458900000,DAILY_SERVER_CLOSE_20220918_0000_0005
MAINTENANCE_ENTRY_BLOCK,1663457940000,1663459440000,SUNDAY_SERVER_CLOSE_20220918_0009_0019
MAINTENANCE_FORCE_FLAT,1663458900000,1663459500000,DAILY_SERVER_CLOSE_20220918_0000_0005
MAINTENANCE_FORCE_FLAT,1663459440000,1663460340000,SUNDAY_SERVER_CLOSE_20220918_0009_0019
MAINTENANCE_RECOVERY,1663459500000,1663460400000,DAILY_SERVER_CLOSE_20220918_0000_0005
MAINTENANCE_RECOVERY,1663460340000,1663461240000,SUNDAY_SERVER_CLOSE_20220918_0009_0019
MAINTENANCE_ENTRY_BLOCK,1663543800000,1663545300000,DAILY_SERVER_CLOSE_20220919_0000_0005
MAINTENANCE_FORCE_FLAT,1663545300000,1663545900000,DAILY_SERVER_CLOSE_20220919_0000_0005
MAINTENANCE_RECOVERY,1663545900000,1663546800000,DAILY_SERVER_CLOSE_20220919_0000_0005
MAINTENANCE_ENTRY_BLOCK,1663630200000,1663631700000,DAILY_SERVER_CLOSE_20220920_0000_0005
MAINTENANCE_FORCE_FLAT,1663631700000,1663632300000,DAILY_SERVER_CLOSE_20220920_0000_0005
MAINTENANCE_RECOVERY,1663632300000,1663633200000,DAILY_SERVER_CLOSE_20220920_0000_0005
MAINTENANCE_ENTRY_BLOCK,1663716600000,1663718100000,DAILY_SERVER_CLOSE_20220921_0000_0005
MAINTENANCE_FORCE_FLAT,1663718100000,1663718700000,DAILY_SERVER_CLOSE_20220921_0000_0005
MAINTENANCE_RECOVERY,1663718700000,1663719600000,DAILY_SERVER_CLOSE_20220921_0000_0005
KINGEA_ENTRY_BLACKOUT,1663777800000,1663780500000,840120001:156940
BROKER_HMR_SCHEDULED,1663778700000,1663779900000,840120001:156940
KINGEA_ENTRY_BLACKOUT,1663779600000,1663782300000,840200001:169221
BROKER_HMR_SCHEDULED,1663780500000,1663781700000,840200001:169221
KINGEA_ENTRY_BLACKOUT,1663792200000,1663794900000,840050014:152426
BROKER_HMR_SCHEDULED,1663793100000,1663794300000,840050014:152426
KINGEA_ENTRY_BLACKOUT,1663794000000,1663796700000,840050018:152434
BROKER_HMR_SCHEDULED,1663794900000,1663796100000,840050018:152434
MAINTENANCE_ENTRY_BLOCK,1663803000000,1663804500000,DAILY_SERVER_CLOSE_20220922_0000_0005
MAINTENANCE_FORCE_FLAT,1663804500000,1663805100000,DAILY_SERVER_CLOSE_20220922_0000_0005
MAINTENANCE_RECOVERY,1663805100000,1663806000000,DAILY_SERVER_CLOSE_20220922_0000_0005
KINGEA_ENTRY_BLACKOUT,1663858800000,1663861500000,840140001:169531
BROKER_HMR_SCHEDULED,1663859700000,1663860900000,840140001:169531
MAINTENANCE_ENTRY_BLOCK,1663889400000,1663890900000,DAILY_SERVER_CLOSE_20220923_0000_0005
MAINTENANCE_FORCE_FLAT,1663890900000,1663891500000,DAILY_SERVER_CLOSE_20220923_0000_0005
MAINTENANCE_RECOVERY,1663891500000,1663892400000,DAILY_SERVER_CLOSE_20220923_0000_0005
KINGEA_ENTRY_BLACKOUT,1663949700000,1663952400000,840500001:170674
KINGEA_ENTRY_BLACKOUT,1663949700000,1663952400000,840500002:170676
BROKER_HMR_SCHEDULED,1663950600000,1663951800000,840500001:170674
BROKER_HMR_SCHEDULED,1663950600000,1663951800000,840500002:170676
MAINTENANCE_ENTRY_BLOCK,1663975800000,1663977300000,DAILY_SERVER_CLOSE_20220924_0000_0005
MAINTENANCE_FORCE_FLAT,1663977300000,1663977900000,DAILY_SERVER_CLOSE_20220924_0000_0005
MAINTENANCE_RECOVERY,1663977900000,1663978800000,DAILY_SERVER_CLOSE_20220924_0000_0005
MAINTENANCE_ENTRY_BLOCK,1664062200000,1664063700000,DAILY_SERVER_CLOSE_20220925_0000_0005
MAINTENANCE_ENTRY_BLOCK,1664062740000,1664064240000,SUNDAY_SERVER_CLOSE_20220925_0009_0019
MAINTENANCE_FORCE_FLAT,1664063700000,1664064300000,DAILY_SERVER_CLOSE_20220925_0000_0005
MAINTENANCE_FORCE_FLAT,1664064240000,1664065140000,SUNDAY_SERVER_CLOSE_20220925_0009_0019
MAINTENANCE_RECOVERY,1664064300000,1664065200000,DAILY_SERVER_CLOSE_20220925_0000_0005
MAINTENANCE_RECOVERY,1664065140000,1664066040000,SUNDAY_SERVER_CLOSE_20220925_0009_0019
MAINTENANCE_ENTRY_BLOCK,1664148600000,1664150100000,DAILY_SERVER_CLOSE_20220926_0000_0005
MAINTENANCE_FORCE_FLAT,1664150100000,1664150700000,DAILY_SERVER_CLOSE_20220926_0000_0005
MAINTENANCE_RECOVERY,1664150700000,1664151600000,DAILY_SERVER_CLOSE_20220926_0000_0005
MAINTENANCE_ENTRY_BLOCK,1664235000000,1664236500000,DAILY_SERVER_CLOSE_20220927_0000_0005
MAINTENANCE_FORCE_FLAT,1664236500000,1664237100000,DAILY_SERVER_CLOSE_20220927_0000_0005
MAINTENANCE_RECOVERY,1664237100000,1664238000000,DAILY_SERVER_CLOSE_20220927_0000_0005
KINGEA_ENTRY_BLACKOUT,1664290800000,1664293500000,840020013:156048
BROKER_HMR_SCHEDULED,1664291700000,1664292900000,840020013:156048
KINGEA_ENTRY_BLACKOUT,1664296200000,1664298900000,840020008:155988
KINGEA_ENTRY_BLACKOUT,1664296200000,1664298900000,840180002:160349
BROKER_HMR_SCHEDULED,1664297100000,1664298300000,840020008:155988
BROKER_HMR_SCHEDULED,1664297100000,1664298300000,840180002:160349
MAINTENANCE_ENTRY_BLOCK,1664321400000,1664322900000,DAILY_SERVER_CLOSE_20220928_0000_0005
MAINTENANCE_FORCE_FLAT,1664322900000,1664323500000,DAILY_SERVER_CLOSE_20220928_0000_0005
MAINTENANCE_RECOVERY,1664323500000,1664324400000,DAILY_SERVER_CLOSE_20220928_0000_0005
KINGEA_ENTRY_BLACKOUT,1664383500000,1664386200000,840050022:171074
BROKER_HMR_SCHEDULED,1664384400000,1664385600000,840050022:171074
KINGEA_ENTRY_BLACKOUT,1664384400000,1664387100000,840200001:169371
BROKER_HMR_SCHEDULED,1664385300000,1664386500000,840200001:169371
MAINTENANCE_ENTRY_BLOCK,1664407800000,1664409300000,DAILY_SERVER_CLOSE_20220929_0000_0005
MAINTENANCE_FORCE_FLAT,1664409300000,1664409900000,DAILY_SERVER_CLOSE_20220929_0000_0005
MAINTENANCE_RECOVERY,1664409900000,1664410800000,DAILY_SERVER_CLOSE_20220929_0000_0005
KINGEA_ENTRY_BLACKOUT,1664463600000,1664466300000,840010007:163416
KINGEA_ENTRY_BLACKOUT,1664463600000,1664466300000,840010018:163499
KINGEA_ENTRY_BLACKOUT,1664463600000,1664466300000,840140001:169532
BROKER_HMR_SCHEDULED,1664464500000,1664465700000,840010007:163416
BROKER_HMR_SCHEDULED,1664464500000,1664465700000,840010018:163499
BROKER_HMR_SCHEDULED,1664464500000,1664465700000,840140001:169532
MAINTENANCE_ENTRY_BLOCK,1664494200000,1664495700000,DAILY_SERVER_CLOSE_20220930_0000_0005
MAINTENANCE_FORCE_FLAT,1664495700000,1664496300000,DAILY_SERVER_CLOSE_20220930_0000_0005
MAINTENANCE_RECOVERY,1664496300000,1664497200000,DAILY_SERVER_CLOSE_20220930_0000_0005
KINGEA_ENTRY_BLACKOUT,1664550000000,1664552700000,840010001:163344
KINGEA_ENTRY_BLACKOUT,1664550000000,1664552700000,840010002:163356
BROKER_HMR_SCHEDULED,1664550900000,1664552100000,840010001:163344
BROKER_HMR_SCHEDULED,1664550900000,1664552100000,840010002:163356
KINGEA_ENTRY_BLACKOUT,1664554500000,1664557200000,840510001:168908
BROKER_HMR_SCHEDULED,1664555400000,1664556600000,840510001:168908
MAINTENANCE_ENTRY_BLOCK,1664580600000,1664582100000,DAILY_SERVER_CLOSE_20221001_0000_0005
MAINTENANCE_FORCE_FLAT,1664582100000,1664582700000,DAILY_SERVER_CLOSE_20221001_0000_0005
MAINTENANCE_RECOVERY,1664582700000,1664583600000,DAILY_SERVER_CLOSE_20221001_0000_0005
MAINTENANCE_ENTRY_BLOCK,1664667000000,1664668500000,DAILY_SERVER_CLOSE_20221002_0000_0005
MAINTENANCE_ENTRY_BLOCK,1664667540000,1664669040000,SUNDAY_SERVER_CLOSE_20221002_0009_0019
MAINTENANCE_FORCE_FLAT,1664668500000,1664669100000,DAILY_SERVER_CLOSE_20221002_0000_0005
MAINTENANCE_FORCE_FLAT,1664669040000,1664669940000,SUNDAY_SERVER_CLOSE_20221002_0009_0019
MAINTENANCE_RECOVERY,1664669100000,1664670000000,DAILY_SERVER_CLOSE_20221002_0000_0005
MAINTENANCE_RECOVERY,1664669940000,1664670840000,SUNDAY_SERVER_CLOSE_20221002_0009_0019
MAINTENANCE_ENTRY_BLOCK,1664753400000,1664754900000,DAILY_SERVER_CLOSE_20221003_0000_0005
MAINTENANCE_FORCE_FLAT,1664754900000,1664755500000,DAILY_SERVER_CLOSE_20221003_0000_0005
MAINTENANCE_RECOVERY,1664755500000,1664756400000,DAILY_SERVER_CLOSE_20221003_0000_0005
KINGEA_ENTRY_BLACKOUT,1664813700000,1664816400000,840500001:170675
BROKER_HMR_SCHEDULED,1664814600000,1664815800000,840500001:170675
KINGEA_ENTRY_BLACKOUT,1664814600000,1664817300000,840040001:157377
KINGEA_ENTRY_BLACKOUT,1664814600000,1664817300000,840040002:157381
BROKER_HMR_SCHEDULED,1664815500000,1664816700000,840040001:157377
BROKER_HMR_SCHEDULED,1664815500000,1664816700000,840040002:157381
MAINTENANCE_ENTRY_BLOCK,1664839800000,1664841300000,DAILY_SERVER_CLOSE_20221004_0000_0005
MAINTENANCE_FORCE_FLAT,1664841300000,1664841900000,DAILY_SERVER_CLOSE_20221004_0000_0005
MAINTENANCE_RECOVERY,1664841900000,1664842800000,DAILY_SERVER_CLOSE_20221004_0000_0005
KINGEA_ENTRY_BLACKOUT,1664901000000,1664903700000,840030021:158445
BROKER_HMR_SCHEDULED,1664901900000,1664903100000,840030021:158445
MAINTENANCE_ENTRY_BLOCK,1664926200000,1664927700000,DAILY_SERVER_CLOSE_20221005_0000_0005
MAINTENANCE_FORCE_FLAT,1664927700000,1664928300000,DAILY_SERVER_CLOSE_20221005_0000_0005
MAINTENANCE_RECOVERY,1664928300000,1664929200000,DAILY_SERVER_CLOSE_20221005_0000_0005
KINGEA_ENTRY_BLACKOUT,1664981100000,1664983800000,840190001:159494
BROKER_HMR_SCHEDULED,1664982000000,1664983200000,840190001:159494
KINGEA_ENTRY_BLACKOUT,1664986500000,1664989200000,840500002:170677
BROKER_HMR_SCHEDULED,1664987400000,1664988600000,840500002:170677
KINGEA_ENTRY_BLACKOUT,1664987400000,1664990100000,840040003:147293
KINGEA_ENTRY_BLACKOUT,1664987400000,1664990100000,840040008:147367
BROKER_HMR_SCHEDULED,1664988300000,1664989500000,840040003:147293
BROKER_HMR_SCHEDULED,1664988300000,1664989500000,840040008:147367
KINGEA_ENTRY_BLACKOUT,1664989200000,1664991900000,840200001:169850
BROKER_HMR_SCHEDULED,1664990100000,1664991300000,840200001:169850
MAINTENANCE_ENTRY_BLOCK,1665012600000,1665014100000,DAILY_SERVER_CLOSE_20221006_0000_0005
MAINTENANCE_FORCE_FLAT,1665014100000,1665014700000,DAILY_SERVER_CLOSE_20221006_0000_0005
MAINTENANCE_RECOVERY,1665014700000,1665015600000,DAILY_SERVER_CLOSE_20221006_0000_0005
KINGEA_ENTRY_BLACKOUT,1665068400000,1665071100000,840140001:170424
BROKER_HMR_SCHEDULED,1665069300000,1665070500000,840140001:170424
MAINTENANCE_ENTRY_BLOCK,1665099000000,1665100500000,DAILY_SERVER_CLOSE_20221007_0000_0005
MAINTENANCE_FORCE_FLAT,1665100500000,1665101100000,DAILY_SERVER_CLOSE_20221007_0000_0005
MAINTENANCE_RECOVERY,1665101100000,1665102000000,DAILY_SERVER_CLOSE_20221007_0000_0005
KINGEA_ENTRY_BLACKOUT,1665154800000,1665157500000,840030015:156568
KINGEA_ENTRY_BLACKOUT,1665154800000,1665157500000,840030016:156580
KINGEA_ENTRY_BLACKOUT,1665154800000,1665157500000,840030018:156604
BROKER_HMR_SCHEDULED,1665155700000,1665156900000,840030015:156568
BROKER_HMR_SCHEDULED,1665155700000,1665156900000,840030016:156580
BROKER_HMR_SCHEDULED,1665155700000,1665156900000,840030018:156604
MAINTENANCE_ENTRY_BLOCK,1665185400000,1665186900000,DAILY_SERVER_CLOSE_20221008_0000_0005
MAINTENANCE_FORCE_FLAT,1665186900000,1665187500000,DAILY_SERVER_CLOSE_20221008_0000_0005
MAINTENANCE_RECOVERY,1665187500000,1665188400000,DAILY_SERVER_CLOSE_20221008_0000_0005
MAINTENANCE_ENTRY_BLOCK,1665271800000,1665273300000,DAILY_SERVER_CLOSE_20221009_0000_0005
MAINTENANCE_ENTRY_BLOCK,1665272340000,1665273840000,SUNDAY_SERVER_CLOSE_20221009_0009_0019
MAINTENANCE_FORCE_FLAT,1665273300000,1665273900000,DAILY_SERVER_CLOSE_20221009_0000_0005
MAINTENANCE_FORCE_FLAT,1665273840000,1665274740000,SUNDAY_SERVER_CLOSE_20221009_0009_0019
MAINTENANCE_RECOVERY,1665273900000,1665274800000,DAILY_SERVER_CLOSE_20221009_0000_0005
MAINTENANCE_RECOVERY,1665274740000,1665275640000,SUNDAY_SERVER_CLOSE_20221009_0009_0019
MAINTENANCE_ENTRY_BLOCK,1665358200000,1665359700000,DAILY_SERVER_CLOSE_20221010_0000_0005
MAINTENANCE_FORCE_FLAT,1665359700000,1665360300000,DAILY_SERVER_CLOSE_20221010_0000_0005
MAINTENANCE_RECOVERY,1665360300000,1665361200000,DAILY_SERVER_CLOSE_20221010_0000_0005
MAINTENANCE_ENTRY_BLOCK,1665444600000,1665446100000,DAILY_SERVER_CLOSE_20221011_0000_0005
MAINTENANCE_FORCE_FLAT,1665446100000,1665446700000,DAILY_SERVER_CLOSE_20221011_0000_0005
MAINTENANCE_RECOVERY,1665446700000,1665447600000,DAILY_SERVER_CLOSE_20221011_0000_0005
MAINTENANCE_ENTRY_BLOCK,1665531000000,1665532500000,DAILY_SERVER_CLOSE_20221012_0000_0005
MAINTENANCE_FORCE_FLAT,1665532500000,1665533100000,DAILY_SERVER_CLOSE_20221012_0000_0005
MAINTENANCE_RECOVERY,1665533100000,1665534000000,DAILY_SERVER_CLOSE_20221012_0000_0005
KINGEA_ENTRY_BLACKOUT,1665586800000,1665589500000,840030001:156400
BROKER_HMR_SCHEDULED,1665587700000,1665588900000,840030001:156400
KINGEA_ENTRY_BLACKOUT,1665603000000,1665605700000,840220014:167663
BROKER_HMR_SCHEDULED,1665603900000,1665605100000,840220014:167663
MAINTENANCE_ENTRY_BLOCK,1665617400000,1665618900000,DAILY_SERVER_CLOSE_20221013_0000_0005
MAINTENANCE_FORCE_FLAT,1665618900000,1665619500000,DAILY_SERVER_CLOSE_20221013_0000_0005
MAINTENANCE_RECOVERY,1665619500000,1665620400000,DAILY_SERVER_CLOSE_20221013_0000_0005
KINGEA_ENTRY_BLACKOUT,1665673200000,1665675900000,840030005:156448
KINGEA_ENTRY_BLACKOUT,1665673200000,1665675900000,840030006:156460
KINGEA_ENTRY_BLACKOUT,1665673200000,1665675900000,840030007:156472
KINGEA_ENTRY_BLACKOUT,1665673200000,1665675900000,840030034:156752
KINGEA_ENTRY_BLACKOUT,1665673200000,1665675900000,840030035:156764
KINGEA_ENTRY_BLACKOUT,1665673200000,1665675900000,840140001:170425
BROKER_HMR_SCHEDULED,1665674100000,1665675300000,840030005:156448
BROKER_HMR_SCHEDULED,1665674100000,1665675300000,840030006:156460
BROKER_HMR_SCHEDULED,1665674100000,1665675300000,840030007:156472
BROKER_HMR_SCHEDULED,1665674100000,1665675300000,840030034:156752
BROKER_HMR_SCHEDULED,1665674100000,1665675300000,840030035:156764
BROKER_HMR_SCHEDULED,1665674100000,1665675300000,840140001:170425
KINGEA_ENTRY_BLACKOUT,1665682200000,1665684900000,840200001:170069
BROKER_HMR_SCHEDULED,1665683100000,1665684300000,840200001:170069
KINGEA_ENTRY_BLACKOUT,1665689400000,1665692100000,840220015:167666
BROKER_HMR_SCHEDULED,1665690300000,1665691500000,840220015:167666
MAINTENANCE_ENTRY_BLOCK,1665703800000,1665705300000,DAILY_SERVER_CLOSE_20221014_0000_0005
MAINTENANCE_FORCE_FLAT,1665705300000,1665705900000,DAILY_SERVER_CLOSE_20221014_0000_0005
MAINTENANCE_RECOVERY,1665705900000,1665706800000,DAILY_SERVER_CLOSE_20221014_0000_0005
KINGEA_ENTRY_BLACKOUT,1665759600000,1665762300000,840020010:156013
KINGEA_ENTRY_BLACKOUT,1665759600000,1665762300000,840020011:156025
BROKER_HMR_SCHEDULED,1665760500000,1665761700000,840020010:156013
BROKER_HMR_SCHEDULED,1665760500000,1665761700000,840020011:156025
MAINTENANCE_ENTRY_BLOCK,1665790200000,1665791700000,DAILY_SERVER_CLOSE_20221015_0000_0005
MAINTENANCE_FORCE_FLAT,1665791700000,1665792300000,DAILY_SERVER_CLOSE_20221015_0000_0005
MAINTENANCE_RECOVERY,1665792300000,1665793200000,DAILY_SERVER_CLOSE_20221015_0000_0005
MAINTENANCE_ENTRY_BLOCK,1665876600000,1665878100000,DAILY_SERVER_CLOSE_20221016_0000_0005
MAINTENANCE_ENTRY_BLOCK,1665877140000,1665878640000,SUNDAY_SERVER_CLOSE_20221016_0009_0019
MAINTENANCE_FORCE_FLAT,1665878100000,1665878700000,DAILY_SERVER_CLOSE_20221016_0000_0005
MAINTENANCE_FORCE_FLAT,1665878640000,1665879540000,SUNDAY_SERVER_CLOSE_20221016_0009_0019
MAINTENANCE_RECOVERY,1665878700000,1665879600000,DAILY_SERVER_CLOSE_20221016_0000_0005
MAINTENANCE_RECOVERY,1665879540000,1665880440000,SUNDAY_SERVER_CLOSE_20221016_0009_0019
MAINTENANCE_ENTRY_BLOCK,1665963000000,1665964500000,DAILY_SERVER_CLOSE_20221017_0000_0005
MAINTENANCE_FORCE_FLAT,1665964500000,1665965100000,DAILY_SERVER_CLOSE_20221017_0000_0005
MAINTENANCE_RECOVERY,1665965100000,1665966000000,DAILY_SERVER_CLOSE_20221017_0000_0005
MAINTENANCE_ENTRY_BLOCK,1666049400000,1666050900000,DAILY_SERVER_CLOSE_20221018_0000_0005
MAINTENANCE_FORCE_FLAT,1666050900000,1666051500000,DAILY_SERVER_CLOSE_20221018_0000_0005
MAINTENANCE_RECOVERY,1666051500000,1666052400000,DAILY_SERVER_CLOSE_20221018_0000_0005
MAINTENANCE_ENTRY_BLOCK,1666135800000,1666137300000,DAILY_SERVER_CLOSE_20221019_0000_0005
MAINTENANCE_FORCE_FLAT,1666137300000,1666137900000,DAILY_SERVER_CLOSE_20221019_0000_0005
MAINTENANCE_RECOVERY,1666137900000,1666138800000,DAILY_SERVER_CLOSE_20221019_0000_0005
KINGEA_ENTRY_BLACKOUT,1666198800000,1666201500000,840200001:170130
BROKER_HMR_SCHEDULED,1666199700000,1666200900000,840200001:170130
MAINTENANCE_ENTRY_BLOCK,1666222200000,1666223700000,DAILY_SERVER_CLOSE_20221020_0000_0005
MAINTENANCE_FORCE_FLAT,1666223700000,1666224300000,DAILY_SERVER_CLOSE_20221020_0000_0005
MAINTENANCE_RECOVERY,1666224300000,1666225200000,DAILY_SERVER_CLOSE_20221020_0000_0005
KINGEA_ENTRY_BLACKOUT,1666278000000,1666280700000,840070001:158359
KINGEA_ENTRY_BLACKOUT,1666278000000,1666280700000,840140001:170426
BROKER_HMR_SCHEDULED,1666278900000,1666280100000,840070001:158359
BROKER_HMR_SCHEDULED,1666278900000,1666280100000,840140001:170426
KINGEA_ENTRY_BLACKOUT,1666283400000,1666286100000,840120001:156941
BROKER_HMR_SCHEDULED,1666284300000,1666285500000,840120001:156941
MAINTENANCE_ENTRY_BLOCK,1666308600000,1666310100000,DAILY_SERVER_CLOSE_20221021_0000_0005
MAINTENANCE_FORCE_FLAT,1666310100000,1666310700000,DAILY_SERVER_CLOSE_20221021_0000_0005
MAINTENANCE_RECOVERY,1666310700000,1666311600000,DAILY_SERVER_CLOSE_20221021_0000_0005
MAINTENANCE_ENTRY_BLOCK,1666395000000,1666396500000,DAILY_SERVER_CLOSE_20221022_0000_0005
MAINTENANCE_FORCE_FLAT,1666396500000,1666397100000,DAILY_SERVER_CLOSE_20221022_0000_0005
MAINTENANCE_RECOVERY,1666397100000,1666398000000,DAILY_SERVER_CLOSE_20221022_0000_0005
MAINTENANCE_ENTRY_BLOCK,1666481400000,1666482900000,DAILY_SERVER_CLOSE_20221023_0000_0005
MAINTENANCE_ENTRY_BLOCK,1666481940000,1666483440000,SUNDAY_SERVER_CLOSE_20221023_0009_0019
MAINTENANCE_FORCE_FLAT,1666482900000,1666483500000,DAILY_SERVER_CLOSE_20221023_0000_0005
MAINTENANCE_FORCE_FLAT,1666483440000,1666484340000,SUNDAY_SERVER_CLOSE_20221023_0009_0019
MAINTENANCE_RECOVERY,1666483500000,1666484400000,DAILY_SERVER_CLOSE_20221023_0000_0005
MAINTENANCE_RECOVERY,1666484340000,1666485240000,SUNDAY_SERVER_CLOSE_20221023_0009_0019
MAINTENANCE_ENTRY_BLOCK,1666567800000,1666569300000,DAILY_SERVER_CLOSE_20221024_0000_0005
MAINTENANCE_FORCE_FLAT,1666569300000,1666569900000,DAILY_SERVER_CLOSE_20221024_0000_0005
MAINTENANCE_RECOVERY,1666569900000,1666570800000,DAILY_SERVER_CLOSE_20221024_0000_0005
KINGEA_ENTRY_BLACKOUT,1666628100000,1666630800000,840500001:171122
KINGEA_ENTRY_BLACKOUT,1666628100000,1666630800000,840500002:171123
BROKER_HMR_SCHEDULED,1666629000000,1666630200000,840500001:171122
BROKER_HMR_SCHEDULED,1666629000000,1666630200000,840500002:171123
MAINTENANCE_ENTRY_BLOCK,1666654200000,1666655700000,DAILY_SERVER_CLOSE_20221025_0000_0005
MAINTENANCE_FORCE_FLAT,1666655700000,1666656300000,DAILY_SERVER_CLOSE_20221025_0000_0005
MAINTENANCE_RECOVERY,1666656300000,1666657200000,DAILY_SERVER_CLOSE_20221025_0000_0005
KINGEA_ENTRY_BLACKOUT,1666715400000,1666718100000,840180002:160350
BROKER_HMR_SCHEDULED,1666716300000,1666717500000,840180002:160350
MAINTENANCE_ENTRY_BLOCK,1666740600000,1666742100000,DAILY_SERVER_CLOSE_20221026_0000_0005
MAINTENANCE_FORCE_FLAT,1666742100000,1666742700000,DAILY_SERVER_CLOSE_20221026_0000_0005
MAINTENANCE_RECOVERY,1666742700000,1666743600000,DAILY_SERVER_CLOSE_20221026_0000_0005
KINGEA_ENTRY_BLACKOUT,1666801800000,1666804500000,840020008:155989
BROKER_HMR_SCHEDULED,1666802700000,1666803900000,840020008:155989
KINGEA_ENTRY_BLACKOUT,1666803600000,1666806300000,840200001:170207
BROKER_HMR_SCHEDULED,1666804500000,1666805700000,840200001:170207
MAINTENANCE_ENTRY_BLOCK,1666827000000,1666828500000,DAILY_SERVER_CLOSE_20221027_0000_0005
MAINTENANCE_FORCE_FLAT,1666828500000,1666829100000,DAILY_SERVER_CLOSE_20221027_0000_0005
MAINTENANCE_RECOVERY,1666829100000,1666830000000,DAILY_SERVER_CLOSE_20221027_0000_0005
KINGEA_ENTRY_BLACKOUT,1666882800000,1666885500000,840010007:163417
KINGEA_ENTRY_BLACKOUT,1666882800000,1666885500000,840010018:163500
KINGEA_ENTRY_BLACKOUT,1666882800000,1666885500000,840020013:156049
KINGEA_ENTRY_BLACKOUT,1666882800000,1666885500000,840140001:170427
BROKER_HMR_SCHEDULED,1666883700000,1666884900000,840010007:163417
BROKER_HMR_SCHEDULED,1666883700000,1666884900000,840010018:163500
BROKER_HMR_SCHEDULED,1666883700000,1666884900000,840020013:156049
BROKER_HMR_SCHEDULED,1666883700000,1666884900000,840140001:170427
MAINTENANCE_ENTRY_BLOCK,1666913400000,1666914900000,DAILY_SERVER_CLOSE_20221028_0000_0005
MAINTENANCE_FORCE_FLAT,1666914900000,1666915500000,DAILY_SERVER_CLOSE_20221028_0000_0005
MAINTENANCE_RECOVERY,1666915500000,1666916400000,DAILY_SERVER_CLOSE_20221028_0000_0005
KINGEA_ENTRY_BLACKOUT,1666969200000,1666971900000,840010001:163345
KINGEA_ENTRY_BLACKOUT,1666969200000,1666971900000,840010002:163357
BROKER_HMR_SCHEDULED,1666970100000,1666971300000,840010001:163345
BROKER_HMR_SCHEDULED,1666970100000,1666971300000,840010002:163357
MAINTENANCE_ENTRY_BLOCK,1666999800000,1667001300000,DAILY_SERVER_CLOSE_20221029_0000_0005
MAINTENANCE_FORCE_FLAT,1667001300000,1667001900000,DAILY_SERVER_CLOSE_20221029_0000_0005
MAINTENANCE_RECOVERY,1667001900000,1667002800000,DAILY_SERVER_CLOSE_20221029_0000_0005
MAINTENANCE_ENTRY_BLOCK,1667086200000,1667087700000,DAILY_SERVER_CLOSE_20221030_0000_0005
MAINTENANCE_ENTRY_BLOCK,1667086740000,1667088240000,SUNDAY_SERVER_CLOSE_20221030_0009_0019
MAINTENANCE_FORCE_FLAT,1667087700000,1667088300000,DAILY_SERVER_CLOSE_20221030_0000_0005
MAINTENANCE_FORCE_FLAT,1667088240000,1667089140000,SUNDAY_SERVER_CLOSE_20221030_0009_0019
MAINTENANCE_RECOVERY,1667088300000,1667089200000,DAILY_SERVER_CLOSE_20221030_0000_0005
MAINTENANCE_RECOVERY,1667089140000,1667090040000,SUNDAY_SERVER_CLOSE_20221030_0009_0019
MAINTENANCE_ENTRY_BLOCK,1667172600000,1667174100000,DAILY_SERVER_CLOSE_20221031_0000_0005
MAINTENANCE_FORCE_FLAT,1667174100000,1667174700000,DAILY_SERVER_CLOSE_20221031_0000_0005
MAINTENANCE_RECOVERY,1667174700000,1667175600000,DAILY_SERVER_CLOSE_20221031_0000_0005
KINGEA_ENTRY_BLACKOUT,1667232900000,1667235600000,840510001:169551
BROKER_HMR_SCHEDULED,1667233800000,1667235000000,840510001:169551
MAINTENANCE_ENTRY_BLOCK,1667259000000,1667260500000,DAILY_SERVER_CLOSE_20221101_0000_0005
MAINTENANCE_FORCE_FLAT,1667260500000,1667261100000,DAILY_SERVER_CLOSE_20221101_0000_0005
MAINTENANCE_RECOVERY,1667261100000,1667262000000,DAILY_SERVER_CLOSE_20221101_0000_0005
KINGEA_ENTRY_BLACKOUT,1667319300000,1667322000000,840500001:171446
BROKER_HMR_SCHEDULED,1667320200000,1667321400000,840500001:171446
KINGEA_ENTRY_BLACKOUT,1667320200000,1667322900000,840030021:158446
KINGEA_ENTRY_BLACKOUT,1667320200000,1667322900000,840040001:147270
KINGEA_ENTRY_BLACKOUT,1667320200000,1667322900000,840040002:147282
BROKER_HMR_SCHEDULED,1667321100000,1667322300000,840030021:158446
BROKER_HMR_SCHEDULED,1667321100000,1667322300000,840040001:147270
BROKER_HMR_SCHEDULED,1667321100000,1667322300000,840040002:147282
MAINTENANCE_ENTRY_BLOCK,1667345400000,1667346900000,DAILY_SERVER_CLOSE_20221102_0000_0005
MAINTENANCE_FORCE_FLAT,1667346900000,1667347500000,DAILY_SERVER_CLOSE_20221102_0000_0005
MAINTENANCE_RECOVERY,1667347500000,1667348400000,DAILY_SERVER_CLOSE_20221102_0000_0005
KINGEA_ENTRY_BLACKOUT,1667400300000,1667403000000,840190001:159495
BROKER_HMR_SCHEDULED,1667401200000,1667402400000,840190001:159495
KINGEA_ENTRY_BLACKOUT,1667408400000,1667411100000,840200001:170268
BROKER_HMR_SCHEDULED,1667409300000,1667410500000,840200001:170268
KINGEA_ENTRY_BLACKOUT,1667421000000,1667423700000,840050014:152427
BROKER_HMR_SCHEDULED,1667421900000,1667423100000,840050014:152427
KINGEA_ENTRY_BLACKOUT,1667422800000,1667425500000,840050018:152435
BROKER_HMR_SCHEDULED,1667423700000,1667424900000,840050018:152435
MAINTENANCE_ENTRY_BLOCK,1667431800000,1667433300000,DAILY_SERVER_CLOSE_20221103_0000_0005
MAINTENANCE_FORCE_FLAT,1667433300000,1667433900000,DAILY_SERVER_CLOSE_20221103_0000_0005
MAINTENANCE_RECOVERY,1667433900000,1667434800000,DAILY_SERVER_CLOSE_20221103_0000_0005
KINGEA_ENTRY_BLACKOUT,1667487600000,1667490300000,840140001:171422
BROKER_HMR_SCHEDULED,1667488500000,1667489700000,840140001:171422
KINGEA_ENTRY_BLACKOUT,1667492100000,1667494800000,840500002:171499
BROKER_HMR_SCHEDULED,1667493000000,1667494200000,840500002:171499
KINGEA_ENTRY_BLACKOUT,1667493000000,1667495700000,840040003:147294
KINGEA_ENTRY_BLACKOUT,1667493000000,1667495700000,840040008:147368
BROKER_HMR_SCHEDULED,1667493900000,1667495100000,840040003:147294
BROKER_HMR_SCHEDULED,1667493900000,1667495100000,840040008:147368
MAINTENANCE_ENTRY_BLOCK,1667518200000,1667519700000,DAILY_SERVER_CLOSE_20221104_0000_0005
MAINTENANCE_FORCE_FLAT,1667519700000,1667520300000,DAILY_SERVER_CLOSE_20221104_0000_0005
MAINTENANCE_RECOVERY,1667520300000,1667521200000,DAILY_SERVER_CLOSE_20221104_0000_0005
KINGEA_ENTRY_BLACKOUT,1667574000000,1667576700000,840030015:156569
KINGEA_ENTRY_BLACKOUT,1667574000000,1667576700000,840030016:156581
KINGEA_ENTRY_BLACKOUT,1667574000000,1667576700000,840030018:156605
BROKER_HMR_SCHEDULED,1667574900000,1667576100000,840030015:156569
BROKER_HMR_SCHEDULED,1667574900000,1667576100000,840030016:156581
BROKER_HMR_SCHEDULED,1667574900000,1667576100000,840030018:156605
MAINTENANCE_ENTRY_BLOCK,1667604600000,1667606100000,DAILY_SERVER_CLOSE_20221105_0000_0005
MAINTENANCE_FORCE_FLAT,1667606100000,1667606700000,DAILY_SERVER_CLOSE_20221105_0000_0005
MAINTENANCE_RECOVERY,1667606700000,1667607600000,DAILY_SERVER_CLOSE_20221105_0000_0005
MAINTENANCE_ENTRY_BLOCK,1667691000000,1667692500000,DAILY_SERVER_CLOSE_20221106_0000_0005
MAINTENANCE_ENTRY_BLOCK,1667691540000,1667693040000,SUNDAY_SERVER_CLOSE_20221106_0009_0019
MAINTENANCE_FORCE_FLAT,1667692500000,1667693100000,DAILY_SERVER_CLOSE_20221106_0000_0005
MAINTENANCE_FORCE_FLAT,1667693040000,1667693940000,SUNDAY_SERVER_CLOSE_20221106_0009_0019
MAINTENANCE_RECOVERY,1667693100000,1667694000000,DAILY_SERVER_CLOSE_20221106_0000_0005
MAINTENANCE_RECOVERY,1667693940000,1667694840000,SUNDAY_SERVER_CLOSE_20221106_0009_0019
MAINTENANCE_ENTRY_BLOCK,1667777400000,1667778900000,DAILY_SERVER_CLOSE_20221107_0000_0005
MAINTENANCE_FORCE_FLAT,1667778900000,1667779500000,DAILY_SERVER_CLOSE_20221107_0000_0005
MAINTENANCE_RECOVERY,1667779500000,1667780400000,DAILY_SERVER_CLOSE_20221107_0000_0005
MAINTENANCE_ENTRY_BLOCK,1667863800000,1667865300000,DAILY_SERVER_CLOSE_20221108_0000_0005
MAINTENANCE_FORCE_FLAT,1667865300000,1667865900000,DAILY_SERVER_CLOSE_20221108_0000_0005
MAINTENANCE_RECOVERY,1667865900000,1667866800000,DAILY_SERVER_CLOSE_20221108_0000_0005
MAINTENANCE_ENTRY_BLOCK,1667950200000,1667951700000,DAILY_SERVER_CLOSE_20221109_0000_0005
MAINTENANCE_FORCE_FLAT,1667951700000,1667952300000,DAILY_SERVER_CLOSE_20221109_0000_0005
MAINTENANCE_RECOVERY,1667952300000,1667953200000,DAILY_SERVER_CLOSE_20221109_0000_0005
KINGEA_ENTRY_BLACKOUT,1668016800000,1668019500000,840200001:170518
BROKER_HMR_SCHEDULED,1668017700000,1668018900000,840200001:170518
KINGEA_ENTRY_BLACKOUT,1668025800000,1668028500000,840220014:169838
BROKER_HMR_SCHEDULED,1668026700000,1668027900000,840220014:169838
MAINTENANCE_ENTRY_BLOCK,1668036600000,1668038100000,DAILY_SERVER_CLOSE_20221110_0000_0005
MAINTENANCE_FORCE_FLAT,1668038100000,1668038700000,DAILY_SERVER_CLOSE_20221110_0000_0005
MAINTENANCE_RECOVERY,1668038700000,1668039600000,DAILY_SERVER_CLOSE_20221110_0000_0005
KINGEA_ENTRY_BLACKOUT,1668096000000,1668098700000,840030005:156449
KINGEA_ENTRY_BLACKOUT,1668096000000,1668098700000,840030006:156461
KINGEA_ENTRY_BLACKOUT,1668096000000,1668098700000,840030007:156473
KINGEA_ENTRY_BLACKOUT,1668096000000,1668098700000,840030034:156753
KINGEA_ENTRY_BLACKOUT,1668096000000,1668098700000,840030035:156765
KINGEA_ENTRY_BLACKOUT,1668096000000,1668098700000,840140001:171423
BROKER_HMR_SCHEDULED,1668096900000,1668098100000,840030005:156449
BROKER_HMR_SCHEDULED,1668096900000,1668098100000,840030006:156461
BROKER_HMR_SCHEDULED,1668096900000,1668098100000,840030007:156473
BROKER_HMR_SCHEDULED,1668096900000,1668098100000,840030034:156753
BROKER_HMR_SCHEDULED,1668096900000,1668098100000,840030035:156765
BROKER_HMR_SCHEDULED,1668096900000,1668098100000,840140001:171423
KINGEA_ENTRY_BLACKOUT,1668112200000,1668114900000,840220015:169841
BROKER_HMR_SCHEDULED,1668113100000,1668114300000,840220015:169841
MAINTENANCE_ENTRY_BLOCK,1668123000000,1668124500000,DAILY_SERVER_CLOSE_20221111_0000_0005
MAINTENANCE_FORCE_FLAT,1668124500000,1668125100000,DAILY_SERVER_CLOSE_20221111_0000_0005
MAINTENANCE_RECOVERY,1668125100000,1668126000000,DAILY_SERVER_CLOSE_20221111_0000_0005
MAINTENANCE_ENTRY_BLOCK,1668209400000,1668210900000,DAILY_SERVER_CLOSE_20221112_0000_0005
MAINTENANCE_FORCE_FLAT,1668210900000,1668211500000,DAILY_SERVER_CLOSE_20221112_0000_0005
MAINTENANCE_RECOVERY,1668211500000,1668212400000,DAILY_SERVER_CLOSE_20221112_0000_0005
MAINTENANCE_ENTRY_BLOCK,1668295800000,1668297300000,DAILY_SERVER_CLOSE_20221113_0000_0005
MAINTENANCE_ENTRY_BLOCK,1668296340000,1668297840000,SUNDAY_SERVER_CLOSE_20221113_0009_0019
MAINTENANCE_FORCE_FLAT,1668297300000,1668297900000,DAILY_SERVER_CLOSE_20221113_0000_0005
MAINTENANCE_FORCE_FLAT,1668297840000,1668298740000,SUNDAY_SERVER_CLOSE_20221113_0009_0019
MAINTENANCE_RECOVERY,1668297900000,1668298800000,DAILY_SERVER_CLOSE_20221113_0000_0005
MAINTENANCE_RECOVERY,1668298740000,1668299640000,SUNDAY_SERVER_CLOSE_20221113_0009_0019
MAINTENANCE_ENTRY_BLOCK,1668382200000,1668383700000,DAILY_SERVER_CLOSE_20221114_0000_0005
MAINTENANCE_FORCE_FLAT,1668383700000,1668384300000,DAILY_SERVER_CLOSE_20221114_0000_0005
MAINTENANCE_RECOVERY,1668384300000,1668385200000,DAILY_SERVER_CLOSE_20221114_0000_0005
MAINTENANCE_ENTRY_BLOCK,1668468600000,1668470100000,DAILY_SERVER_CLOSE_20221115_0000_0005
MAINTENANCE_FORCE_FLAT,1668470100000,1668470700000,DAILY_SERVER_CLOSE_20221115_0000_0005
MAINTENANCE_RECOVERY,1668470700000,1668471600000,DAILY_SERVER_CLOSE_20221115_0000_0005
KINGEA_ENTRY_BLACKOUT,1668528000000,1668530700000,840030001:156401
BROKER_HMR_SCHEDULED,1668528900000,1668530100000,840030001:156401
MAINTENANCE_ENTRY_BLOCK,1668555000000,1668556500000,DAILY_SERVER_CLOSE_20221116_0000_0005
MAINTENANCE_FORCE_FLAT,1668556500000,1668557100000,DAILY_SERVER_CLOSE_20221116_0000_0005
MAINTENANCE_RECOVERY,1668557100000,1668558000000,DAILY_SERVER_CLOSE_20221116_0000_0005
KINGEA_ENTRY_BLACKOUT,1668614400000,1668617100000,840020010:156014
KINGEA_ENTRY_BLACKOUT,1668614400000,1668617100000,840020011:156026
BROKER_HMR_SCHEDULED,1668615300000,1668616500000,840020010:156014
BROKER_HMR_SCHEDULED,1668615300000,1668616500000,840020011:156026
KINGEA_ENTRY_BLACKOUT,1668621600000,1668624300000,840200001:170724
BROKER_HMR_SCHEDULED,1668622500000,1668623700000,840200001:170724
MAINTENANCE_ENTRY_BLOCK,1668641400000,1668642900000,DAILY_SERVER_CLOSE_20221117_0000_0005
MAINTENANCE_FORCE_FLAT,1668642900000,1668643500000,DAILY_SERVER_CLOSE_20221117_0000_0005
MAINTENANCE_RECOVERY,1668643500000,1668644400000,DAILY_SERVER_CLOSE_20221117_0000_0005
KINGEA_ENTRY_BLACKOUT,1668700800000,1668703500000,840070001:158360
KINGEA_ENTRY_BLACKOUT,1668700800000,1668703500000,840140001:171424
BROKER_HMR_SCHEDULED,1668701700000,1668702900000,840070001:158360
BROKER_HMR_SCHEDULED,1668701700000,1668702900000,840140001:171424
MAINTENANCE_ENTRY_BLOCK,1668727800000,1668729300000,DAILY_SERVER_CLOSE_20221118_0000_0005
MAINTENANCE_FORCE_FLAT,1668729300000,1668729900000,DAILY_SERVER_CLOSE_20221118_0000_0005
MAINTENANCE_RECOVERY,1668729900000,1668730800000,DAILY_SERVER_CLOSE_20221118_0000_0005
KINGEA_ENTRY_BLACKOUT,1668792600000,1668795300000,840120001:156942
BROKER_HMR_SCHEDULED,1668793500000,1668794700000,840120001:156942
MAINTENANCE_ENTRY_BLOCK,1668814200000,1668815700000,DAILY_SERVER_CLOSE_20221119_0000_0005
MAINTENANCE_FORCE_FLAT,1668815700000,1668816300000,DAILY_SERVER_CLOSE_20221119_0000_0005
MAINTENANCE_RECOVERY,1668816300000,1668817200000,DAILY_SERVER_CLOSE_20221119_0000_0005
MAINTENANCE_ENTRY_BLOCK,1668900600000,1668902100000,DAILY_SERVER_CLOSE_20221120_0000_0005
MAINTENANCE_ENTRY_BLOCK,1668901140000,1668902640000,SUNDAY_SERVER_CLOSE_20221120_0009_0019
MAINTENANCE_FORCE_FLAT,1668902100000,1668902700000,DAILY_SERVER_CLOSE_20221120_0000_0005
MAINTENANCE_FORCE_FLAT,1668902640000,1668903540000,SUNDAY_SERVER_CLOSE_20221120_0009_0019
MAINTENANCE_RECOVERY,1668902700000,1668903600000,DAILY_SERVER_CLOSE_20221120_0000_0005
MAINTENANCE_RECOVERY,1668903540000,1668904440000,SUNDAY_SERVER_CLOSE_20221120_0009_0019
MAINTENANCE_ENTRY_BLOCK,1668987000000,1668988500000,DAILY_SERVER_CLOSE_20221121_0000_0005
MAINTENANCE_FORCE_FLAT,1668988500000,1668989100000,DAILY_SERVER_CLOSE_20221121_0000_0005
MAINTENANCE_RECOVERY,1668989100000,1668990000000,DAILY_SERVER_CLOSE_20221121_0000_0005
MAINTENANCE_ENTRY_BLOCK,1669073400000,1669074900000,DAILY_SERVER_CLOSE_20221122_0000_0005
MAINTENANCE_FORCE_FLAT,1669074900000,1669075500000,DAILY_SERVER_CLOSE_20221122_0000_0005
MAINTENANCE_RECOVERY,1669075500000,1669076400000,DAILY_SERVER_CLOSE_20221122_0000_0005
MAINTENANCE_ENTRY_BLOCK,1669159800000,1669161300000,DAILY_SERVER_CLOSE_20221123_0000_0005
MAINTENANCE_FORCE_FLAT,1669161300000,1669161900000,DAILY_SERVER_CLOSE_20221123_0000_0005
MAINTENANCE_RECOVERY,1669161900000,1669162800000,DAILY_SERVER_CLOSE_20221123_0000_0005
KINGEA_ENTRY_BLACKOUT,1669219200000,1669221900000,840020013:156050
KINGEA_ENTRY_BLACKOUT,1669219200000,1669221900000,840140001:171425
BROKER_HMR_SCHEDULED,1669220100000,1669221300000,840020013:156050
BROKER_HMR_SCHEDULED,1669220100000,1669221300000,840140001:171425
KINGEA_ENTRY_BLACKOUT,1669223700000,1669226400000,840500001:172451
KINGEA_ENTRY_BLACKOUT,1669223700000,1669226400000,840500002:172452
BROKER_HMR_SCHEDULED,1669224600000,1669225800000,840500001:172451
BROKER_HMR_SCHEDULED,1669224600000,1669225800000,840500002:172452
KINGEA_ENTRY_BLACKOUT,1669224600000,1669227300000,840020008:155990
BROKER_HMR_SCHEDULED,1669225500000,1669226700000,840020008:155990
KINGEA_ENTRY_BLACKOUT,1669226400000,1669229100000,840200001:170898
BROKER_HMR_SCHEDULED,1669227300000,1669228500000,840200001:170898
MAINTENANCE_ENTRY_BLOCK,1669246200000,1669247700000,DAILY_SERVER_CLOSE_20221124_0000_0005
MAINTENANCE_FORCE_FLAT,1669247700000,1669248300000,DAILY_SERVER_CLOSE_20221124_0000_0005
MAINTENANCE_RECOVERY,1669248300000,1669249200000,DAILY_SERVER_CLOSE_20221124_0000_0005
MAINTENANCE_ENTRY_BLOCK,1669332600000,1669334100000,DAILY_SERVER_CLOSE_20221125_0000_0005
MAINTENANCE_FORCE_FLAT,1669334100000,1669334700000,DAILY_SERVER_CLOSE_20221125_0000_0005
MAINTENANCE_RECOVERY,1669334700000,1669335600000,DAILY_SERVER_CLOSE_20221125_0000_0005
MAINTENANCE_ENTRY_BLOCK,1669419000000,1669420500000,DAILY_SERVER_CLOSE_20221126_0000_0005
MAINTENANCE_FORCE_FLAT,1669420500000,1669421100000,DAILY_SERVER_CLOSE_20221126_0000_0005
MAINTENANCE_RECOVERY,1669421100000,1669422000000,DAILY_SERVER_CLOSE_20221126_0000_0005
MAINTENANCE_ENTRY_BLOCK,1669505400000,1669506900000,DAILY_SERVER_CLOSE_20221127_0000_0005
MAINTENANCE_ENTRY_BLOCK,1669505940000,1669507440000,SUNDAY_SERVER_CLOSE_20221127_0009_0019
MAINTENANCE_FORCE_FLAT,1669506900000,1669507500000,DAILY_SERVER_CLOSE_20221127_0000_0005
MAINTENANCE_FORCE_FLAT,1669507440000,1669508340000,SUNDAY_SERVER_CLOSE_20221127_0009_0019
MAINTENANCE_RECOVERY,1669507500000,1669508400000,DAILY_SERVER_CLOSE_20221127_0000_0005
MAINTENANCE_RECOVERY,1669508340000,1669509240000,SUNDAY_SERVER_CLOSE_20221127_0009_0019
MAINTENANCE_ENTRY_BLOCK,1669591800000,1669593300000,DAILY_SERVER_CLOSE_20221128_0000_0005
MAINTENANCE_FORCE_FLAT,1669593300000,1669593900000,DAILY_SERVER_CLOSE_20221128_0000_0005
MAINTENANCE_RECOVERY,1669593900000,1669594800000,DAILY_SERVER_CLOSE_20221128_0000_0005
MAINTENANCE_ENTRY_BLOCK,1669678200000,1669679700000,DAILY_SERVER_CLOSE_20221129_0000_0005
MAINTENANCE_FORCE_FLAT,1669679700000,1669680300000,DAILY_SERVER_CLOSE_20221129_0000_0005
MAINTENANCE_RECOVERY,1669680300000,1669681200000,DAILY_SERVER_CLOSE_20221129_0000_0005
KINGEA_ENTRY_BLACKOUT,1669743000000,1669745700000,840180002:160351
BROKER_HMR_SCHEDULED,1669743900000,1669745100000,840180002:160351
MAINTENANCE_ENTRY_BLOCK,1669764600000,1669766100000,DAILY_SERVER_CLOSE_20221130_0000_0005
MAINTENANCE_FORCE_FLAT,1669766100000,1669766700000,DAILY_SERVER_CLOSE_20221130_0000_0005
MAINTENANCE_RECOVERY,1669766700000,1669767600000,DAILY_SERVER_CLOSE_20221130_0000_0005
KINGEA_ENTRY_BLACKOUT,1669823100000,1669825800000,840190001:159496
BROKER_HMR_SCHEDULED,1669824000000,1669825200000,840190001:159496
KINGEA_ENTRY_BLACKOUT,1669824000000,1669826700000,840010007:163418
KINGEA_ENTRY_BLACKOUT,1669824000000,1669826700000,840010018:163501
BROKER_HMR_SCHEDULED,1669824900000,1669826100000,840010007:163418
BROKER_HMR_SCHEDULED,1669824900000,1669826100000,840010018:163501
KINGEA_ENTRY_BLACKOUT,1669828500000,1669831200000,840510001:171397
BROKER_HMR_SCHEDULED,1669829400000,1669830600000,840510001:171397
KINGEA_ENTRY_BLACKOUT,1669829400000,1669832100000,840030021:158447
BROKER_HMR_SCHEDULED,1669830300000,1669831500000,840030021:158447
KINGEA_ENTRY_BLACKOUT,1669831200000,1669833900000,840200001:171212
BROKER_HMR_SCHEDULED,1669832100000,1669833300000,840200001:171212
KINGEA_ENTRY_BLACKOUT,1669842000000,1669844700000,840050022:174910
BROKER_HMR_SCHEDULED,1669842900000,1669844100000,840050022:174910
MAINTENANCE_ENTRY_BLOCK,1669851000000,1669852500000,DAILY_SERVER_CLOSE_20221201_0000_0005
MAINTENANCE_FORCE_FLAT,1669852500000,1669853100000,DAILY_SERVER_CLOSE_20221201_0000_0005
MAINTENANCE_RECOVERY,1669853100000,1669854000000,DAILY_SERVER_CLOSE_20221201_0000_0005
KINGEA_ENTRY_BLACKOUT,1669910400000,1669913100000,840010001:163346
KINGEA_ENTRY_BLACKOUT,1669910400000,1669913100000,840010002:163358
KINGEA_ENTRY_BLACKOUT,1669910400000,1669913100000,840140001:173784
BROKER_HMR_SCHEDULED,1669911300000,1669912500000,840010001:163346
BROKER_HMR_SCHEDULED,1669911300000,1669912500000,840010002:163358
BROKER_HMR_SCHEDULED,1669911300000,1669912500000,840140001:173784
KINGEA_ENTRY_BLACKOUT,1669914900000,1669917600000,840500001:173854
BROKER_HMR_SCHEDULED,1669915800000,1669917000000,840500001:173854
KINGEA_ENTRY_BLACKOUT,1669915800000,1669918500000,840040001:147271
KINGEA_ENTRY_BLACKOUT,1669915800000,1669918500000,840040002:147283
BROKER_HMR_SCHEDULED,1669916700000,1669917900000,840040001:147271
BROKER_HMR_SCHEDULED,1669916700000,1669917900000,840040002:147283
MAINTENANCE_ENTRY_BLOCK,1669937400000,1669938900000,DAILY_SERVER_CLOSE_20221202_0000_0005
MAINTENANCE_FORCE_FLAT,1669938900000,1669939500000,DAILY_SERVER_CLOSE_20221202_0000_0005
MAINTENANCE_RECOVERY,1669939500000,1669940400000,DAILY_SERVER_CLOSE_20221202_0000_0005
KINGEA_ENTRY_BLACKOUT,1669996800000,1669999500000,840030015:156570
KINGEA_ENTRY_BLACKOUT,1669996800000,1669999500000,840030016:156582
KINGEA_ENTRY_BLACKOUT,1669996800000,1669999500000,840030018:156606
BROKER_HMR_SCHEDULED,1669997700000,1669998900000,840030015:156570
BROKER_HMR_SCHEDULED,1669997700000,1669998900000,840030016:156582
BROKER_HMR_SCHEDULED,1669997700000,1669998900000,840030018:156606
MAINTENANCE_ENTRY_BLOCK,1670023800000,1670025300000,DAILY_SERVER_CLOSE_20221203_0000_0005
MAINTENANCE_FORCE_FLAT,1670025300000,1670025900000,DAILY_SERVER_CLOSE_20221203_0000_0005
MAINTENANCE_RECOVERY,1670025900000,1670026800000,DAILY_SERVER_CLOSE_20221203_0000_0005
MAINTENANCE_ENTRY_BLOCK,1670110200000,1670111700000,DAILY_SERVER_CLOSE_20221204_0000_0005
MAINTENANCE_ENTRY_BLOCK,1670110740000,1670112240000,SUNDAY_SERVER_CLOSE_20221204_0009_0019
MAINTENANCE_FORCE_FLAT,1670111700000,1670112300000,DAILY_SERVER_CLOSE_20221204_0000_0005
MAINTENANCE_FORCE_FLAT,1670112240000,1670113140000,SUNDAY_SERVER_CLOSE_20221204_0009_0019
MAINTENANCE_RECOVERY,1670112300000,1670113200000,DAILY_SERVER_CLOSE_20221204_0000_0005
MAINTENANCE_RECOVERY,1670113140000,1670114040000,SUNDAY_SERVER_CLOSE_20221204_0009_0019
MAINTENANCE_ENTRY_BLOCK,1670196600000,1670198100000,DAILY_SERVER_CLOSE_20221205_0000_0005
MAINTENANCE_FORCE_FLAT,1670198100000,1670198700000,DAILY_SERVER_CLOSE_20221205_0000_0005
MAINTENANCE_RECOVERY,1670198700000,1670199600000,DAILY_SERVER_CLOSE_20221205_0000_0005
KINGEA_ENTRY_BLACKOUT,1670260500000,1670263200000,840500002:174122
BROKER_HMR_SCHEDULED,1670261400000,1670262600000,840500002:174122
KINGEA_ENTRY_BLACKOUT,1670261400000,1670264100000,840040003:174193
KINGEA_ENTRY_BLACKOUT,1670261400000,1670264100000,840040008:174213
BROKER_HMR_SCHEDULED,1670262300000,1670263500000,840040003:174193
BROKER_HMR_SCHEDULED,1670262300000,1670263500000,840040008:174213
MAINTENANCE_ENTRY_BLOCK,1670283000000,1670284500000,DAILY_SERVER_CLOSE_20221206_0000_0005
MAINTENANCE_FORCE_FLAT,1670284500000,1670285100000,DAILY_SERVER_CLOSE_20221206_0000_0005
MAINTENANCE_RECOVERY,1670285100000,1670286000000,DAILY_SERVER_CLOSE_20221206_0000_0005
MAINTENANCE_ENTRY_BLOCK,1670369400000,1670370900000,DAILY_SERVER_CLOSE_20221207_0000_0005
MAINTENANCE_FORCE_FLAT,1670370900000,1670371500000,DAILY_SERVER_CLOSE_20221207_0000_0005
MAINTENANCE_RECOVERY,1670371500000,1670372400000,DAILY_SERVER_CLOSE_20221207_0000_0005
KINGEA_ENTRY_BLACKOUT,1670436000000,1670438700000,840200001:171539
BROKER_HMR_SCHEDULED,1670436900000,1670438100000,840200001:171539
MAINTENANCE_ENTRY_BLOCK,1670455800000,1670457300000,DAILY_SERVER_CLOSE_20221208_0000_0005
MAINTENANCE_FORCE_FLAT,1670457300000,1670457900000,DAILY_SERVER_CLOSE_20221208_0000_0005
MAINTENANCE_RECOVERY,1670457900000,1670458800000,DAILY_SERVER_CLOSE_20221208_0000_0005
KINGEA_ENTRY_BLACKOUT,1670515200000,1670517900000,840140001:173785
BROKER_HMR_SCHEDULED,1670516100000,1670517300000,840140001:173785
MAINTENANCE_ENTRY_BLOCK,1670542200000,1670543700000,DAILY_SERVER_CLOSE_20221209_0000_0005
MAINTENANCE_FORCE_FLAT,1670543700000,1670544300000,DAILY_SERVER_CLOSE_20221209_0000_0005
MAINTENANCE_RECOVERY,1670544300000,1670545200000,DAILY_SERVER_CLOSE_20221209_0000_0005
KINGEA_ENTRY_BLACKOUT,1670601600000,1670604300000,840030001:156402
BROKER_HMR_SCHEDULED,1670602500000,1670603700000,840030001:156402
MAINTENANCE_ENTRY_BLOCK,1670628600000,1670630100000,DAILY_SERVER_CLOSE_20221210_0000_0005
MAINTENANCE_FORCE_FLAT,1670630100000,1670630700000,DAILY_SERVER_CLOSE_20221210_0000_0005
MAINTENANCE_RECOVERY,1670630700000,1670631600000,DAILY_SERVER_CLOSE_20221210_0000_0005
MAINTENANCE_ENTRY_BLOCK,1670715000000,1670716500000,DAILY_SERVER_CLOSE_20221211_0000_0005
MAINTENANCE_ENTRY_BLOCK,1670715540000,1670717040000,SUNDAY_SERVER_CLOSE_20221211_0009_0019
MAINTENANCE_FORCE_FLAT,1670716500000,1670717100000,DAILY_SERVER_CLOSE_20221211_0000_0005
MAINTENANCE_FORCE_FLAT,1670717040000,1670717940000,SUNDAY_SERVER_CLOSE_20221211_0009_0019
MAINTENANCE_RECOVERY,1670717100000,1670718000000,DAILY_SERVER_CLOSE_20221211_0000_0005
MAINTENANCE_RECOVERY,1670717940000,1670718840000,SUNDAY_SERVER_CLOSE_20221211_0009_0019
MAINTENANCE_ENTRY_BLOCK,1670801400000,1670802900000,DAILY_SERVER_CLOSE_20221212_0000_0005
MAINTENANCE_FORCE_FLAT,1670802900000,1670803500000,DAILY_SERVER_CLOSE_20221212_0000_0005
MAINTENANCE_RECOVERY,1670803500000,1670804400000,DAILY_SERVER_CLOSE_20221212_0000_0005
KINGEA_ENTRY_BLACKOUT,1670877000000,1670879700000,840220014:169839
BROKER_HMR_SCHEDULED,1670877900000,1670879100000,840220014:169839
MAINTENANCE_ENTRY_BLOCK,1670887800000,1670889300000,DAILY_SERVER_CLOSE_20221213_0000_0005
MAINTENANCE_FORCE_FLAT,1670889300000,1670889900000,DAILY_SERVER_CLOSE_20221213_0000_0005
MAINTENANCE_RECOVERY,1670889900000,1670890800000,DAILY_SERVER_CLOSE_20221213_0000_0005
KINGEA_ENTRY_BLACKOUT,1670947200000,1670949900000,840030005:156450
KINGEA_ENTRY_BLACKOUT,1670947200000,1670949900000,840030006:156462
KINGEA_ENTRY_BLACKOUT,1670947200000,1670949900000,840030007:156474
KINGEA_ENTRY_BLACKOUT,1670947200000,1670949900000,840030034:156754
KINGEA_ENTRY_BLACKOUT,1670947200000,1670949900000,840030035:156766
BROKER_HMR_SCHEDULED,1670948100000,1670949300000,840030005:156450
BROKER_HMR_SCHEDULED,1670948100000,1670949300000,840030006:156462
BROKER_HMR_SCHEDULED,1670948100000,1670949300000,840030007:156474
BROKER_HMR_SCHEDULED,1670948100000,1670949300000,840030034:156754
BROKER_HMR_SCHEDULED,1670948100000,1670949300000,840030035:156766
KINGEA_ENTRY_BLACKOUT,1670963400000,1670966100000,840220015:169842
BROKER_HMR_SCHEDULED,1670964300000,1670965500000,840220015:169842
MAINTENANCE_ENTRY_BLOCK,1670974200000,1670975700000,DAILY_SERVER_CLOSE_20221214_0000_0005
MAINTENANCE_FORCE_FLAT,1670975700000,1670976300000,DAILY_SERVER_CLOSE_20221214_0000_0005
MAINTENANCE_RECOVERY,1670976300000,1670977200000,DAILY_SERVER_CLOSE_20221214_0000_0005
KINGEA_ENTRY_BLACKOUT,1671040800000,1671043500000,840200001:171657
BROKER_HMR_SCHEDULED,1671041700000,1671042900000,840200001:171657
KINGEA_ENTRY_BLACKOUT,1671053400000,1671056100000,840050014:152428
BROKER_HMR_SCHEDULED,1671054300000,1671055500000,840050014:152428
KINGEA_ENTRY_BLACKOUT,1671055200000,1671057900000,840050018:152436
BROKER_HMR_SCHEDULED,1671056100000,1671057300000,840050018:152436
MAINTENANCE_ENTRY_BLOCK,1671060600000,1671062100000,DAILY_SERVER_CLOSE_20221215_0000_0005
MAINTENANCE_FORCE_FLAT,1671062100000,1671062700000,DAILY_SERVER_CLOSE_20221215_0000_0005
MAINTENANCE_RECOVERY,1671062700000,1671063600000,DAILY_SERVER_CLOSE_20221215_0000_0005
KINGEA_ENTRY_BLACKOUT,1671120000000,1671122700000,840020010:156015
KINGEA_ENTRY_BLACKOUT,1671120000000,1671122700000,840020011:156027
KINGEA_ENTRY_BLACKOUT,1671120000000,1671122700000,840070001:158361
KINGEA_ENTRY_BLACKOUT,1671120000000,1671122700000,840140001:173786
BROKER_HMR_SCHEDULED,1671120900000,1671122100000,840020010:156015
BROKER_HMR_SCHEDULED,1671120900000,1671122100000,840020011:156027
BROKER_HMR_SCHEDULED,1671120900000,1671122100000,840070001:158361
BROKER_HMR_SCHEDULED,1671120900000,1671122100000,840140001:173786
MAINTENANCE_ENTRY_BLOCK,1671147000000,1671148500000,DAILY_SERVER_CLOSE_20221216_0000_0005
MAINTENANCE_FORCE_FLAT,1671148500000,1671149100000,DAILY_SERVER_CLOSE_20221216_0000_0005
MAINTENANCE_RECOVERY,1671149100000,1671150000000,DAILY_SERVER_CLOSE_20221216_0000_0005
KINGEA_ENTRY_BLACKOUT,1671210900000,1671213600000,840500001:175032
KINGEA_ENTRY_BLACKOUT,1671210900000,1671213600000,840500002:175033
BROKER_HMR_SCHEDULED,1671211800000,1671213000000,840500001:175032
BROKER_HMR_SCHEDULED,1671211800000,1671213000000,840500002:175033
MAINTENANCE_ENTRY_BLOCK,1671233400000,1671234900000,DAILY_SERVER_CLOSE_20221217_0000_0005
MAINTENANCE_FORCE_FLAT,1671234900000,1671235500000,DAILY_SERVER_CLOSE_20221217_0000_0005
MAINTENANCE_RECOVERY,1671235500000,1671236400000,DAILY_SERVER_CLOSE_20221217_0000_0005
MAINTENANCE_ENTRY_BLOCK,1671319800000,1671321300000,DAILY_SERVER_CLOSE_20221218_0000_0005
MAINTENANCE_ENTRY_BLOCK,1671320340000,1671321840000,SUNDAY_SERVER_CLOSE_20221218_0009_0019
MAINTENANCE_FORCE_FLAT,1671321300000,1671321900000,DAILY_SERVER_CLOSE_20221218_0000_0005
MAINTENANCE_FORCE_FLAT,1671321840000,1671322740000,SUNDAY_SERVER_CLOSE_20221218_0009_0019
MAINTENANCE_RECOVERY,1671321900000,1671322800000,DAILY_SERVER_CLOSE_20221218_0000_0005
MAINTENANCE_RECOVERY,1671322740000,1671323640000,SUNDAY_SERVER_CLOSE_20221218_0009_0019
MAINTENANCE_ENTRY_BLOCK,1671406200000,1671407700000,DAILY_SERVER_CLOSE_20221219_0000_0005
MAINTENANCE_FORCE_FLAT,1671407700000,1671408300000,DAILY_SERVER_CLOSE_20221219_0000_0005
MAINTENANCE_RECOVERY,1671408300000,1671409200000,DAILY_SERVER_CLOSE_20221219_0000_0005
MAINTENANCE_ENTRY_BLOCK,1671492600000,1671494100000,DAILY_SERVER_CLOSE_20221220_0000_0005
MAINTENANCE_FORCE_FLAT,1671494100000,1671494700000,DAILY_SERVER_CLOSE_20221220_0000_0005
MAINTENANCE_RECOVERY,1671494700000,1671495600000,DAILY_SERVER_CLOSE_20221220_0000_0005
MAINTENANCE_ENTRY_BLOCK,1671579000000,1671580500000,DAILY_SERVER_CLOSE_20221221_0000_0005
MAINTENANCE_FORCE_FLAT,1671580500000,1671581100000,DAILY_SERVER_CLOSE_20221221_0000_0005
MAINTENANCE_RECOVERY,1671581100000,1671582000000,DAILY_SERVER_CLOSE_20221221_0000_0005
KINGEA_ENTRY_BLACKOUT,1671643800000,1671646500000,840120001:156943
KINGEA_ENTRY_BLACKOUT,1671643800000,1671646500000,840180002:160352
BROKER_HMR_SCHEDULED,1671644700000,1671645900000,840120001:156943
BROKER_HMR_SCHEDULED,1671644700000,1671645900000,840180002:160352
KINGEA_ENTRY_BLACKOUT,1671645600000,1671648300000,840200001:172382
BROKER_HMR_SCHEDULED,1671646500000,1671647700000,840200001:172382
MAINTENANCE_ENTRY_BLOCK,1671665400000,1671666900000,DAILY_SERVER_CLOSE_20221222_0000_0005
MAINTENANCE_FORCE_FLAT,1671666900000,1671667500000,DAILY_SERVER_CLOSE_20221222_0000_0005
MAINTENANCE_RECOVERY,1671667500000,1671668400000,DAILY_SERVER_CLOSE_20221222_0000_0005
KINGEA_ENTRY_BLACKOUT,1671724800000,1671727500000,840010007:163419
KINGEA_ENTRY_BLACKOUT,1671724800000,1671727500000,840010018:163502
KINGEA_ENTRY_BLACKOUT,1671724800000,1671727500000,840140001:173787
BROKER_HMR_SCHEDULED,1671725700000,1671726900000,840010007:163419
BROKER_HMR_SCHEDULED,1671725700000,1671726900000,840010018:163502
BROKER_HMR_SCHEDULED,1671725700000,1671726900000,840140001:173787
MAINTENANCE_ENTRY_BLOCK,1671751800000,1671753300000,DAILY_SERVER_CLOSE_20221223_0000_0005
MAINTENANCE_FORCE_FLAT,1671753300000,1671753900000,DAILY_SERVER_CLOSE_20221223_0000_0005
MAINTENANCE_RECOVERY,1671753900000,1671754800000,DAILY_SERVER_CLOSE_20221223_0000_0005
KINGEA_ENTRY_BLACKOUT,1671811200000,1671813900000,840010001:163347
KINGEA_ENTRY_BLACKOUT,1671811200000,1671813900000,840010002:163359
KINGEA_ENTRY_BLACKOUT,1671811200000,1671813900000,840020013:156051
BROKER_HMR_SCHEDULED,1671812100000,1671813300000,840010001:163347
BROKER_HMR_SCHEDULED,1671812100000,1671813300000,840010002:163359
BROKER_HMR_SCHEDULED,1671812100000,1671813300000,840020013:156051
KINGEA_ENTRY_BLACKOUT,1671816600000,1671819300000,840020008:155991
BROKER_HMR_SCHEDULED,1671817500000,1671818700000,840020008:155991
MAINTENANCE_ENTRY_BLOCK,1671838200000,1671839700000,DAILY_SERVER_CLOSE_20221224_0000_0005
MAINTENANCE_FORCE_FLAT,1671839700000,1671840300000,DAILY_SERVER_CLOSE_20221224_0000_0005
MAINTENANCE_RECOVERY,1671840300000,1671841200000,DAILY_SERVER_CLOSE_20221224_0000_0005
MAINTENANCE_ENTRY_BLOCK,1671924600000,1671926100000,DAILY_SERVER_CLOSE_20221225_0000_0005
MAINTENANCE_ENTRY_BLOCK,1671925140000,1671926640000,SUNDAY_SERVER_CLOSE_20221225_0009_0019
MAINTENANCE_FORCE_FLAT,1671926100000,1671926700000,DAILY_SERVER_CLOSE_20221225_0000_0005
MAINTENANCE_FORCE_FLAT,1671926640000,1671927540000,SUNDAY_SERVER_CLOSE_20221225_0009_0019
MAINTENANCE_RECOVERY,1671926700000,1671927600000,DAILY_SERVER_CLOSE_20221225_0000_0005
MAINTENANCE_RECOVERY,1671927540000,1671928440000,SUNDAY_SERVER_CLOSE_20221225_0009_0019
MAINTENANCE_ENTRY_BLOCK,1672011000000,1672012500000,DAILY_SERVER_CLOSE_20221226_0000_0005
MAINTENANCE_FORCE_FLAT,1672012500000,1672013100000,DAILY_SERVER_CLOSE_20221226_0000_0005
MAINTENANCE_RECOVERY,1672013100000,1672014000000,DAILY_SERVER_CLOSE_20221226_0000_0005
MAINTENANCE_ENTRY_BLOCK,1672097400000,1672098900000,DAILY_SERVER_CLOSE_20221227_0000_0005
MAINTENANCE_FORCE_FLAT,1672098900000,1672099500000,DAILY_SERVER_CLOSE_20221227_0000_0005
MAINTENANCE_RECOVERY,1672099500000,1672100400000,DAILY_SERVER_CLOSE_20221227_0000_0005
MAINTENANCE_ENTRY_BLOCK,1672183800000,1672185300000,DAILY_SERVER_CLOSE_20221228_0000_0005
MAINTENANCE_FORCE_FLAT,1672185300000,1672185900000,DAILY_SERVER_CLOSE_20221228_0000_0005
MAINTENANCE_RECOVERY,1672185900000,1672186800000,DAILY_SERVER_CLOSE_20221228_0000_0005
MAINTENANCE_ENTRY_BLOCK,1672270200000,1672271700000,DAILY_SERVER_CLOSE_20221229_0000_0005
MAINTENANCE_FORCE_FLAT,1672271700000,1672272300000,DAILY_SERVER_CLOSE_20221229_0000_0005
MAINTENANCE_RECOVERY,1672272300000,1672273200000,DAILY_SERVER_CLOSE_20221229_0000_0005
KINGEA_ENTRY_BLACKOUT,1672329600000,1672332300000,840140001:173788
BROKER_HMR_SCHEDULED,1672330500000,1672331700000,840140001:173788
KINGEA_ENTRY_BLACKOUT,1672338600000,1672341300000,840200001:173292
BROKER_HMR_SCHEDULED,1672339500000,1672340700000,840200001:173292
MAINTENANCE_ENTRY_BLOCK,1672356600000,1672358100000,DAILY_SERVER_CLOSE_20221230_0000_0005
MAINTENANCE_FORCE_FLAT,1672358100000,1672358700000,DAILY_SERVER_CLOSE_20221230_0000_0005
MAINTENANCE_RECOVERY,1672358700000,1672359600000,DAILY_SERVER_CLOSE_20221230_0000_0005
KINGEA_ENTRY_BLACKOUT,1672420500000,1672423200000,840510001:173772
BROKER_HMR_SCHEDULED,1672421400000,1672422600000,840510001:173772
MAINTENANCE_ENTRY_BLOCK,1672443000000,1672444500000,DAILY_SERVER_CLOSE_20221231_0000_0005
MAINTENANCE_FORCE_FLAT,1672444500000,1672445100000,DAILY_SERVER_CLOSE_20221231_0000_0005
MAINTENANCE_RECOVERY,1672445100000,1672446000000,DAILY_SERVER_CLOSE_20221231_0000_0005
MAINTENANCE_ENTRY_BLOCK,1672529400000,1672530900000,DAILY_SERVER_CLOSE_20230101_0000_0005
MAINTENANCE_ENTRY_BLOCK,1672529940000,1672531440000,SUNDAY_SERVER_CLOSE_20230101_0009_0019
MAINTENANCE_FORCE_FLAT,1672530900000,1672531500000,DAILY_SERVER_CLOSE_20230101_0000_0005
MAINTENANCE_FORCE_FLAT,1672531440000,1672532340000,SUNDAY_SERVER_CLOSE_20230101_0009_0019
MAINTENANCE_RECOVERY,1672531500000,1672532400000,DAILY_SERVER_CLOSE_20230101_0000_0005
MAINTENANCE_RECOVERY,1672532340000,1672533240000,SUNDAY_SERVER_CLOSE_20230101_0009_0019
MAINTENANCE_ENTRY_BLOCK,1672615800000,1672617300000,DAILY_SERVER_CLOSE_20230102_0000_0005
MAINTENANCE_FORCE_FLAT,1672617300000,1672617900000,DAILY_SERVER_CLOSE_20230102_0000_0005
MAINTENANCE_RECOVERY,1672617900000,1672618800000,DAILY_SERVER_CLOSE_20230102_0000_0005
MAINTENANCE_ENTRY_BLOCK,1672702200000,1672703700000,DAILY_SERVER_CLOSE_20230103_0000_0005
MAINTENANCE_FORCE_FLAT,1672703700000,1672704300000,DAILY_SERVER_CLOSE_20230103_0000_0005
MAINTENANCE_RECOVERY,1672704300000,1672705200000,DAILY_SERVER_CLOSE_20230103_0000_0005
KINGEA_ENTRY_BLACKOUT,1672766100000,1672768800000,840500001:176833
BROKER_HMR_SCHEDULED,1672767000000,1672768200000,840500001:176833
MAINTENANCE_ENTRY_BLOCK,1672788600000,1672790100000,DAILY_SERVER_CLOSE_20230104_0000_0005
MAINTENANCE_FORCE_FLAT,1672790100000,1672790700000,DAILY_SERVER_CLOSE_20230104_0000_0005
MAINTENANCE_RECOVERY,1672790700000,1672791600000,DAILY_SERVER_CLOSE_20230104_0000_0005
KINGEA_ENTRY_BLACKOUT,1672853400000,1672856100000,840030021:174395
KINGEA_ENTRY_BLACKOUT,1672853400000,1672856100000,840040001:163065
KINGEA_ENTRY_BLACKOUT,1672853400000,1672856100000,840040002:163077
BROKER_HMR_SCHEDULED,1672854300000,1672855500000,840030021:174395
BROKER_HMR_SCHEDULED,1672854300000,1672855500000,840040001:163065
BROKER_HMR_SCHEDULED,1672854300000,1672855500000,840040002:163077
MAINTENANCE_ENTRY_BLOCK,1672875000000,1672876500000,DAILY_SERVER_CLOSE_20230105_0000_0005
MAINTENANCE_FORCE_FLAT,1672876500000,1672877100000,DAILY_SERVER_CLOSE_20230105_0000_0005
MAINTENANCE_RECOVERY,1672877100000,1672878000000,DAILY_SERVER_CLOSE_20230105_0000_0005
KINGEA_ENTRY_BLACKOUT,1672933500000,1672936200000,840190001:173946
BROKER_HMR_SCHEDULED,1672934400000,1672935600000,840190001:173946
KINGEA_ENTRY_BLACKOUT,1672934400000,1672937100000,840140001:177898
BROKER_HMR_SCHEDULED,1672935300000,1672936500000,840140001:177898
KINGEA_ENTRY_BLACKOUT,1672938900000,1672941600000,840500002:177012
BROKER_HMR_SCHEDULED,1672939800000,1672941000000,840500002:177012
KINGEA_ENTRY_BLACKOUT,1672943400000,1672946100000,840200001:173855
BROKER_HMR_SCHEDULED,1672944300000,1672945500000,840200001:173855
MAINTENANCE_ENTRY_BLOCK,1672961400000,1672962900000,DAILY_SERVER_CLOSE_20230106_0000_0005
MAINTENANCE_FORCE_FLAT,1672962900000,1672963500000,DAILY_SERVER_CLOSE_20230106_0000_0005
MAINTENANCE_RECOVERY,1672963500000,1672964400000,DAILY_SERVER_CLOSE_20230106_0000_0005
KINGEA_ENTRY_BLACKOUT,1673020800000,1673023500000,840030015:172076
KINGEA_ENTRY_BLACKOUT,1673020800000,1673023500000,840030016:172088
KINGEA_ENTRY_BLACKOUT,1673020800000,1673023500000,840030018:172112
BROKER_HMR_SCHEDULED,1673021700000,1673022900000,840030015:172076
BROKER_HMR_SCHEDULED,1673021700000,1673022900000,840030016:172088
BROKER_HMR_SCHEDULED,1673021700000,1673022900000,840030018:172112
KINGEA_ENTRY_BLACKOUT,1673026200000,1673028900000,840040003:163090
KINGEA_ENTRY_BLACKOUT,1673026200000,1673028900000,840040008:163153
BROKER_HMR_SCHEDULED,1673027100000,1673028300000,840040003:163090
BROKER_HMR_SCHEDULED,1673027100000,1673028300000,840040008:163153
MAINTENANCE_ENTRY_BLOCK,1673047800000,1673049300000,DAILY_SERVER_CLOSE_20230107_0000_0005
MAINTENANCE_FORCE_FLAT,1673049300000,1673049900000,DAILY_SERVER_CLOSE_20230107_0000_0005
MAINTENANCE_RECOVERY,1673049900000,1673050800000,DAILY_SERVER_CLOSE_20230107_0000_0005
MAINTENANCE_ENTRY_BLOCK,1673134200000,1673135700000,DAILY_SERVER_CLOSE_20230108_0000_0005
MAINTENANCE_ENTRY_BLOCK,1673134740000,1673136240000,SUNDAY_SERVER_CLOSE_20230108_0009_0019
MAINTENANCE_FORCE_FLAT,1673135700000,1673136300000,DAILY_SERVER_CLOSE_20230108_0000_0005
MAINTENANCE_FORCE_FLAT,1673136240000,1673137140000,SUNDAY_SERVER_CLOSE_20230108_0009_0019
MAINTENANCE_RECOVERY,1673136300000,1673137200000,DAILY_SERVER_CLOSE_20230108_0000_0005
MAINTENANCE_RECOVERY,1673137140000,1673138040000,SUNDAY_SERVER_CLOSE_20230108_0009_0019
MAINTENANCE_ENTRY_BLOCK,1673220600000,1673222100000,DAILY_SERVER_CLOSE_20230109_0000_0005
MAINTENANCE_FORCE_FLAT,1673222100000,1673222700000,DAILY_SERVER_CLOSE_20230109_0000_0005
MAINTENANCE_RECOVERY,1673222700000,1673223600000,DAILY_SERVER_CLOSE_20230109_0000_0005
MAINTENANCE_ENTRY_BLOCK,1673307000000,1673308500000,DAILY_SERVER_CLOSE_20230110_0000_0005
MAINTENANCE_FORCE_FLAT,1673308500000,1673309100000,DAILY_SERVER_CLOSE_20230110_0000_0005
MAINTENANCE_RECOVERY,1673309100000,1673310000000,DAILY_SERVER_CLOSE_20230110_0000_0005
KINGEA_ENTRY_BLACKOUT,1673368200000,1673370900000,840050022:179640
BROKER_HMR_SCHEDULED,1673369100000,1673370300000,840050022:179640
MAINTENANCE_ENTRY_BLOCK,1673393400000,1673394900000,DAILY_SERVER_CLOSE_20230111_0000_0005
MAINTENANCE_FORCE_FLAT,1673394900000,1673395500000,DAILY_SERVER_CLOSE_20230111_0000_0005
MAINTENANCE_RECOVERY,1673395500000,1673396400000,DAILY_SERVER_CLOSE_20230111_0000_0005
KINGEA_ENTRY_BLACKOUT,1673460000000,1673462700000,840200001:174172
BROKER_HMR_SCHEDULED,1673460900000,1673462100000,840200001:174172
KINGEA_ENTRY_BLACKOUT,1673469000000,1673471700000,840220014:169840
BROKER_HMR_SCHEDULED,1673469900000,1673471100000,840220014:169840
MAINTENANCE_ENTRY_BLOCK,1673479800000,1673481300000,DAILY_SERVER_CLOSE_20230112_0000_0005
MAINTENANCE_FORCE_FLAT,1673481300000,1673481900000,DAILY_SERVER_CLOSE_20230112_0000_0005
MAINTENANCE_RECOVERY,1673481900000,1673482800000,DAILY_SERVER_CLOSE_20230112_0000_0005
KINGEA_ENTRY_BLACKOUT,1673539200000,1673541900000,840030005:171956
KINGEA_ENTRY_BLACKOUT,1673539200000,1673541900000,840030006:171968
KINGEA_ENTRY_BLACKOUT,1673539200000,1673541900000,840030007:171980
KINGEA_ENTRY_BLACKOUT,1673539200000,1673541900000,840030034:172260
KINGEA_ENTRY_BLACKOUT,1673539200000,1673541900000,840030035:172272
KINGEA_ENTRY_BLACKOUT,1673539200000,1673541900000,840140001:177899
BROKER_HMR_SCHEDULED,1673540100000,1673541300000,840030005:171956
BROKER_HMR_SCHEDULED,1673540100000,1673541300000,840030006:171968
BROKER_HMR_SCHEDULED,1673540100000,1673541300000,840030007:171980
BROKER_HMR_SCHEDULED,1673540100000,1673541300000,840030034:172260
BROKER_HMR_SCHEDULED,1673540100000,1673541300000,840030035:172272
BROKER_HMR_SCHEDULED,1673540100000,1673541300000,840140001:177899
KINGEA_ENTRY_BLACKOUT,1673555400000,1673558100000,840220015:169843
BROKER_HMR_SCHEDULED,1673556300000,1673557500000,840220015:169843
MAINTENANCE_ENTRY_BLOCK,1673566200000,1673567700000,DAILY_SERVER_CLOSE_20230113_0000_0005
MAINTENANCE_FORCE_FLAT,1673567700000,1673568300000,DAILY_SERVER_CLOSE_20230113_0000_0005
MAINTENANCE_RECOVERY,1673568300000,1673569200000,DAILY_SERVER_CLOSE_20230113_0000_0005
MAINTENANCE_ENTRY_BLOCK,1673652600000,1673654100000,DAILY_SERVER_CLOSE_20230114_0000_0005
MAINTENANCE_FORCE_FLAT,1673654100000,1673654700000,DAILY_SERVER_CLOSE_20230114_0000_0005
MAINTENANCE_RECOVERY,1673654700000,1673655600000,DAILY_SERVER_CLOSE_20230114_0000_0005
MAINTENANCE_ENTRY_BLOCK,1673739000000,1673740500000,DAILY_SERVER_CLOSE_20230115_0000_0005
MAINTENANCE_ENTRY_BLOCK,1673739540000,1673741040000,SUNDAY_SERVER_CLOSE_20230115_0009_0019
MAINTENANCE_FORCE_FLAT,1673740500000,1673741100000,DAILY_SERVER_CLOSE_20230115_0000_0005
MAINTENANCE_FORCE_FLAT,1673741040000,1673741940000,SUNDAY_SERVER_CLOSE_20230115_0009_0019
MAINTENANCE_RECOVERY,1673741100000,1673742000000,DAILY_SERVER_CLOSE_20230115_0000_0005
MAINTENANCE_RECOVERY,1673741940000,1673742840000,SUNDAY_SERVER_CLOSE_20230115_0009_0019
MAINTENANCE_ENTRY_BLOCK,1673825400000,1673826900000,DAILY_SERVER_CLOSE_20230116_0000_0005
MAINTENANCE_FORCE_FLAT,1673826900000,1673827500000,DAILY_SERVER_CLOSE_20230116_0000_0005
MAINTENANCE_RECOVERY,1673827500000,1673828400000,DAILY_SERVER_CLOSE_20230116_0000_0005
MAINTENANCE_ENTRY_BLOCK,1673911800000,1673913300000,DAILY_SERVER_CLOSE_20230117_0000_0005
MAINTENANCE_FORCE_FLAT,1673913300000,1673913900000,DAILY_SERVER_CLOSE_20230117_0000_0005
MAINTENANCE_RECOVERY,1673913900000,1673914800000,DAILY_SERVER_CLOSE_20230117_0000_0005
MAINTENANCE_ENTRY_BLOCK,1673998200000,1673999700000,DAILY_SERVER_CLOSE_20230118_0000_0005
MAINTENANCE_FORCE_FLAT,1673999700000,1674000300000,DAILY_SERVER_CLOSE_20230118_0000_0005
MAINTENANCE_RECOVERY,1674000300000,1674001200000,DAILY_SERVER_CLOSE_20230118_0000_0005
KINGEA_ENTRY_BLACKOUT,1674057600000,1674060300000,840020010:172590
KINGEA_ENTRY_BLACKOUT,1674057600000,1674060300000,840020011:172602
KINGEA_ENTRY_BLACKOUT,1674057600000,1674060300000,840030001:171908
BROKER_HMR_SCHEDULED,1674058500000,1674059700000,840020010:172590
BROKER_HMR_SCHEDULED,1674058500000,1674059700000,840020011:172602
BROKER_HMR_SCHEDULED,1674058500000,1674059700000,840030001:171908
MAINTENANCE_ENTRY_BLOCK,1674084600000,1674086100000,DAILY_SERVER_CLOSE_20230119_0000_0005
MAINTENANCE_FORCE_FLAT,1674086100000,1674086700000,DAILY_SERVER_CLOSE_20230119_0000_0005
MAINTENANCE_RECOVERY,1674086700000,1674087600000,DAILY_SERVER_CLOSE_20230119_0000_0005
KINGEA_ENTRY_BLACKOUT,1674144000000,1674146700000,840070001:174543
KINGEA_ENTRY_BLACKOUT,1674144000000,1674146700000,840140001:177900
BROKER_HMR_SCHEDULED,1674144900000,1674146100000,840070001:174543
BROKER_HMR_SCHEDULED,1674144900000,1674146100000,840140001:177900
KINGEA_ENTRY_BLACKOUT,1674153000000,1674155700000,840200001:174477
BROKER_HMR_SCHEDULED,1674153900000,1674155100000,840200001:174477
MAINTENANCE_ENTRY_BLOCK,1674171000000,1674172500000,DAILY_SERVER_CLOSE_20230120_0000_0005
MAINTENANCE_FORCE_FLAT,1674172500000,1674173100000,DAILY_SERVER_CLOSE_20230120_0000_0005
MAINTENANCE_RECOVERY,1674173100000,1674174000000,DAILY_SERVER_CLOSE_20230120_0000_0005
KINGEA_ENTRY_BLACKOUT,1674235800000,1674238500000,840120001:173307
BROKER_HMR_SCHEDULED,1674236700000,1674237900000,840120001:173307
MAINTENANCE_ENTRY_BLOCK,1674257400000,1674258900000,DAILY_SERVER_CLOSE_20230121_0000_0005
MAINTENANCE_FORCE_FLAT,1674258900000,1674259500000,DAILY_SERVER_CLOSE_20230121_0000_0005
MAINTENANCE_RECOVERY,1674259500000,1674260400000,DAILY_SERVER_CLOSE_20230121_0000_0005
MAINTENANCE_ENTRY_BLOCK,1674343800000,1674345300000,DAILY_SERVER_CLOSE_20230122_0000_0005
MAINTENANCE_ENTRY_BLOCK,1674344340000,1674345840000,SUNDAY_SERVER_CLOSE_20230122_0009_0019
MAINTENANCE_FORCE_FLAT,1674345300000,1674345900000,DAILY_SERVER_CLOSE_20230122_0000_0005
MAINTENANCE_FORCE_FLAT,1674345840000,1674346740000,SUNDAY_SERVER_CLOSE_20230122_0009_0019
MAINTENANCE_RECOVERY,1674345900000,1674346800000,DAILY_SERVER_CLOSE_20230122_0000_0005
MAINTENANCE_RECOVERY,1674346740000,1674347640000,SUNDAY_SERVER_CLOSE_20230122_0009_0019
MAINTENANCE_ENTRY_BLOCK,1674430200000,1674431700000,DAILY_SERVER_CLOSE_20230123_0000_0005
MAINTENANCE_FORCE_FLAT,1674431700000,1674432300000,DAILY_SERVER_CLOSE_20230123_0000_0005
MAINTENANCE_RECOVERY,1674432300000,1674433200000,DAILY_SERVER_CLOSE_20230123_0000_0005
MAINTENANCE_ENTRY_BLOCK,1674516600000,1674518100000,DAILY_SERVER_CLOSE_20230124_0000_0005
MAINTENANCE_FORCE_FLAT,1674518100000,1674518700000,DAILY_SERVER_CLOSE_20230124_0000_0005
MAINTENANCE_RECOVERY,1674518700000,1674519600000,DAILY_SERVER_CLOSE_20230124_0000_0005
KINGEA_ENTRY_BLACKOUT,1674580500000,1674583200000,840500001:178164
KINGEA_ENTRY_BLACKOUT,1674580500000,1674583200000,840500002:178165
BROKER_HMR_SCHEDULED,1674581400000,1674582600000,840500001:178164
BROKER_HMR_SCHEDULED,1674581400000,1674582600000,840500002:178165
MAINTENANCE_ENTRY_BLOCK,1674603000000,1674604500000,DAILY_SERVER_CLOSE_20230125_0000_0005
MAINTENANCE_FORCE_FLAT,1674604500000,1674605100000,DAILY_SERVER_CLOSE_20230125_0000_0005
MAINTENANCE_RECOVERY,1674605100000,1674606000000,DAILY_SERVER_CLOSE_20230125_0000_0005
KINGEA_ENTRY_BLACKOUT,1674669600000,1674672300000,840200001:174914
BROKER_HMR_SCHEDULED,1674670500000,1674671700000,840200001:174914
MAINTENANCE_ENTRY_BLOCK,1674689400000,1674690900000,DAILY_SERVER_CLOSE_20230126_0000_0005
MAINTENANCE_FORCE_FLAT,1674690900000,1674691500000,DAILY_SERVER_CLOSE_20230126_0000_0005
MAINTENANCE_RECOVERY,1674691500000,1674692400000,DAILY_SERVER_CLOSE_20230126_0000_0005
KINGEA_ENTRY_BLACKOUT,1674748800000,1674751500000,840010007:179459
KINGEA_ENTRY_BLACKOUT,1674748800000,1674751500000,840010018:179542
KINGEA_ENTRY_BLACKOUT,1674748800000,1674751500000,840020013:172626
KINGEA_ENTRY_BLACKOUT,1674748800000,1674751500000,840140001:177901
BROKER_HMR_SCHEDULED,1674749700000,1674750900000,840010007:179459
BROKER_HMR_SCHEDULED,1674749700000,1674750900000,840010018:179542
BROKER_HMR_SCHEDULED,1674749700000,1674750900000,840020013:172626
BROKER_HMR_SCHEDULED,1674749700000,1674750900000,840140001:177901
KINGEA_ENTRY_BLACKOUT,1674754200000,1674756900000,840020008:172566
BROKER_HMR_SCHEDULED,1674755100000,1674756300000,840020008:172566
MAINTENANCE_ENTRY_BLOCK,1674775800000,1674777300000,DAILY_SERVER_CLOSE_20230127_0000_0005
MAINTENANCE_FORCE_FLAT,1674777300000,1674777900000,DAILY_SERVER_CLOSE_20230127_0000_0005
MAINTENANCE_RECOVERY,1674777900000,1674778800000,DAILY_SERVER_CLOSE_20230127_0000_0005
KINGEA_ENTRY_BLACKOUT,1674835200000,1674837900000,840010001:179387
KINGEA_ENTRY_BLACKOUT,1674835200000,1674837900000,840010002:179399
BROKER_HMR_SCHEDULED,1674836100000,1674837300000,840010001:179387
BROKER_HMR_SCHEDULED,1674836100000,1674837300000,840010002:179399
MAINTENANCE_ENTRY_BLOCK,1674862200000,1674863700000,DAILY_SERVER_CLOSE_20230128_0000_0005
MAINTENANCE_FORCE_FLAT,1674863700000,1674864300000,DAILY_SERVER_CLOSE_20230128_0000_0005
MAINTENANCE_RECOVERY,1674864300000,1674865200000,DAILY_SERVER_CLOSE_20230128_0000_0005
MAINTENANCE_ENTRY_BLOCK,1674948600000,1674950100000,DAILY_SERVER_CLOSE_20230129_0000_0005
MAINTENANCE_ENTRY_BLOCK,1674949140000,1674950640000,SUNDAY_SERVER_CLOSE_20230129_0009_0019
MAINTENANCE_FORCE_FLAT,1674950100000,1674950700000,DAILY_SERVER_CLOSE_20230129_0000_0005
MAINTENANCE_FORCE_FLAT,1674950640000,1674951540000,SUNDAY_SERVER_CLOSE_20230129_0009_0019
MAINTENANCE_RECOVERY,1674950700000,1674951600000,DAILY_SERVER_CLOSE_20230129_0000_0005
MAINTENANCE_RECOVERY,1674951540000,1674952440000,SUNDAY_SERVER_CLOSE_20230129_0009_0019
MAINTENANCE_ENTRY_BLOCK,1675035000000,1675036500000,DAILY_SERVER_CLOSE_20230130_0000_0005
MAINTENANCE_FORCE_FLAT,1675036500000,1675037100000,DAILY_SERVER_CLOSE_20230130_0000_0005
MAINTENANCE_RECOVERY,1675037100000,1675038000000,DAILY_SERVER_CLOSE_20230130_0000_0005
MAINTENANCE_ENTRY_BLOCK,1675121400000,1675122900000,DAILY_SERVER_CLOSE_20230131_0000_0005
MAINTENANCE_FORCE_FLAT,1675122900000,1675123500000,DAILY_SERVER_CLOSE_20230131_0000_0005
MAINTENANCE_RECOVERY,1675123500000,1675124400000,DAILY_SERVER_CLOSE_20230131_0000_0005
KINGEA_ENTRY_BLACKOUT,1675185300000,1675188000000,840510001:175226
BROKER_HMR_SCHEDULED,1675186200000,1675187400000,840510001:175226
KINGEA_ENTRY_BLACKOUT,1675186200000,1675188900000,840180002:178027
BROKER_HMR_SCHEDULED,1675187100000,1675188300000,840180002:178027
MAINTENANCE_ENTRY_BLOCK,1675207800000,1675209300000,DAILY_SERVER_CLOSE_20230201_0000_0005
MAINTENANCE_FORCE_FLAT,1675209300000,1675209900000,DAILY_SERVER_CLOSE_20230201_0000_0005
MAINTENANCE_RECOVERY,1675209900000,1675210800000,DAILY_SERVER_CLOSE_20230201_0000_0005
KINGEA_ENTRY_BLACKOUT,1675266300000,1675269000000,840190001:173947
BROKER_HMR_SCHEDULED,1675267200000,1675268400000,840190001:173947
KINGEA_ENTRY_BLACKOUT,1675271700000,1675274400000,840500001:179173
BROKER_HMR_SCHEDULED,1675272600000,1675273800000,840500001:179173
KINGEA_ENTRY_BLACKOUT,1675272600000,1675275300000,840030021:174396
KINGEA_ENTRY_BLACKOUT,1675272600000,1675275300000,840040001:163066
KINGEA_ENTRY_BLACKOUT,1675272600000,1675275300000,840040002:163078
BROKER_HMR_SCHEDULED,1675273500000,1675274700000,840030021:174396
BROKER_HMR_SCHEDULED,1675273500000,1675274700000,840040001:163066
BROKER_HMR_SCHEDULED,1675273500000,1675274700000,840040002:163078
KINGEA_ENTRY_BLACKOUT,1675274400000,1675277100000,840200001:175090
BROKER_HMR_SCHEDULED,1675275300000,1675276500000,840200001:175090
KINGEA_ENTRY_BLACKOUT,1675287000000,1675289700000,840050014:168630
BROKER_HMR_SCHEDULED,1675287900000,1675289100000,840050014:168630
KINGEA_ENTRY_BLACKOUT,1675288800000,1675291500000,840050018:168638
BROKER_HMR_SCHEDULED,1675289700000,1675290900000,840050018:168638
MAINTENANCE_ENTRY_BLOCK,1675294200000,1675295700000,DAILY_SERVER_CLOSE_20230202_0000_0005
MAINTENANCE_FORCE_FLAT,1675295700000,1675296300000,DAILY_SERVER_CLOSE_20230202_0000_0005
MAINTENANCE_RECOVERY,1675296300000,1675297200000,DAILY_SERVER_CLOSE_20230202_0000_0005
KINGEA_ENTRY_BLACKOUT,1675353600000,1675356300000,840140001:179149
BROKER_HMR_SCHEDULED,1675354500000,1675355700000,840140001:179149
MAINTENANCE_ENTRY_BLOCK,1675380600000,1675382100000,DAILY_SERVER_CLOSE_20230203_0000_0005
MAINTENANCE_FORCE_FLAT,1675382100000,1675382700000,DAILY_SERVER_CLOSE_20230203_0000_0005
MAINTENANCE_RECOVERY,1675382700000,1675383600000,DAILY_SERVER_CLOSE_20230203_0000_0005
KINGEA_ENTRY_BLACKOUT,1675440000000,1675442700000,840030015:172077
KINGEA_ENTRY_BLACKOUT,1675440000000,1675442700000,840030016:172089
KINGEA_ENTRY_BLACKOUT,1675440000000,1675442700000,840030018:172113
BROKER_HMR_SCHEDULED,1675440900000,1675442100000,840030015:172077
BROKER_HMR_SCHEDULED,1675440900000,1675442100000,840030016:172089
BROKER_HMR_SCHEDULED,1675440900000,1675442100000,840030018:172113
KINGEA_ENTRY_BLACKOUT,1675444500000,1675447200000,840500002:179575
BROKER_HMR_SCHEDULED,1675445400000,1675446600000,840500002:179575
KINGEA_ENTRY_BLACKOUT,1675445400000,1675448100000,840040003:163091
KINGEA_ENTRY_BLACKOUT,1675445400000,1675448100000,840040008:163154
BROKER_HMR_SCHEDULED,1675446300000,1675447500000,840040003:163091
BROKER_HMR_SCHEDULED,1675446300000,1675447500000,840040008:163154
MAINTENANCE_ENTRY_BLOCK,1675467000000,1675468500000,DAILY_SERVER_CLOSE_20230204_0000_0005
MAINTENANCE_FORCE_FLAT,1675468500000,1675469100000,DAILY_SERVER_CLOSE_20230204_0000_0005
MAINTENANCE_RECOVERY,1675469100000,1675470000000,DAILY_SERVER_CLOSE_20230204_0000_0005
MAINTENANCE_ENTRY_BLOCK,1675553400000,1675554900000,DAILY_SERVER_CLOSE_20230205_0000_0005
MAINTENANCE_ENTRY_BLOCK,1675553940000,1675555440000,SUNDAY_SERVER_CLOSE_20230205_0009_0019
MAINTENANCE_FORCE_FLAT,1675554900000,1675555500000,DAILY_SERVER_CLOSE_20230205_0000_0005
MAINTENANCE_FORCE_FLAT,1675555440000,1675556340000,SUNDAY_SERVER_CLOSE_20230205_0009_0019
MAINTENANCE_RECOVERY,1675555500000,1675556400000,DAILY_SERVER_CLOSE_20230205_0000_0005
MAINTENANCE_RECOVERY,1675556340000,1675557240000,SUNDAY_SERVER_CLOSE_20230205_0009_0019
MAINTENANCE_ENTRY_BLOCK,1675639800000,1675641300000,DAILY_SERVER_CLOSE_20230206_0000_0005
MAINTENANCE_FORCE_FLAT,1675641300000,1675641900000,DAILY_SERVER_CLOSE_20230206_0000_0005
MAINTENANCE_RECOVERY,1675641900000,1675642800000,DAILY_SERVER_CLOSE_20230206_0000_0005
MAINTENANCE_ENTRY_BLOCK,1675726200000,1675727700000,DAILY_SERVER_CLOSE_20230207_0000_0005
MAINTENANCE_FORCE_FLAT,1675727700000,1675728300000,DAILY_SERVER_CLOSE_20230207_0000_0005
MAINTENANCE_RECOVERY,1675728300000,1675729200000,DAILY_SERVER_CLOSE_20230207_0000_0005
KINGEA_ENTRY_BLACKOUT,1675800600000,1675803300000,840050022:180941
BROKER_HMR_SCHEDULED,1675801500000,1675802700000,840050022:180941
MAINTENANCE_ENTRY_BLOCK,1675812600000,1675814100000,DAILY_SERVER_CLOSE_20230208_0000_0005
MAINTENANCE_FORCE_FLAT,1675814100000,1675814700000,DAILY_SERVER_CLOSE_20230208_0000_0005
MAINTENANCE_RECOVERY,1675814700000,1675815600000,DAILY_SERVER_CLOSE_20230208_0000_0005
KINGEA_ENTRY_BLACKOUT,1675879200000,1675881900000,840200001:177346
BROKER_HMR_SCHEDULED,1675880100000,1675881300000,840200001:177346
KINGEA_ENTRY_BLACKOUT,1675888200000,1675890900000,840220014:173934
BROKER_HMR_SCHEDULED,1675889100000,1675890300000,840220014:173934
MAINTENANCE_ENTRY_BLOCK,1675899000000,1675900500000,DAILY_SERVER_CLOSE_20230209_0000_0005
MAINTENANCE_FORCE_FLAT,1675900500000,1675901100000,DAILY_SERVER_CLOSE_20230209_0000_0005
MAINTENANCE_RECOVERY,1675901100000,1675902000000,DAILY_SERVER_CLOSE_20230209_0000_0005
KINGEA_ENTRY_BLACKOUT,1675958400000,1675961100000,840140001:179150
BROKER_HMR_SCHEDULED,1675959300000,1675960500000,840140001:179150
KINGEA_ENTRY_BLACKOUT,1675974600000,1675977300000,840220015:173937
BROKER_HMR_SCHEDULED,1675975500000,1675976700000,840220015:173937
MAINTENANCE_ENTRY_BLOCK,1675985400000,1675986900000,DAILY_SERVER_CLOSE_20230210_0000_0005
MAINTENANCE_FORCE_FLAT,1675986900000,1675987500000,DAILY_SERVER_CLOSE_20230210_0000_0005
MAINTENANCE_RECOVERY,1675987500000,1675988400000,DAILY_SERVER_CLOSE_20230210_0000_0005
MAINTENANCE_ENTRY_BLOCK,1676071800000,1676073300000,DAILY_SERVER_CLOSE_20230211_0000_0005
MAINTENANCE_FORCE_FLAT,1676073300000,1676073900000,DAILY_SERVER_CLOSE_20230211_0000_0005
MAINTENANCE_RECOVERY,1676073900000,1676074800000,DAILY_SERVER_CLOSE_20230211_0000_0005
MAINTENANCE_ENTRY_BLOCK,1676158200000,1676159700000,DAILY_SERVER_CLOSE_20230212_0000_0005
MAINTENANCE_ENTRY_BLOCK,1676158740000,1676160240000,SUNDAY_SERVER_CLOSE_20230212_0009_0019
MAINTENANCE_FORCE_FLAT,1676159700000,1676160300000,DAILY_SERVER_CLOSE_20230212_0000_0005
MAINTENANCE_FORCE_FLAT,1676160240000,1676161140000,SUNDAY_SERVER_CLOSE_20230212_0009_0019
MAINTENANCE_RECOVERY,1676160300000,1676161200000,DAILY_SERVER_CLOSE_20230212_0000_0005
MAINTENANCE_RECOVERY,1676161140000,1676162040000,SUNDAY_SERVER_CLOSE_20230212_0009_0019
MAINTENANCE_ENTRY_BLOCK,1676244600000,1676246100000,DAILY_SERVER_CLOSE_20230213_0000_0005
MAINTENANCE_FORCE_FLAT,1676246100000,1676246700000,DAILY_SERVER_CLOSE_20230213_0000_0005
MAINTENANCE_RECOVERY,1676246700000,1676247600000,DAILY_SERVER_CLOSE_20230213_0000_0005
MAINTENANCE_ENTRY_BLOCK,1676331000000,1676332500000,DAILY_SERVER_CLOSE_20230214_0000_0005
MAINTENANCE_FORCE_FLAT,1676332500000,1676333100000,DAILY_SERVER_CLOSE_20230214_0000_0005
MAINTENANCE_RECOVERY,1676333100000,1676334000000,DAILY_SERVER_CLOSE_20230214_0000_0005
KINGEA_ENTRY_BLACKOUT,1676390400000,1676393100000,840030005:171957
KINGEA_ENTRY_BLACKOUT,1676390400000,1676393100000,840030006:171969
KINGEA_ENTRY_BLACKOUT,1676390400000,1676393100000,840030007:171981
KINGEA_ENTRY_BLACKOUT,1676390400000,1676393100000,840030034:172261
KINGEA_ENTRY_BLACKOUT,1676390400000,1676393100000,840030035:172273
BROKER_HMR_SCHEDULED,1676391300000,1676392500000,840030005:171957
BROKER_HMR_SCHEDULED,1676391300000,1676392500000,840030006:171969
BROKER_HMR_SCHEDULED,1676391300000,1676392500000,840030007:171981
BROKER_HMR_SCHEDULED,1676391300000,1676392500000,840030034:172261
BROKER_HMR_SCHEDULED,1676391300000,1676392500000,840030035:172273
MAINTENANCE_ENTRY_BLOCK,1676417400000,1676418900000,DAILY_SERVER_CLOSE_20230215_0000_0005
MAINTENANCE_FORCE_FLAT,1676418900000,1676419500000,DAILY_SERVER_CLOSE_20230215_0000_0005
MAINTENANCE_RECOVERY,1676419500000,1676420400000,DAILY_SERVER_CLOSE_20230215_0000_0005
KINGEA_ENTRY_BLACKOUT,1676476800000,1676479500000,840020010:172591
KINGEA_ENTRY_BLACKOUT,1676476800000,1676479500000,840020011:172603
BROKER_HMR_SCHEDULED,1676477700000,1676478900000,840020010:172591
BROKER_HMR_SCHEDULED,1676477700000,1676478900000,840020011:172603
KINGEA_ENTRY_BLACKOUT,1676484000000,1676486700000,840200001:177609
BROKER_HMR_SCHEDULED,1676484900000,1676486100000,840200001:177609
MAINTENANCE_ENTRY_BLOCK,1676503800000,1676505300000,DAILY_SERVER_CLOSE_20230216_0000_0005
MAINTENANCE_FORCE_FLAT,1676505300000,1676505900000,DAILY_SERVER_CLOSE_20230216_0000_0005
MAINTENANCE_RECOVERY,1676505900000,1676506800000,DAILY_SERVER_CLOSE_20230216_0000_0005
KINGEA_ENTRY_BLACKOUT,1676563200000,1676565900000,840030001:171909
KINGEA_ENTRY_BLACKOUT,1676563200000,1676565900000,840070001:174544
KINGEA_ENTRY_BLACKOUT,1676563200000,1676565900000,840140001:179151
BROKER_HMR_SCHEDULED,1676564100000,1676565300000,840030001:171909
BROKER_HMR_SCHEDULED,1676564100000,1676565300000,840070001:174544
BROKER_HMR_SCHEDULED,1676564100000,1676565300000,840140001:179151
MAINTENANCE_ENTRY_BLOCK,1676590200000,1676591700000,DAILY_SERVER_CLOSE_20230217_0000_0005
MAINTENANCE_FORCE_FLAT,1676591700000,1676592300000,DAILY_SERVER_CLOSE_20230217_0000_0005
MAINTENANCE_RECOVERY,1676592300000,1676593200000,DAILY_SERVER_CLOSE_20230217_0000_0005
MAINTENANCE_ENTRY_BLOCK,1676676600000,1676678100000,DAILY_SERVER_CLOSE_20230218_0000_0005
MAINTENANCE_FORCE_FLAT,1676678100000,1676678700000,DAILY_SERVER_CLOSE_20230218_0000_0005
MAINTENANCE_RECOVERY,1676678700000,1676679600000,DAILY_SERVER_CLOSE_20230218_0000_0005
MAINTENANCE_ENTRY_BLOCK,1676763000000,1676764500000,DAILY_SERVER_CLOSE_20230219_0000_0005
MAINTENANCE_ENTRY_BLOCK,1676763540000,1676765040000,SUNDAY_SERVER_CLOSE_20230219_0009_0019
MAINTENANCE_FORCE_FLAT,1676764500000,1676765100000,DAILY_SERVER_CLOSE_20230219_0000_0005
MAINTENANCE_FORCE_FLAT,1676765040000,1676765940000,SUNDAY_SERVER_CLOSE_20230219_0009_0019
MAINTENANCE_RECOVERY,1676765100000,1676766000000,DAILY_SERVER_CLOSE_20230219_0000_0005
MAINTENANCE_RECOVERY,1676765940000,1676766840000,SUNDAY_SERVER_CLOSE_20230219_0009_0019
MAINTENANCE_ENTRY_BLOCK,1676849400000,1676850900000,DAILY_SERVER_CLOSE_20230220_0000_0005
MAINTENANCE_FORCE_FLAT,1676850900000,1676851500000,DAILY_SERVER_CLOSE_20230220_0000_0005
MAINTENANCE_RECOVERY,1676851500000,1676852400000,DAILY_SERVER_CLOSE_20230220_0000_0005
MAINTENANCE_ENTRY_BLOCK,1676935800000,1676937300000,DAILY_SERVER_CLOSE_20230221_0000_0005
MAINTENANCE_FORCE_FLAT,1676937300000,1676937900000,DAILY_SERVER_CLOSE_20230221_0000_0005
MAINTENANCE_RECOVERY,1676937900000,1676938800000,DAILY_SERVER_CLOSE_20230221_0000_0005
KINGEA_ENTRY_BLACKOUT,1676999700000,1677002400000,840500001:180320
KINGEA_ENTRY_BLACKOUT,1676999700000,1677002400000,840500002:180321
BROKER_HMR_SCHEDULED,1677000600000,1677001800000,840500001:180320
BROKER_HMR_SCHEDULED,1677000600000,1677001800000,840500002:180321
KINGEA_ENTRY_BLACKOUT,1677000600000,1677003300000,840120001:173308
BROKER_HMR_SCHEDULED,1677001500000,1677002700000,840120001:173308
MAINTENANCE_ENTRY_BLOCK,1677022200000,1677023700000,DAILY_SERVER_CLOSE_20230222_0000_0005
MAINTENANCE_FORCE_FLAT,1677023700000,1677024300000,DAILY_SERVER_CLOSE_20230222_0000_0005
MAINTENANCE_RECOVERY,1677024300000,1677025200000,DAILY_SERVER_CLOSE_20230222_0000_0005
MAINTENANCE_ENTRY_BLOCK,1677108600000,1677110100000,DAILY_SERVER_CLOSE_20230223_0000_0005
MAINTENANCE_FORCE_FLAT,1677110100000,1677110700000,DAILY_SERVER_CLOSE_20230223_0000_0005
MAINTENANCE_RECOVERY,1677110700000,1677111600000,DAILY_SERVER_CLOSE_20230223_0000_0005
KINGEA_ENTRY_BLACKOUT,1677168000000,1677170700000,840010007:179460
KINGEA_ENTRY_BLACKOUT,1677168000000,1677170700000,840010018:179543
KINGEA_ENTRY_BLACKOUT,1677168000000,1677170700000,840140001:179152
BROKER_HMR_SCHEDULED,1677168900000,1677170100000,840010007:179460
BROKER_HMR_SCHEDULED,1677168900000,1677170100000,840010018:179543
BROKER_HMR_SCHEDULED,1677168900000,1677170100000,840140001:179152
KINGEA_ENTRY_BLACKOUT,1677177000000,1677179700000,840200001:177910
BROKER_HMR_SCHEDULED,1677177900000,1677179100000,840200001:177910
MAINTENANCE_ENTRY_BLOCK,1677195000000,1677196500000,DAILY_SERVER_CLOSE_20230224_0000_0005
MAINTENANCE_FORCE_FLAT,1677196500000,1677197100000,DAILY_SERVER_CLOSE_20230224_0000_0005
MAINTENANCE_RECOVERY,1677197100000,1677198000000,DAILY_SERVER_CLOSE_20230224_0000_0005
KINGEA_ENTRY_BLACKOUT,1677254400000,1677257100000,840010001:179388
KINGEA_ENTRY_BLACKOUT,1677254400000,1677257100000,840010002:179400
BROKER_HMR_SCHEDULED,1677255300000,1677256500000,840010001:179388
BROKER_HMR_SCHEDULED,1677255300000,1677256500000,840010002:179400
KINGEA_ENTRY_BLACKOUT,1677259800000,1677262500000,840020008:172567
BROKER_HMR_SCHEDULED,1677260700000,1677261900000,840020008:172567
MAINTENANCE_ENTRY_BLOCK,1677281400000,1677282900000,DAILY_SERVER_CLOSE_20230225_0000_0005
MAINTENANCE_FORCE_FLAT,1677282900000,1677283500000,DAILY_SERVER_CLOSE_20230225_0000_0005
MAINTENANCE_RECOVERY,1677283500000,1677284400000,DAILY_SERVER_CLOSE_20230225_0000_0005
MAINTENANCE_ENTRY_BLOCK,1677367800000,1677369300000,DAILY_SERVER_CLOSE_20230226_0000_0005
MAINTENANCE_ENTRY_BLOCK,1677368340000,1677369840000,SUNDAY_SERVER_CLOSE_20230226_0009_0019
MAINTENANCE_FORCE_FLAT,1677369300000,1677369900000,DAILY_SERVER_CLOSE_20230226_0000_0005
MAINTENANCE_FORCE_FLAT,1677369840000,1677370740000,SUNDAY_SERVER_CLOSE_20230226_0009_0019
MAINTENANCE_RECOVERY,1677369900000,1677370800000,DAILY_SERVER_CLOSE_20230226_0000_0005
MAINTENANCE_RECOVERY,1677370740000,1677371640000,SUNDAY_SERVER_CLOSE_20230226_0009_0019
MAINTENANCE_ENTRY_BLOCK,1677454200000,1677455700000,DAILY_SERVER_CLOSE_20230227_0000_0005
MAINTENANCE_FORCE_FLAT,1677455700000,1677456300000,DAILY_SERVER_CLOSE_20230227_0000_0005
MAINTENANCE_RECOVERY,1677456300000,1677457200000,DAILY_SERVER_CLOSE_20230227_0000_0005
KINGEA_ENTRY_BLACKOUT,1677513600000,1677516300000,840020013:172627
BROKER_HMR_SCHEDULED,1677514500000,1677515700000,840020013:172627
MAINTENANCE_ENTRY_BLOCK,1677540600000,1677542100000,DAILY_SERVER_CLOSE_20230228_0000_0005
MAINTENANCE_FORCE_FLAT,1677542100000,1677542700000,DAILY_SERVER_CLOSE_20230228_0000_0005
MAINTENANCE_RECOVERY,1677542700000,1677543600000,DAILY_SERVER_CLOSE_20230228_0000_0005
KINGEA_ENTRY_BLACKOUT,1677604500000,1677607200000,840510001:179117
BROKER_HMR_SCHEDULED,1677605400000,1677606600000,840510001:179117
KINGEA_ENTRY_BLACKOUT,1677605400000,1677608100000,840180002:178028
BROKER_HMR_SCHEDULED,1677606300000,1677607500000,840180002:178028
MAINTENANCE_ENTRY_BLOCK,1677627000000,1677628500000,DAILY_SERVER_CLOSE_20230301_0000_0005
MAINTENANCE_FORCE_FLAT,1677628500000,1677629100000,DAILY_SERVER_CLOSE_20230301_0000_0005
MAINTENANCE_RECOVERY,1677629100000,1677630000000,DAILY_SERVER_CLOSE_20230301_0000_0005
KINGEA_ENTRY_BLACKOUT,1677690900000,1677693600000,840500001:180918
BROKER_HMR_SCHEDULED,1677691800000,1677693000000,840500001:180918
KINGEA_ENTRY_BLACKOUT,1677691800000,1677694500000,840040001:163067
KINGEA_ENTRY_BLACKOUT,1677691800000,1677694500000,840040002:163079
BROKER_HMR_SCHEDULED,1677692700000,1677693900000,840040001:163067
BROKER_HMR_SCHEDULED,1677692700000,1677693900000,840040002:163079
KINGEA_ENTRY_BLACKOUT,1677693600000,1677696300000,840200001:178296
BROKER_HMR_SCHEDULED,1677694500000,1677695700000,840200001:178296
MAINTENANCE_ENTRY_BLOCK,1677713400000,1677714900000,DAILY_SERVER_CLOSE_20230302_0000_0005
MAINTENANCE_FORCE_FLAT,1677714900000,1677715500000,DAILY_SERVER_CLOSE_20230302_0000_0005
MAINTENANCE_RECOVERY,1677715500000,1677716400000,DAILY_SERVER_CLOSE_20230302_0000_0005
KINGEA_ENTRY_BLACKOUT,1677772800000,1677775500000,840140001:180717
BROKER_HMR_SCHEDULED,1677773700000,1677774900000,840140001:180717
MAINTENANCE_ENTRY_BLOCK,1677799800000,1677801300000,DAILY_SERVER_CLOSE_20230303_0000_0005
MAINTENANCE_FORCE_FLAT,1677801300000,1677801900000,DAILY_SERVER_CLOSE_20230303_0000_0005
MAINTENANCE_RECOVERY,1677801900000,1677802800000,DAILY_SERVER_CLOSE_20230303_0000_0005
KINGEA_ENTRY_BLACKOUT,1677863700000,1677866400000,840500002:180982
BROKER_HMR_SCHEDULED,1677864600000,1677865800000,840500002:180982
KINGEA_ENTRY_BLACKOUT,1677864600000,1677867300000,840040003:163092
KINGEA_ENTRY_BLACKOUT,1677864600000,1677867300000,840040008:163155
BROKER_HMR_SCHEDULED,1677865500000,1677866700000,840040003:163092
BROKER_HMR_SCHEDULED,1677865500000,1677866700000,840040008:163155
MAINTENANCE_ENTRY_BLOCK,1677886200000,1677887700000,DAILY_SERVER_CLOSE_20230304_0000_0005
MAINTENANCE_FORCE_FLAT,1677887700000,1677888300000,DAILY_SERVER_CLOSE_20230304_0000_0005
MAINTENANCE_RECOVERY,1677888300000,1677889200000,DAILY_SERVER_CLOSE_20230304_0000_0005
MAINTENANCE_ENTRY_BLOCK,1677972600000,1677974100000,DAILY_SERVER_CLOSE_20230305_0000_0005
MAINTENANCE_ENTRY_BLOCK,1677973140000,1677974640000,SUNDAY_SERVER_CLOSE_20230305_0009_0019
MAINTENANCE_FORCE_FLAT,1677974100000,1677974700000,DAILY_SERVER_CLOSE_20230305_0000_0005
MAINTENANCE_FORCE_FLAT,1677974640000,1677975540000,SUNDAY_SERVER_CLOSE_20230305_0009_0019
MAINTENANCE_RECOVERY,1677974700000,1677975600000,DAILY_SERVER_CLOSE_20230305_0000_0005
MAINTENANCE_RECOVERY,1677975540000,1677976440000,SUNDAY_SERVER_CLOSE_20230305_0009_0019
MAINTENANCE_ENTRY_BLOCK,1678059000000,1678060500000,DAILY_SERVER_CLOSE_20230306_0000_0005
MAINTENANCE_FORCE_FLAT,1678060500000,1678061100000,DAILY_SERVER_CLOSE_20230306_0000_0005
MAINTENANCE_RECOVERY,1678061100000,1678062000000,DAILY_SERVER_CLOSE_20230306_0000_0005
MAINTENANCE_ENTRY_BLOCK,1678145400000,1678146900000,DAILY_SERVER_CLOSE_20230307_0000_0005
MAINTENANCE_FORCE_FLAT,1678146900000,1678147500000,DAILY_SERVER_CLOSE_20230307_0000_0005
MAINTENANCE_RECOVERY,1678147500000,1678148400000,DAILY_SERVER_CLOSE_20230307_0000_0005
KINGEA_ENTRY_BLACKOUT,1678210200000,1678212900000,840050021:181817
BROKER_HMR_SCHEDULED,1678211100000,1678212300000,840050021:181817
MAINTENANCE_ENTRY_BLOCK,1678231800000,1678233300000,DAILY_SERVER_CLOSE_20230308_0000_0005
MAINTENANCE_FORCE_FLAT,1678233300000,1678233900000,DAILY_SERVER_CLOSE_20230308_0000_0005
MAINTENANCE_RECOVERY,1678233900000,1678234800000,DAILY_SERVER_CLOSE_20230308_0000_0005
KINGEA_ENTRY_BLACKOUT,1678290300000,1678293000000,840190001:173948
BROKER_HMR_SCHEDULED,1678291200000,1678292400000,840190001:173948
KINGEA_ENTRY_BLACKOUT,1678296600000,1678299300000,840030021:174397
KINGEA_ENTRY_BLACKOUT,1678296600000,1678299300000,840050021:181818
BROKER_HMR_SCHEDULED,1678297500000,1678298700000,840030021:174397
BROKER_HMR_SCHEDULED,1678297500000,1678298700000,840050021:181818
KINGEA_ENTRY_BLACKOUT,1678298400000,1678301100000,840200001:179993
BROKER_HMR_SCHEDULED,1678299300000,1678300500000,840200001:179993
KINGEA_ENTRY_BLACKOUT,1678307400000,1678310100000,840220014:173935
BROKER_HMR_SCHEDULED,1678308300000,1678309500000,840220014:173935
MAINTENANCE_ENTRY_BLOCK,1678318200000,1678319700000,DAILY_SERVER_CLOSE_20230309_0000_0005
MAINTENANCE_FORCE_FLAT,1678319700000,1678320300000,DAILY_SERVER_CLOSE_20230309_0000_0005
MAINTENANCE_RECOVERY,1678320300000,1678321200000,DAILY_SERVER_CLOSE_20230309_0000_0005
KINGEA_ENTRY_BLACKOUT,1678377600000,1678380300000,840140001:180718
BROKER_HMR_SCHEDULED,1678378500000,1678379700000,840140001:180718
KINGEA_ENTRY_BLACKOUT,1678393800000,1678396500000,840220015:173938
BROKER_HMR_SCHEDULED,1678394700000,1678395900000,840220015:173938
MAINTENANCE_ENTRY_BLOCK,1678404600000,1678406100000,DAILY_SERVER_CLOSE_20230310_0000_0005
MAINTENANCE_FORCE_FLAT,1678406100000,1678406700000,DAILY_SERVER_CLOSE_20230310_0000_0005
MAINTENANCE_RECOVERY,1678406700000,1678407600000,DAILY_SERVER_CLOSE_20230310_0000_0005
KINGEA_ENTRY_BLACKOUT,1678464000000,1678466700000,840030015:172078
KINGEA_ENTRY_BLACKOUT,1678464000000,1678466700000,840030016:172090
KINGEA_ENTRY_BLACKOUT,1678464000000,1678466700000,840030018:172114
BROKER_HMR_SCHEDULED,1678464900000,1678466100000,840030015:172078
BROKER_HMR_SCHEDULED,1678464900000,1678466100000,840030016:172090
BROKER_HMR_SCHEDULED,1678464900000,1678466100000,840030018:172114
MAINTENANCE_ENTRY_BLOCK,1678491000000,1678492500000,DAILY_SERVER_CLOSE_20230311_0000_0005
MAINTENANCE_FORCE_FLAT,1678492500000,1678493100000,DAILY_SERVER_CLOSE_20230311_0000_0005
MAINTENANCE_RECOVERY,1678493100000,1678494000000,DAILY_SERVER_CLOSE_20230311_0000_0005
MAINTENANCE_ENTRY_BLOCK,1678577400000,1678578900000,DAILY_SERVER_CLOSE_20230312_0000_0005
MAINTENANCE_ENTRY_BLOCK,1678577940000,1678579440000,SUNDAY_SERVER_CLOSE_20230312_0009_0019
MAINTENANCE_FORCE_FLAT,1678578900000,1678579500000,DAILY_SERVER_CLOSE_20230312_0000_0005
MAINTENANCE_FORCE_FLAT,1678579440000,1678580340000,SUNDAY_SERVER_CLOSE_20230312_0009_0019
MAINTENANCE_RECOVERY,1678579500000,1678580400000,DAILY_SERVER_CLOSE_20230312_0000_0005
MAINTENANCE_RECOVERY,1678580340000,1678581240000,SUNDAY_SERVER_CLOSE_20230312_0009_0019
MAINTENANCE_ENTRY_BLOCK,1678663800000,1678665300000,DAILY_SERVER_CLOSE_20230313_0000_0005
MAINTENANCE_FORCE_FLAT,1678665300000,1678665900000,DAILY_SERVER_CLOSE_20230313_0000_0005
MAINTENANCE_RECOVERY,1678665900000,1678666800000,DAILY_SERVER_CLOSE_20230313_0000_0005
MAINTENANCE_ENTRY_BLOCK,1678750200000,1678751700000,DAILY_SERVER_CLOSE_20230314_0000_0005
MAINTENANCE_FORCE_FLAT,1678751700000,1678752300000,DAILY_SERVER_CLOSE_20230314_0000_0005
MAINTENANCE_RECOVERY,1678752300000,1678753200000,DAILY_SERVER_CLOSE_20230314_0000_0005
KINGEA_ENTRY_BLACKOUT,1678806000000,1678808700000,840030005:171958
KINGEA_ENTRY_BLACKOUT,1678806000000,1678808700000,840030006:171970
KINGEA_ENTRY_BLACKOUT,1678806000000,1678808700000,840030007:171982
KINGEA_ENTRY_BLACKOUT,1678806000000,1678808700000,840030034:172262
KINGEA_ENTRY_BLACKOUT,1678806000000,1678808700000,840030035:172274
BROKER_HMR_SCHEDULED,1678806900000,1678808100000,840030005:171958
BROKER_HMR_SCHEDULED,1678806900000,1678808100000,840030006:171970
BROKER_HMR_SCHEDULED,1678806900000,1678808100000,840030007:171982
BROKER_HMR_SCHEDULED,1678806900000,1678808100000,840030034:172262
BROKER_HMR_SCHEDULED,1678806900000,1678808100000,840030035:172274
MAINTENANCE_ENTRY_BLOCK,1678836600000,1678838100000,DAILY_SERVER_CLOSE_20230315_0000_0005
MAINTENANCE_FORCE_FLAT,1678838100000,1678838700000,DAILY_SERVER_CLOSE_20230315_0000_0005
MAINTENANCE_RECOVERY,1678838700000,1678839600000,DAILY_SERVER_CLOSE_20230315_0000_0005
KINGEA_ENTRY_BLACKOUT,1678892400000,1678895100000,840020010:172592
KINGEA_ENTRY_BLACKOUT,1678892400000,1678895100000,840020011:172604
KINGEA_ENTRY_BLACKOUT,1678892400000,1678895100000,840030001:171910
BROKER_HMR_SCHEDULED,1678893300000,1678894500000,840020010:172592
BROKER_HMR_SCHEDULED,1678893300000,1678894500000,840020011:172604
BROKER_HMR_SCHEDULED,1678893300000,1678894500000,840030001:171910
KINGEA_ENTRY_BLACKOUT,1678899600000,1678902300000,840200001:180146
BROKER_HMR_SCHEDULED,1678900500000,1678901700000,840200001:180146
MAINTENANCE_ENTRY_BLOCK,1678923000000,1678924500000,DAILY_SERVER_CLOSE_20230316_0000_0005
MAINTENANCE_FORCE_FLAT,1678924500000,1678925100000,DAILY_SERVER_CLOSE_20230316_0000_0005
MAINTENANCE_RECOVERY,1678925100000,1678926000000,DAILY_SERVER_CLOSE_20230316_0000_0005
KINGEA_ENTRY_BLACKOUT,1678978800000,1678981500000,840070001:174545
KINGEA_ENTRY_BLACKOUT,1678978800000,1678981500000,840140001:180719
BROKER_HMR_SCHEDULED,1678979700000,1678980900000,840070001:174545
BROKER_HMR_SCHEDULED,1678979700000,1678980900000,840140001:180719
MAINTENANCE_ENTRY_BLOCK,1679009400000,1679010900000,DAILY_SERVER_CLOSE_20230317_0000_0005
MAINTENANCE_FORCE_FLAT,1679010900000,1679011500000,DAILY_SERVER_CLOSE_20230317_0000_0005
MAINTENANCE_RECOVERY,1679011500000,1679012400000,DAILY_SERVER_CLOSE_20230317_0000_0005
MAINTENANCE_ENTRY_BLOCK,1679095800000,1679097300000,DAILY_SERVER_CLOSE_20230318_0000_0005
MAINTENANCE_FORCE_FLAT,1679097300000,1679097900000,DAILY_SERVER_CLOSE_20230318_0000_0005
MAINTENANCE_RECOVERY,1679097900000,1679098800000,DAILY_SERVER_CLOSE_20230318_0000_0005
MAINTENANCE_ENTRY_BLOCK,1679182200000,1679183700000,DAILY_SERVER_CLOSE_20230319_0000_0005
MAINTENANCE_ENTRY_BLOCK,1679182740000,1679184240000,SUNDAY_SERVER_CLOSE_20230319_0009_0019
MAINTENANCE_FORCE_FLAT,1679183700000,1679184300000,DAILY_SERVER_CLOSE_20230319_0000_0005
MAINTENANCE_FORCE_FLAT,1679184240000,1679185140000,SUNDAY_SERVER_CLOSE_20230319_0009_0019
MAINTENANCE_RECOVERY,1679184300000,1679185200000,DAILY_SERVER_CLOSE_20230319_0000_0005
MAINTENANCE_RECOVERY,1679185140000,1679186040000,SUNDAY_SERVER_CLOSE_20230319_0009_0019
MAINTENANCE_ENTRY_BLOCK,1679268600000,1679270100000,DAILY_SERVER_CLOSE_20230320_0000_0005
MAINTENANCE_FORCE_FLAT,1679270100000,1679270700000,DAILY_SERVER_CLOSE_20230320_0000_0005
MAINTENANCE_RECOVERY,1679270700000,1679271600000,DAILY_SERVER_CLOSE_20230320_0000_0005
MAINTENANCE_ENTRY_BLOCK,1679355000000,1679356500000,DAILY_SERVER_CLOSE_20230321_0000_0005
MAINTENANCE_FORCE_FLAT,1679356500000,1679357100000,DAILY_SERVER_CLOSE_20230321_0000_0005
MAINTENANCE_RECOVERY,1679357100000,1679358000000,DAILY_SERVER_CLOSE_20230321_0000_0005
KINGEA_ENTRY_BLACKOUT,1679416200000,1679418900000,840120001:173309
BROKER_HMR_SCHEDULED,1679417100000,1679418300000,840120001:173309
MAINTENANCE_ENTRY_BLOCK,1679441400000,1679442900000,DAILY_SERVER_CLOSE_20230322_0000_0005
MAINTENANCE_FORCE_FLAT,1679442900000,1679443500000,DAILY_SERVER_CLOSE_20230322_0000_0005
MAINTENANCE_RECOVERY,1679443500000,1679444400000,DAILY_SERVER_CLOSE_20230322_0000_0005
KINGEA_ENTRY_BLACKOUT,1679504400000,1679507100000,840200001:180344
BROKER_HMR_SCHEDULED,1679505300000,1679506500000,840200001:180344
KINGEA_ENTRY_BLACKOUT,1679517000000,1679519700000,840050014:168631
BROKER_HMR_SCHEDULED,1679517900000,1679519100000,840050014:168631
KINGEA_ENTRY_BLACKOUT,1679518800000,1679521500000,840050018:168639
BROKER_HMR_SCHEDULED,1679519700000,1679520900000,840050018:168639
MAINTENANCE_ENTRY_BLOCK,1679527800000,1679529300000,DAILY_SERVER_CLOSE_20230323_0000_0005
MAINTENANCE_FORCE_FLAT,1679529300000,1679529900000,DAILY_SERVER_CLOSE_20230323_0000_0005
MAINTENANCE_RECOVERY,1679529900000,1679530800000,DAILY_SERVER_CLOSE_20230323_0000_0005
KINGEA_ENTRY_BLACKOUT,1679583600000,1679586300000,840140001:180720
BROKER_HMR_SCHEDULED,1679584500000,1679585700000,840140001:180720
KINGEA_ENTRY_BLACKOUT,1679589000000,1679591700000,840020008:172568
BROKER_HMR_SCHEDULED,1679589900000,1679591100000,840020008:172568
MAINTENANCE_ENTRY_BLOCK,1679614200000,1679615700000,DAILY_SERVER_CLOSE_20230324_0000_0005
MAINTENANCE_FORCE_FLAT,1679615700000,1679616300000,DAILY_SERVER_CLOSE_20230324_0000_0005
MAINTENANCE_RECOVERY,1679616300000,1679617200000,DAILY_SERVER_CLOSE_20230324_0000_0005
KINGEA_ENTRY_BLACKOUT,1679670000000,1679672700000,840020013:172628
BROKER_HMR_SCHEDULED,1679670900000,1679672100000,840020013:172628
KINGEA_ENTRY_BLACKOUT,1679674500000,1679677200000,840500001:181519
KINGEA_ENTRY_BLACKOUT,1679674500000,1679677200000,840500002:181520
BROKER_HMR_SCHEDULED,1679675400000,1679676600000,840500001:181519
BROKER_HMR_SCHEDULED,1679675400000,1679676600000,840500002:181520
MAINTENANCE_ENTRY_BLOCK,1679700600000,1679702100000,DAILY_SERVER_CLOSE_20230325_0000_0005
MAINTENANCE_FORCE_FLAT,1679702100000,1679702700000,DAILY_SERVER_CLOSE_20230325_0000_0005
MAINTENANCE_RECOVERY,1679702700000,1679703600000,DAILY_SERVER_CLOSE_20230325_0000_0005
MAINTENANCE_ENTRY_BLOCK,1679787000000,1679788500000,DAILY_SERVER_CLOSE_20230326_0000_0005
MAINTENANCE_ENTRY_BLOCK,1679787540000,1679789040000,SUNDAY_SERVER_CLOSE_20230326_0009_0019
MAINTENANCE_FORCE_FLAT,1679788500000,1679789100000,DAILY_SERVER_CLOSE_20230326_0000_0005
MAINTENANCE_FORCE_FLAT,1679789040000,1679789940000,SUNDAY_SERVER_CLOSE_20230326_0009_0019
MAINTENANCE_RECOVERY,1679789100000,1679790000000,DAILY_SERVER_CLOSE_20230326_0000_0005
MAINTENANCE_RECOVERY,1679789940000,1679790840000,SUNDAY_SERVER_CLOSE_20230326_0009_0019
MAINTENANCE_ENTRY_BLOCK,1679873400000,1679874900000,DAILY_SERVER_CLOSE_20230327_0000_0005
MAINTENANCE_FORCE_FLAT,1679874900000,1679875500000,DAILY_SERVER_CLOSE_20230327_0000_0005
MAINTENANCE_RECOVERY,1679875500000,1679876400000,DAILY_SERVER_CLOSE_20230327_0000_0005
MAINTENANCE_ENTRY_BLOCK,1679959800000,1679961300000,DAILY_SERVER_CLOSE_20230328_0000_0005
MAINTENANCE_FORCE_FLAT,1679961300000,1679961900000,DAILY_SERVER_CLOSE_20230328_0000_0005
MAINTENANCE_RECOVERY,1679961900000,1679962800000,DAILY_SERVER_CLOSE_20230328_0000_0005
KINGEA_ENTRY_BLACKOUT,1680021000000,1680023700000,840180002:178029
BROKER_HMR_SCHEDULED,1680021900000,1680023100000,840180002:178029
MAINTENANCE_ENTRY_BLOCK,1680046200000,1680047700000,DAILY_SERVER_CLOSE_20230329_0000_0005
MAINTENANCE_FORCE_FLAT,1680047700000,1680048300000,DAILY_SERVER_CLOSE_20230329_0000_0005
MAINTENANCE_RECOVERY,1680048300000,1680049200000,DAILY_SERVER_CLOSE_20230329_0000_0005
KINGEA_ENTRY_BLACKOUT,1680109200000,1680111900000,840200001:180735
BROKER_HMR_SCHEDULED,1680110100000,1680111300000,840200001:180735
MAINTENANCE_ENTRY_BLOCK,1680132600000,1680134100000,DAILY_SERVER_CLOSE_20230330_0000_0005
MAINTENANCE_FORCE_FLAT,1680134100000,1680134700000,DAILY_SERVER_CLOSE_20230330_0000_0005
MAINTENANCE_RECOVERY,1680134700000,1680135600000,DAILY_SERVER_CLOSE_20230330_0000_0005
KINGEA_ENTRY_BLACKOUT,1680188400000,1680191100000,840010007:179461
KINGEA_ENTRY_BLACKOUT,1680188400000,1680191100000,840010018:179544
KINGEA_ENTRY_BLACKOUT,1680188400000,1680191100000,840140001:180721
BROKER_HMR_SCHEDULED,1680189300000,1680190500000,840010007:179461
BROKER_HMR_SCHEDULED,1680189300000,1680190500000,840010018:179544
BROKER_HMR_SCHEDULED,1680189300000,1680190500000,840140001:180721
MAINTENANCE_ENTRY_BLOCK,1680219000000,1680220500000,DAILY_SERVER_CLOSE_20230331_0000_0005
MAINTENANCE_FORCE_FLAT,1680220500000,1680221100000,DAILY_SERVER_CLOSE_20230331_0000_0005
MAINTENANCE_RECOVERY,1680221100000,1680222000000,DAILY_SERVER_CLOSE_20230331_0000_0005
KINGEA_ENTRY_BLACKOUT,1680274800000,1680277500000,840010001:179389
KINGEA_ENTRY_BLACKOUT,1680274800000,1680277500000,840010002:179401
BROKER_HMR_SCHEDULED,1680275700000,1680276900000,840010001:179389
BROKER_HMR_SCHEDULED,1680275700000,1680276900000,840010002:179401
KINGEA_ENTRY_BLACKOUT,1680279300000,1680282000000,840510001:180748
BROKER_HMR_SCHEDULED,1680280200000,1680281400000,840510001:180748
MAINTENANCE_ENTRY_BLOCK,1680305400000,1680306900000,DAILY_SERVER_CLOSE_20230401_0000_0005
MAINTENANCE_FORCE_FLAT,1680306900000,1680307500000,DAILY_SERVER_CLOSE_20230401_0000_0005
MAINTENANCE_RECOVERY,1680307500000,1680308400000,DAILY_SERVER_CLOSE_20230401_0000_0005
MAINTENANCE_ENTRY_BLOCK,1680391800000,1680393300000,DAILY_SERVER_CLOSE_20230402_0000_0005
MAINTENANCE_ENTRY_BLOCK,1680392340000,1680393840000,SUNDAY_SERVER_CLOSE_20230402_0009_0019
MAINTENANCE_FORCE_FLAT,1680393300000,1680393900000,DAILY_SERVER_CLOSE_20230402_0000_0005
MAINTENANCE_FORCE_FLAT,1680393840000,1680394740000,SUNDAY_SERVER_CLOSE_20230402_0009_0019
MAINTENANCE_RECOVERY,1680393900000,1680394800000,DAILY_SERVER_CLOSE_20230402_0000_0005
MAINTENANCE_RECOVERY,1680394740000,1680395640000,SUNDAY_SERVER_CLOSE_20230402_0009_0019
MAINTENANCE_ENTRY_BLOCK,1680478200000,1680479700000,DAILY_SERVER_CLOSE_20230403_0000_0005
MAINTENANCE_FORCE_FLAT,1680479700000,1680480300000,DAILY_SERVER_CLOSE_20230403_0000_0005
MAINTENANCE_RECOVERY,1680480300000,1680481200000,DAILY_SERVER_CLOSE_20230403_0000_0005
KINGEA_ENTRY_BLACKOUT,1680538500000,1680541200000,840500001:181848
BROKER_HMR_SCHEDULED,1680539400000,1680540600000,840500001:181848
KINGEA_ENTRY_BLACKOUT,1680539400000,1680542100000,840040001:181025
KINGEA_ENTRY_BLACKOUT,1680539400000,1680542100000,840040002:181029
BROKER_HMR_SCHEDULED,1680540300000,1680541500000,840040001:181025
BROKER_HMR_SCHEDULED,1680540300000,1680541500000,840040002:181029
MAINTENANCE_ENTRY_BLOCK,1680564600000,1680566100000,DAILY_SERVER_CLOSE_20230404_0000_0005
MAINTENANCE_FORCE_FLAT,1680566100000,1680566700000,DAILY_SERVER_CLOSE_20230404_0000_0005
MAINTENANCE_RECOVERY,1680566700000,1680567600000,DAILY_SERVER_CLOSE_20230404_0000_0005
KINGEA_ENTRY_BLACKOUT,1680625800000,1680628500000,840030021:174398
BROKER_HMR_SCHEDULED,1680626700000,1680627900000,840030021:174398
MAINTENANCE_ENTRY_BLOCK,1680651000000,1680652500000,DAILY_SERVER_CLOSE_20230405_0000_0005
MAINTENANCE_FORCE_FLAT,1680652500000,1680653100000,DAILY_SERVER_CLOSE_20230405_0000_0005
MAINTENANCE_RECOVERY,1680653100000,1680654000000,DAILY_SERVER_CLOSE_20230405_0000_0005
KINGEA_ENTRY_BLACKOUT,1680705900000,1680708600000,840190001:175086
BROKER_HMR_SCHEDULED,1680706800000,1680708000000,840190001:175086
KINGEA_ENTRY_BLACKOUT,1680711300000,1680714000000,840500002:181891
BROKER_HMR_SCHEDULED,1680712200000,1680713400000,840500002:181891
KINGEA_ENTRY_BLACKOUT,1680712200000,1680714900000,840040003:163093
KINGEA_ENTRY_BLACKOUT,1680712200000,1680714900000,840040008:163156
BROKER_HMR_SCHEDULED,1680713100000,1680714300000,840040003:163093
BROKER_HMR_SCHEDULED,1680713100000,1680714300000,840040008:163156
KINGEA_ENTRY_BLACKOUT,1680714000000,1680716700000,840200001:181147
BROKER_HMR_SCHEDULED,1680714900000,1680716100000,840200001:181147
MAINTENANCE_ENTRY_BLOCK,1680737400000,1680738900000,DAILY_SERVER_CLOSE_20230406_0000_0005
MAINTENANCE_FORCE_FLAT,1680738900000,1680739500000,DAILY_SERVER_CLOSE_20230406_0000_0005
MAINTENANCE_RECOVERY,1680739500000,1680740400000,DAILY_SERVER_CLOSE_20230406_0000_0005
KINGEA_ENTRY_BLACKOUT,1680793200000,1680795900000,840140001:181702
BROKER_HMR_SCHEDULED,1680794100000,1680795300000,840140001:181702
MAINTENANCE_ENTRY_BLOCK,1680823800000,1680825300000,DAILY_SERVER_CLOSE_20230407_0000_0005
MAINTENANCE_FORCE_FLAT,1680825300000,1680825900000,DAILY_SERVER_CLOSE_20230407_0000_0005
MAINTENANCE_RECOVERY,1680825900000,1680826800000,DAILY_SERVER_CLOSE_20230407_0000_0005
KINGEA_ENTRY_BLACKOUT,1680879600000,1680882300000,840030015:172079
KINGEA_ENTRY_BLACKOUT,1680879600000,1680882300000,840030016:172091
KINGEA_ENTRY_BLACKOUT,1680879600000,1680882300000,840030018:172115
BROKER_HMR_SCHEDULED,1680880500000,1680881700000,840030015:172079
BROKER_HMR_SCHEDULED,1680880500000,1680881700000,840030016:172091
BROKER_HMR_SCHEDULED,1680880500000,1680881700000,840030018:172115
MAINTENANCE_ENTRY_BLOCK,1680910200000,1680911700000,DAILY_SERVER_CLOSE_20230408_0000_0005
MAINTENANCE_FORCE_FLAT,1680911700000,1680912300000,DAILY_SERVER_CLOSE_20230408_0000_0005
MAINTENANCE_RECOVERY,1680912300000,1680913200000,DAILY_SERVER_CLOSE_20230408_0000_0005
MAINTENANCE_ENTRY_BLOCK,1680996600000,1680998100000,DAILY_SERVER_CLOSE_20230409_0000_0005
MAINTENANCE_ENTRY_BLOCK,1680997140000,1680998640000,SUNDAY_SERVER_CLOSE_20230409_0009_0019
MAINTENANCE_FORCE_FLAT,1680998100000,1680998700000,DAILY_SERVER_CLOSE_20230409_0000_0005
MAINTENANCE_FORCE_FLAT,1680998640000,1680999540000,SUNDAY_SERVER_CLOSE_20230409_0009_0019
MAINTENANCE_RECOVERY,1680998700000,1680999600000,DAILY_SERVER_CLOSE_20230409_0000_0005
MAINTENANCE_RECOVERY,1680999540000,1681000440000,SUNDAY_SERVER_CLOSE_20230409_0009_0019
MAINTENANCE_ENTRY_BLOCK,1681083000000,1681084500000,DAILY_SERVER_CLOSE_20230410_0000_0005
MAINTENANCE_FORCE_FLAT,1681084500000,1681085100000,DAILY_SERVER_CLOSE_20230410_0000_0005
MAINTENANCE_RECOVERY,1681085100000,1681086000000,DAILY_SERVER_CLOSE_20230410_0000_0005
MAINTENANCE_ENTRY_BLOCK,1681169400000,1681170900000,DAILY_SERVER_CLOSE_20230411_0000_0005
MAINTENANCE_FORCE_FLAT,1681170900000,1681171500000,DAILY_SERVER_CLOSE_20230411_0000_0005
MAINTENANCE_RECOVERY,1681171500000,1681172400000,DAILY_SERVER_CLOSE_20230411_0000_0005
MAINTENANCE_ENTRY_BLOCK,1681255800000,1681257300000,DAILY_SERVER_CLOSE_20230412_0000_0005
MAINTENANCE_FORCE_FLAT,1681257300000,1681257900000,DAILY_SERVER_CLOSE_20230412_0000_0005
MAINTENANCE_RECOVERY,1681257900000,1681258800000,DAILY_SERVER_CLOSE_20230412_0000_0005
KINGEA_ENTRY_BLACKOUT,1681311600000,1681314300000,840030005:171959
KINGEA_ENTRY_BLACKOUT,1681311600000,1681314300000,840030006:171971
KINGEA_ENTRY_BLACKOUT,1681311600000,1681314300000,840030007:171983
KINGEA_ENTRY_BLACKOUT,1681311600000,1681314300000,840030034:172263
KINGEA_ENTRY_BLACKOUT,1681311600000,1681314300000,840030035:172275
BROKER_HMR_SCHEDULED,1681312500000,1681313700000,840030005:171959
BROKER_HMR_SCHEDULED,1681312500000,1681313700000,840030006:171971
BROKER_HMR_SCHEDULED,1681312500000,1681313700000,840030007:171983
BROKER_HMR_SCHEDULED,1681312500000,1681313700000,840030034:172263
BROKER_HMR_SCHEDULED,1681312500000,1681313700000,840030035:172275
KINGEA_ENTRY_BLACKOUT,1681318800000,1681321500000,840200001:181326
BROKER_HMR_SCHEDULED,1681319700000,1681320900000,840200001:181326
KINGEA_ENTRY_BLACKOUT,1681327800000,1681330500000,840220014:173936
BROKER_HMR_SCHEDULED,1681328700000,1681329900000,840220014:173936
MAINTENANCE_ENTRY_BLOCK,1681342200000,1681343700000,DAILY_SERVER_CLOSE_20230413_0000_0005
MAINTENANCE_FORCE_FLAT,1681343700000,1681344300000,DAILY_SERVER_CLOSE_20230413_0000_0005
MAINTENANCE_RECOVERY,1681344300000,1681345200000,DAILY_SERVER_CLOSE_20230413_0000_0005
KINGEA_ENTRY_BLACKOUT,1681398000000,1681400700000,840030001:171911
KINGEA_ENTRY_BLACKOUT,1681398000000,1681400700000,840140001:181703
BROKER_HMR_SCHEDULED,1681398900000,1681400100000,840030001:171911
BROKER_HMR_SCHEDULED,1681398900000,1681400100000,840140001:181703
KINGEA_ENTRY_BLACKOUT,1681414200000,1681416900000,840220015:173939
BROKER_HMR_SCHEDULED,1681415100000,1681416300000,840220015:173939
MAINTENANCE_ENTRY_BLOCK,1681428600000,1681430100000,DAILY_SERVER_CLOSE_20230414_0000_0005
MAINTENANCE_FORCE_FLAT,1681430100000,1681430700000,DAILY_SERVER_CLOSE_20230414_0000_0005
MAINTENANCE_RECOVERY,1681430700000,1681431600000,DAILY_SERVER_CLOSE_20230414_0000_0005
KINGEA_ENTRY_BLACKOUT,1681484400000,1681487100000,840020010:172593
KINGEA_ENTRY_BLACKOUT,1681484400000,1681487100000,840020011:172605
BROKER_HMR_SCHEDULED,1681485300000,1681486500000,840020010:172593
BROKER_HMR_SCHEDULED,1681485300000,1681486500000,840020011:172605
MAINTENANCE_ENTRY_BLOCK,1681515000000,1681516500000,DAILY_SERVER_CLOSE_20230415_0000_0005
MAINTENANCE_FORCE_FLAT,1681516500000,1681517100000,DAILY_SERVER_CLOSE_20230415_0000_0005
MAINTENANCE_RECOVERY,1681517100000,1681518000000,DAILY_SERVER_CLOSE_20230415_0000_0005
MAINTENANCE_ENTRY_BLOCK,1681601400000,1681602900000,DAILY_SERVER_CLOSE_20230416_0000_0005
MAINTENANCE_ENTRY_BLOCK,1681601940000,1681603440000,SUNDAY_SERVER_CLOSE_20230416_0009_0019
MAINTENANCE_FORCE_FLAT,1681602900000,1681603500000,DAILY_SERVER_CLOSE_20230416_0000_0005
MAINTENANCE_FORCE_FLAT,1681603440000,1681604340000,SUNDAY_SERVER_CLOSE_20230416_0009_0019
MAINTENANCE_RECOVERY,1681603500000,1681604400000,DAILY_SERVER_CLOSE_20230416_0000_0005
MAINTENANCE_RECOVERY,1681604340000,1681605240000,SUNDAY_SERVER_CLOSE_20230416_0009_0019
MAINTENANCE_ENTRY_BLOCK,1681687800000,1681689300000,DAILY_SERVER_CLOSE_20230417_0000_0005
MAINTENANCE_FORCE_FLAT,1681689300000,1681689900000,DAILY_SERVER_CLOSE_20230417_0000_0005
MAINTENANCE_RECOVERY,1681689900000,1681690800000,DAILY_SERVER_CLOSE_20230417_0000_0005
MAINTENANCE_ENTRY_BLOCK,1681774200000,1681775700000,DAILY_SERVER_CLOSE_20230418_0000_0005
MAINTENANCE_FORCE_FLAT,1681775700000,1681776300000,DAILY_SERVER_CLOSE_20230418_0000_0005
MAINTENANCE_RECOVERY,1681776300000,1681777200000,DAILY_SERVER_CLOSE_20230418_0000_0005
MAINTENANCE_ENTRY_BLOCK,1681860600000,1681862100000,DAILY_SERVER_CLOSE_20230419_0000_0005
MAINTENANCE_FORCE_FLAT,1681862100000,1681862700000,DAILY_SERVER_CLOSE_20230419_0000_0005
MAINTENANCE_RECOVERY,1681862700000,1681863600000,DAILY_SERVER_CLOSE_20230419_0000_0005
KINGEA_ENTRY_BLACKOUT,1681923600000,1681926300000,840200001:181407
BROKER_HMR_SCHEDULED,1681924500000,1681925700000,840200001:181407
MAINTENANCE_ENTRY_BLOCK,1681947000000,1681948500000,DAILY_SERVER_CLOSE_20230420_0000_0005
MAINTENANCE_FORCE_FLAT,1681948500000,1681949100000,DAILY_SERVER_CLOSE_20230420_0000_0005
MAINTENANCE_RECOVERY,1681949100000,1681950000000,DAILY_SERVER_CLOSE_20230420_0000_0005
KINGEA_ENTRY_BLACKOUT,1682002800000,1682005500000,840070001:174546
KINGEA_ENTRY_BLACKOUT,1682002800000,1682005500000,840140001:181704
BROKER_HMR_SCHEDULED,1682003700000,1682004900000,840070001:174546
BROKER_HMR_SCHEDULED,1682003700000,1682004900000,840140001:181704
KINGEA_ENTRY_BLACKOUT,1682008200000,1682010900000,840120001:173310
BROKER_HMR_SCHEDULED,1682009100000,1682010300000,840120001:173310
MAINTENANCE_ENTRY_BLOCK,1682033400000,1682034900000,DAILY_SERVER_CLOSE_20230421_0000_0005
MAINTENANCE_FORCE_FLAT,1682034900000,1682035500000,DAILY_SERVER_CLOSE_20230421_0000_0005
MAINTENANCE_RECOVERY,1682035500000,1682036400000,DAILY_SERVER_CLOSE_20230421_0000_0005
KINGEA_ENTRY_BLACKOUT,1682093700000,1682096400000,840500001:182176
KINGEA_ENTRY_BLACKOUT,1682093700000,1682096400000,840500002:182177
BROKER_HMR_SCHEDULED,1682094600000,1682095800000,840500001:182176
BROKER_HMR_SCHEDULED,1682094600000,1682095800000,840500002:182177
MAINTENANCE_ENTRY_BLOCK,1682119800000,1682121300000,DAILY_SERVER_CLOSE_20230422_0000_0005
MAINTENANCE_FORCE_FLAT,1682121300000,1682121900000,DAILY_SERVER_CLOSE_20230422_0000_0005
MAINTENANCE_RECOVERY,1682121900000,1682122800000,DAILY_SERVER_CLOSE_20230422_0000_0005
MAINTENANCE_ENTRY_BLOCK,1682206200000,1682207700000,DAILY_SERVER_CLOSE_20230423_0000_0005
MAINTENANCE_ENTRY_BLOCK,1682206740000,1682208240000,SUNDAY_SERVER_CLOSE_20230423_0009_0019
MAINTENANCE_FORCE_FLAT,1682207700000,1682208300000,DAILY_SERVER_CLOSE_20230423_0000_0005
MAINTENANCE_FORCE_FLAT,1682208240000,1682209140000,SUNDAY_SERVER_CLOSE_20230423_0009_0019
MAINTENANCE_RECOVERY,1682208300000,1682209200000,DAILY_SERVER_CLOSE_20230423_0000_0005
MAINTENANCE_RECOVERY,1682209140000,1682210040000,SUNDAY_SERVER_CLOSE_20230423_0009_0019
MAINTENANCE_ENTRY_BLOCK,1682292600000,1682294100000,DAILY_SERVER_CLOSE_20230424_0000_0005
MAINTENANCE_FORCE_FLAT,1682294100000,1682294700000,DAILY_SERVER_CLOSE_20230424_0000_0005
MAINTENANCE_RECOVERY,1682294700000,1682295600000,DAILY_SERVER_CLOSE_20230424_0000_0005
MAINTENANCE_ENTRY_BLOCK,1682379000000,1682380500000,DAILY_SERVER_CLOSE_20230425_0000_0005
MAINTENANCE_FORCE_FLAT,1682380500000,1682381100000,DAILY_SERVER_CLOSE_20230425_0000_0005
MAINTENANCE_RECOVERY,1682381100000,1682382000000,DAILY_SERVER_CLOSE_20230425_0000_0005
KINGEA_ENTRY_BLACKOUT,1682440200000,1682442900000,840020008:172569
KINGEA_ENTRY_BLACKOUT,1682440200000,1682442900000,840180002:178030
BROKER_HMR_SCHEDULED,1682441100000,1682442300000,840020008:172569
BROKER_HMR_SCHEDULED,1682441100000,1682442300000,840180002:178030
MAINTENANCE_ENTRY_BLOCK,1682465400000,1682466900000,DAILY_SERVER_CLOSE_20230426_0000_0005
MAINTENANCE_FORCE_FLAT,1682466900000,1682467500000,DAILY_SERVER_CLOSE_20230426_0000_0005
MAINTENANCE_RECOVERY,1682467500000,1682468400000,DAILY_SERVER_CLOSE_20230426_0000_0005
KINGEA_ENTRY_BLACKOUT,1682521200000,1682523900000,840020013:172629
BROKER_HMR_SCHEDULED,1682522100000,1682523300000,840020013:172629
KINGEA_ENTRY_BLACKOUT,1682528400000,1682531100000,840200001:181717
BROKER_HMR_SCHEDULED,1682529300000,1682530500000,840200001:181717
MAINTENANCE_ENTRY_BLOCK,1682551800000,1682553300000,DAILY_SERVER_CLOSE_20230427_0000_0005
MAINTENANCE_FORCE_FLAT,1682553300000,1682553900000,DAILY_SERVER_CLOSE_20230427_0000_0005
MAINTENANCE_RECOVERY,1682553900000,1682554800000,DAILY_SERVER_CLOSE_20230427_0000_0005
KINGEA_ENTRY_BLACKOUT,1682607600000,1682610300000,840010007:179462
KINGEA_ENTRY_BLACKOUT,1682607600000,1682610300000,840010018:179545
KINGEA_ENTRY_BLACKOUT,1682607600000,1682610300000,840140001:181705
BROKER_HMR_SCHEDULED,1682608500000,1682609700000,840010007:179462
BROKER_HMR_SCHEDULED,1682608500000,1682609700000,840010018:179545
BROKER_HMR_SCHEDULED,1682608500000,1682609700000,840140001:181705
MAINTENANCE_ENTRY_BLOCK,1682638200000,1682639700000,DAILY_SERVER_CLOSE_20230428_0000_0005
MAINTENANCE_FORCE_FLAT,1682639700000,1682640300000,DAILY_SERVER_CLOSE_20230428_0000_0005
MAINTENANCE_RECOVERY,1682640300000,1682641200000,DAILY_SERVER_CLOSE_20230428_0000_0005
KINGEA_ENTRY_BLACKOUT,1682694000000,1682696700000,840010001:179390
KINGEA_ENTRY_BLACKOUT,1682694000000,1682696700000,840010002:179402
BROKER_HMR_SCHEDULED,1682694900000,1682696100000,840010001:179390
BROKER_HMR_SCHEDULED,1682694900000,1682696100000,840010002:179402
KINGEA_ENTRY_BLACKOUT,1682698500000,1682701200000,840510001:181685
BROKER_HMR_SCHEDULED,1682699400000,1682700600000,840510001:181685
MAINTENANCE_ENTRY_BLOCK,1682724600000,1682726100000,DAILY_SERVER_CLOSE_20230429_0000_0005
MAINTENANCE_FORCE_FLAT,1682726100000,1682726700000,DAILY_SERVER_CLOSE_20230429_0000_0005
MAINTENANCE_RECOVERY,1682726700000,1682727600000,DAILY_SERVER_CLOSE_20230429_0000_0005
MAINTENANCE_ENTRY_BLOCK,1682811000000,1682812500000,DAILY_SERVER_CLOSE_20230430_0000_0005
MAINTENANCE_ENTRY_BLOCK,1682811540000,1682813040000,SUNDAY_SERVER_CLOSE_20230430_0009_0019
MAINTENANCE_FORCE_FLAT,1682812500000,1682813100000,DAILY_SERVER_CLOSE_20230430_0000_0005
MAINTENANCE_FORCE_FLAT,1682813040000,1682813940000,SUNDAY_SERVER_CLOSE_20230430_0009_0019
MAINTENANCE_RECOVERY,1682813100000,1682814000000,DAILY_SERVER_CLOSE_20230430_0000_0005
MAINTENANCE_RECOVERY,1682813940000,1682814840000,SUNDAY_SERVER_CLOSE_20230430_0009_0019
MAINTENANCE_ENTRY_BLOCK,1682897400000,1682898900000,DAILY_SERVER_CLOSE_20230501_0000_0005
MAINTENANCE_FORCE_FLAT,1682898900000,1682899500000,DAILY_SERVER_CLOSE_20230501_0000_0005
MAINTENANCE_RECOVERY,1682899500000,1682900400000,DAILY_SERVER_CLOSE_20230501_0000_0005
KINGEA_ENTRY_BLACKOUT,1682957700000,1682960400000,840500001:182805
BROKER_HMR_SCHEDULED,1682958600000,1682959800000,840500001:182805
KINGEA_ENTRY_BLACKOUT,1682958600000,1682961300000,840040001:181026
KINGEA_ENTRY_BLACKOUT,1682958600000,1682961300000,840040002:181030
BROKER_HMR_SCHEDULED,1682959500000,1682960700000,840040001:181026
BROKER_HMR_SCHEDULED,1682959500000,1682960700000,840040002:181030
MAINTENANCE_ENTRY_BLOCK,1682983800000,1682985300000,DAILY_SERVER_CLOSE_20230502_0000_0005
MAINTENANCE_FORCE_FLAT,1682985300000,1682985900000,DAILY_SERVER_CLOSE_20230502_0000_0005
MAINTENANCE_RECOVERY,1682985900000,1682986800000,DAILY_SERVER_CLOSE_20230502_0000_0005
KINGEA_ENTRY_BLACKOUT,1683045000000,1683047700000,840030021:174399
BROKER_HMR_SCHEDULED,1683045900000,1683047100000,840030021:174399
MAINTENANCE_ENTRY_BLOCK,1683070200000,1683071700000,DAILY_SERVER_CLOSE_20230503_0000_0005
MAINTENANCE_FORCE_FLAT,1683071700000,1683072300000,DAILY_SERVER_CLOSE_20230503_0000_0005
MAINTENANCE_RECOVERY,1683072300000,1683073200000,DAILY_SERVER_CLOSE_20230503_0000_0005
KINGEA_ENTRY_BLACKOUT,1683125100000,1683127800000,840190001:179641
BROKER_HMR_SCHEDULED,1683126000000,1683127200000,840190001:179641
KINGEA_ENTRY_BLACKOUT,1683130500000,1683133200000,840500002:182942
BROKER_HMR_SCHEDULED,1683131400000,1683132600000,840500002:182942
KINGEA_ENTRY_BLACKOUT,1683131400000,1683134100000,840040003:181033
KINGEA_ENTRY_BLACKOUT,1683131400000,1683134100000,840040008:181050
BROKER_HMR_SCHEDULED,1683132300000,1683133500000,840040003:181033
BROKER_HMR_SCHEDULED,1683132300000,1683133500000,840040008:181050
KINGEA_ENTRY_BLACKOUT,1683133200000,1683135900000,840200001:181718
BROKER_HMR_SCHEDULED,1683134100000,1683135300000,840200001:181718
KINGEA_ENTRY_BLACKOUT,1683145800000,1683148500000,840050014:168632
BROKER_HMR_SCHEDULED,1683146700000,1683147900000,840050014:168632
KINGEA_ENTRY_BLACKOUT,1683147600000,1683150300000,840050018:168640
BROKER_HMR_SCHEDULED,1683148500000,1683149700000,840050018:168640
MAINTENANCE_ENTRY_BLOCK,1683156600000,1683158100000,DAILY_SERVER_CLOSE_20230504_0000_0005
MAINTENANCE_FORCE_FLAT,1683158100000,1683158700000,DAILY_SERVER_CLOSE_20230504_0000_0005
MAINTENANCE_RECOVERY,1683158700000,1683159600000,DAILY_SERVER_CLOSE_20230504_0000_0005
KINGEA_ENTRY_BLACKOUT,1683212400000,1683215100000,840140001:182789
BROKER_HMR_SCHEDULED,1683213300000,1683214500000,840140001:182789
MAINTENANCE_ENTRY_BLOCK,1683243000000,1683244500000,DAILY_SERVER_CLOSE_20230505_0000_0005
MAINTENANCE_FORCE_FLAT,1683244500000,1683245100000,DAILY_SERVER_CLOSE_20230505_0000_0005
MAINTENANCE_RECOVERY,1683245100000,1683246000000,DAILY_SERVER_CLOSE_20230505_0000_0005
KINGEA_ENTRY_BLACKOUT,1683298800000,1683301500000,840030015:172080
KINGEA_ENTRY_BLACKOUT,1683298800000,1683301500000,840030016:172092
KINGEA_ENTRY_BLACKOUT,1683298800000,1683301500000,840030018:172116
BROKER_HMR_SCHEDULED,1683299700000,1683300900000,840030015:172080
BROKER_HMR_SCHEDULED,1683299700000,1683300900000,840030016:172092
BROKER_HMR_SCHEDULED,1683299700000,1683300900000,840030018:172116
MAINTENANCE_ENTRY_BLOCK,1683329400000,1683330900000,DAILY_SERVER_CLOSE_20230506_0000_0005
MAINTENANCE_FORCE_FLAT,1683330900000,1683331500000,DAILY_SERVER_CLOSE_20230506_0000_0005
MAINTENANCE_RECOVERY,1683331500000,1683332400000,DAILY_SERVER_CLOSE_20230506_0000_0005
MAINTENANCE_ENTRY_BLOCK,1683415800000,1683417300000,DAILY_SERVER_CLOSE_20230507_0000_0005
MAINTENANCE_ENTRY_BLOCK,1683416340000,1683417840000,SUNDAY_SERVER_CLOSE_20230507_0009_0019
MAINTENANCE_FORCE_FLAT,1683417300000,1683417900000,DAILY_SERVER_CLOSE_20230507_0000_0005
MAINTENANCE_FORCE_FLAT,1683417840000,1683418740000,SUNDAY_SERVER_CLOSE_20230507_0009_0019
MAINTENANCE_RECOVERY,1683417900000,1683418800000,DAILY_SERVER_CLOSE_20230507_0000_0005
MAINTENANCE_RECOVERY,1683418740000,1683419640000,SUNDAY_SERVER_CLOSE_20230507_0009_0019
MAINTENANCE_ENTRY_BLOCK,1683502200000,1683503700000,DAILY_SERVER_CLOSE_20230508_0000_0005
MAINTENANCE_FORCE_FLAT,1683503700000,1683504300000,DAILY_SERVER_CLOSE_20230508_0000_0005
MAINTENANCE_RECOVERY,1683504300000,1683505200000,DAILY_SERVER_CLOSE_20230508_0000_0005
MAINTENANCE_ENTRY_BLOCK,1683588600000,1683590100000,DAILY_SERVER_CLOSE_20230509_0000_0005
MAINTENANCE_FORCE_FLAT,1683590100000,1683590700000,DAILY_SERVER_CLOSE_20230509_0000_0005
MAINTENANCE_RECOVERY,1683590700000,1683591600000,DAILY_SERVER_CLOSE_20230509_0000_0005
MAINTENANCE_ENTRY_BLOCK,1683675000000,1683676500000,DAILY_SERVER_CLOSE_20230510_0000_0005
MAINTENANCE_FORCE_FLAT,1683676500000,1683677100000,DAILY_SERVER_CLOSE_20230510_0000_0005
MAINTENANCE_RECOVERY,1683677100000,1683678000000,DAILY_SERVER_CLOSE_20230510_0000_0005
KINGEA_ENTRY_BLACKOUT,1683730800000,1683733500000,840030005:171960
KINGEA_ENTRY_BLACKOUT,1683730800000,1683733500000,840030006:171972
KINGEA_ENTRY_BLACKOUT,1683730800000,1683733500000,840030007:171984
KINGEA_ENTRY_BLACKOUT,1683730800000,1683733500000,840030034:172264
KINGEA_ENTRY_BLACKOUT,1683730800000,1683733500000,840030035:172276
BROKER_HMR_SCHEDULED,1683731700000,1683732900000,840030005:171960
BROKER_HMR_SCHEDULED,1683731700000,1683732900000,840030006:171972
BROKER_HMR_SCHEDULED,1683731700000,1683732900000,840030007:171984
BROKER_HMR_SCHEDULED,1683731700000,1683732900000,840030034:172264
BROKER_HMR_SCHEDULED,1683731700000,1683732900000,840030035:172276
KINGEA_ENTRY_BLACKOUT,1683738000000,1683740700000,840200001:181971
BROKER_HMR_SCHEDULED,1683738900000,1683740100000,840200001:181971
KINGEA_ENTRY_BLACKOUT,1683747000000,1683749700000,840220014:180898
BROKER_HMR_SCHEDULED,1683747900000,1683749100000,840220014:180898
MAINTENANCE_ENTRY_BLOCK,1683761400000,1683762900000,DAILY_SERVER_CLOSE_20230511_0000_0005
MAINTENANCE_FORCE_FLAT,1683762900000,1683763500000,DAILY_SERVER_CLOSE_20230511_0000_0005
MAINTENANCE_RECOVERY,1683763500000,1683764400000,DAILY_SERVER_CLOSE_20230511_0000_0005
KINGEA_ENTRY_BLACKOUT,1683817200000,1683819900000,840030001:171912
KINGEA_ENTRY_BLACKOUT,1683817200000,1683819900000,840140001:182790
BROKER_HMR_SCHEDULED,1683818100000,1683819300000,840030001:171912
BROKER_HMR_SCHEDULED,1683818100000,1683819300000,840140001:182790
KINGEA_ENTRY_BLACKOUT,1683833400000,1683836100000,840220015:180901
BROKER_HMR_SCHEDULED,1683834300000,1683835500000,840220015:180901
MAINTENANCE_ENTRY_BLOCK,1683847800000,1683849300000,DAILY_SERVER_CLOSE_20230512_0000_0005
MAINTENANCE_FORCE_FLAT,1683849300000,1683849900000,DAILY_SERVER_CLOSE_20230512_0000_0005
MAINTENANCE_RECOVERY,1683849900000,1683850800000,DAILY_SERVER_CLOSE_20230512_0000_0005
MAINTENANCE_ENTRY_BLOCK,1683934200000,1683935700000,DAILY_SERVER_CLOSE_20230513_0000_0005
MAINTENANCE_FORCE_FLAT,1683935700000,1683936300000,DAILY_SERVER_CLOSE_20230513_0000_0005
MAINTENANCE_RECOVERY,1683936300000,1683937200000,DAILY_SERVER_CLOSE_20230513_0000_0005
MAINTENANCE_ENTRY_BLOCK,1684020600000,1684022100000,DAILY_SERVER_CLOSE_20230514_0000_0005
MAINTENANCE_ENTRY_BLOCK,1684021140000,1684022640000,SUNDAY_SERVER_CLOSE_20230514_0009_0019
MAINTENANCE_FORCE_FLAT,1684022100000,1684022700000,DAILY_SERVER_CLOSE_20230514_0000_0005
MAINTENANCE_FORCE_FLAT,1684022640000,1684023540000,SUNDAY_SERVER_CLOSE_20230514_0009_0019
MAINTENANCE_RECOVERY,1684022700000,1684023600000,DAILY_SERVER_CLOSE_20230514_0000_0005
MAINTENANCE_RECOVERY,1684023540000,1684024440000,SUNDAY_SERVER_CLOSE_20230514_0009_0019
MAINTENANCE_ENTRY_BLOCK,1684107000000,1684108500000,DAILY_SERVER_CLOSE_20230515_0000_0005
MAINTENANCE_FORCE_FLAT,1684108500000,1684109100000,DAILY_SERVER_CLOSE_20230515_0000_0005
MAINTENANCE_RECOVERY,1684109100000,1684110000000,DAILY_SERVER_CLOSE_20230515_0000_0005
MAINTENANCE_ENTRY_BLOCK,1684193400000,1684194900000,DAILY_SERVER_CLOSE_20230516_0000_0005
MAINTENANCE_FORCE_FLAT,1684194900000,1684195500000,DAILY_SERVER_CLOSE_20230516_0000_0005
MAINTENANCE_RECOVERY,1684195500000,1684196400000,DAILY_SERVER_CLOSE_20230516_0000_0005
KINGEA_ENTRY_BLACKOUT,1684249200000,1684251900000,840020010:172594
KINGEA_ENTRY_BLACKOUT,1684249200000,1684251900000,840020011:172606
BROKER_HMR_SCHEDULED,1684250100000,1684251300000,840020010:172594
BROKER_HMR_SCHEDULED,1684250100000,1684251300000,840020011:172606
MAINTENANCE_ENTRY_BLOCK,1684279800000,1684281300000,DAILY_SERVER_CLOSE_20230517_0000_0005
MAINTENANCE_FORCE_FLAT,1684281300000,1684281900000,DAILY_SERVER_CLOSE_20230517_0000_0005
MAINTENANCE_RECOVERY,1684281900000,1684282800000,DAILY_SERVER_CLOSE_20230517_0000_0005
KINGEA_ENTRY_BLACKOUT,1684342800000,1684345500000,840200001:182083
BROKER_HMR_SCHEDULED,1684343700000,1684344900000,840200001:182083
MAINTENANCE_ENTRY_BLOCK,1684366200000,1684367700000,DAILY_SERVER_CLOSE_20230518_0000_0005
MAINTENANCE_FORCE_FLAT,1684367700000,1684368300000,DAILY_SERVER_CLOSE_20230518_0000_0005
MAINTENANCE_RECOVERY,1684368300000,1684369200000,DAILY_SERVER_CLOSE_20230518_0000_0005
KINGEA_ENTRY_BLACKOUT,1684422000000,1684424700000,840070001:174547
KINGEA_ENTRY_BLACKOUT,1684422000000,1684424700000,840140001:182791
BROKER_HMR_SCHEDULED,1684422900000,1684424100000,840070001:174547
BROKER_HMR_SCHEDULED,1684422900000,1684424100000,840140001:182791
KINGEA_ENTRY_BLACKOUT,1684427400000,1684430100000,840120001:173311
BROKER_HMR_SCHEDULED,1684428300000,1684429500000,840120001:173311
MAINTENANCE_ENTRY_BLOCK,1684452600000,1684454100000,DAILY_SERVER_CLOSE_20230519_0000_0005
MAINTENANCE_FORCE_FLAT,1684454100000,1684454700000,DAILY_SERVER_CLOSE_20230519_0000_0005
MAINTENANCE_RECOVERY,1684454700000,1684455600000,DAILY_SERVER_CLOSE_20230519_0000_0005
KINGEA_ENTRY_BLACKOUT,1684517400000,1684520100000,840050022:183858
BROKER_HMR_SCHEDULED,1684518300000,1684519500000,840050022:183858
MAINTENANCE_ENTRY_BLOCK,1684539000000,1684540500000,DAILY_SERVER_CLOSE_20230520_0000_0005
MAINTENANCE_FORCE_FLAT,1684540500000,1684541100000,DAILY_SERVER_CLOSE_20230520_0000_0005
MAINTENANCE_RECOVERY,1684541100000,1684542000000,DAILY_SERVER_CLOSE_20230520_0000_0005
MAINTENANCE_ENTRY_BLOCK,1684625400000,1684626900000,DAILY_SERVER_CLOSE_20230521_0000_0005
MAINTENANCE_ENTRY_BLOCK,1684625940000,1684627440000,SUNDAY_SERVER_CLOSE_20230521_0009_0019
MAINTENANCE_FORCE_FLAT,1684626900000,1684627500000,DAILY_SERVER_CLOSE_20230521_0000_0005
MAINTENANCE_FORCE_FLAT,1684627440000,1684628340000,SUNDAY_SERVER_CLOSE_20230521_0009_0019
MAINTENANCE_RECOVERY,1684627500000,1684628400000,DAILY_SERVER_CLOSE_20230521_0000_0005
MAINTENANCE_RECOVERY,1684628340000,1684629240000,SUNDAY_SERVER_CLOSE_20230521_0009_0019
MAINTENANCE_ENTRY_BLOCK,1684711800000,1684713300000,DAILY_SERVER_CLOSE_20230522_0000_0005
MAINTENANCE_FORCE_FLAT,1684713300000,1684713900000,DAILY_SERVER_CLOSE_20230522_0000_0005
MAINTENANCE_RECOVERY,1684713900000,1684714800000,DAILY_SERVER_CLOSE_20230522_0000_0005
MAINTENANCE_ENTRY_BLOCK,1684798200000,1684799700000,DAILY_SERVER_CLOSE_20230523_0000_0005
MAINTENANCE_FORCE_FLAT,1684799700000,1684800300000,DAILY_SERVER_CLOSE_20230523_0000_0005
MAINTENANCE_RECOVERY,1684800300000,1684801200000,DAILY_SERVER_CLOSE_20230523_0000_0005
KINGEA_ENTRY_BLACKOUT,1684858500000,1684861200000,840500001:183343
KINGEA_ENTRY_BLACKOUT,1684858500000,1684861200000,840500002:183344
BROKER_HMR_SCHEDULED,1684859400000,1684860600000,840500001:183343
BROKER_HMR_SCHEDULED,1684859400000,1684860600000,840500002:183344
KINGEA_ENTRY_BLACKOUT,1684859400000,1684862100000,840020008:172570
BROKER_HMR_SCHEDULED,1684860300000,1684861500000,840020008:172570
MAINTENANCE_ENTRY_BLOCK,1684884600000,1684886100000,DAILY_SERVER_CLOSE_20230524_0000_0005
MAINTENANCE_FORCE_FLAT,1684886100000,1684886700000,DAILY_SERVER_CLOSE_20230524_0000_0005
MAINTENANCE_RECOVERY,1684886700000,1684887600000,DAILY_SERVER_CLOSE_20230524_0000_0005
KINGEA_ENTRY_BLACKOUT,1684947600000,1684950300000,840200001:182199
BROKER_HMR_SCHEDULED,1684948500000,1684949700000,840200001:182199
MAINTENANCE_ENTRY_BLOCK,1684971000000,1684972500000,DAILY_SERVER_CLOSE_20230525_0000_0005
MAINTENANCE_FORCE_FLAT,1684972500000,1684973100000,DAILY_SERVER_CLOSE_20230525_0000_0005
MAINTENANCE_RECOVERY,1684973100000,1684974000000,DAILY_SERVER_CLOSE_20230525_0000_0005
KINGEA_ENTRY_BLACKOUT,1685026800000,1685029500000,840010007:179463
KINGEA_ENTRY_BLACKOUT,1685026800000,1685029500000,840010018:179546
KINGEA_ENTRY_BLACKOUT,1685026800000,1685029500000,840140001:182792
BROKER_HMR_SCHEDULED,1685027700000,1685028900000,840010007:179463
BROKER_HMR_SCHEDULED,1685027700000,1685028900000,840010018:179546
BROKER_HMR_SCHEDULED,1685027700000,1685028900000,840140001:182792
MAINTENANCE_ENTRY_BLOCK,1685057400000,1685058900000,DAILY_SERVER_CLOSE_20230526_0000_0005
MAINTENANCE_FORCE_FLAT,1685058900000,1685059500000,DAILY_SERVER_CLOSE_20230526_0000_0005
MAINTENANCE_RECOVERY,1685059500000,1685060400000,DAILY_SERVER_CLOSE_20230526_0000_0005
KINGEA_ENTRY_BLACKOUT,1685113200000,1685115900000,840010001:179391
KINGEA_ENTRY_BLACKOUT,1685113200000,1685115900000,840010002:179403
KINGEA_ENTRY_BLACKOUT,1685113200000,1685115900000,840020013:172630
BROKER_HMR_SCHEDULED,1685114100000,1685115300000,840010001:179391
BROKER_HMR_SCHEDULED,1685114100000,1685115300000,840010002:179403
BROKER_HMR_SCHEDULED,1685114100000,1685115300000,840020013:172630
MAINTENANCE_ENTRY_BLOCK,1685143800000,1685145300000,DAILY_SERVER_CLOSE_20230527_0000_0005
MAINTENANCE_FORCE_FLAT,1685145300000,1685145900000,DAILY_SERVER_CLOSE_20230527_0000_0005
MAINTENANCE_RECOVERY,1685145900000,1685146800000,DAILY_SERVER_CLOSE_20230527_0000_0005
MAINTENANCE_ENTRY_BLOCK,1685230200000,1685231700000,DAILY_SERVER_CLOSE_20230528_0000_0005
MAINTENANCE_ENTRY_BLOCK,1685230740000,1685232240000,SUNDAY_SERVER_CLOSE_20230528_0009_0019
MAINTENANCE_FORCE_FLAT,1685231700000,1685232300000,DAILY_SERVER_CLOSE_20230528_0000_0005
MAINTENANCE_FORCE_FLAT,1685232240000,1685233140000,SUNDAY_SERVER_CLOSE_20230528_0009_0019
MAINTENANCE_RECOVERY,1685232300000,1685233200000,DAILY_SERVER_CLOSE_20230528_0000_0005
MAINTENANCE_RECOVERY,1685233140000,1685234040000,SUNDAY_SERVER_CLOSE_20230528_0009_0019
MAINTENANCE_ENTRY_BLOCK,1685316600000,1685318100000,DAILY_SERVER_CLOSE_20230529_0000_0005
MAINTENANCE_FORCE_FLAT,1685318100000,1685318700000,DAILY_SERVER_CLOSE_20230529_0000_0005
MAINTENANCE_RECOVERY,1685318700000,1685319600000,DAILY_SERVER_CLOSE_20230529_0000_0005
MAINTENANCE_ENTRY_BLOCK,1685403000000,1685404500000,DAILY_SERVER_CLOSE_20230530_0000_0005
MAINTENANCE_FORCE_FLAT,1685404500000,1685405100000,DAILY_SERVER_CLOSE_20230530_0000_0005
MAINTENANCE_RECOVERY,1685405100000,1685406000000,DAILY_SERVER_CLOSE_20230530_0000_0005
KINGEA_ENTRY_BLACKOUT,1685464200000,1685466900000,840180002:178031
BROKER_HMR_SCHEDULED,1685465100000,1685466300000,840180002:178031
MAINTENANCE_ENTRY_BLOCK,1685489400000,1685490900000,DAILY_SERVER_CLOSE_20230531_0000_0005
MAINTENANCE_FORCE_FLAT,1685490900000,1685491500000,DAILY_SERVER_CLOSE_20230531_0000_0005
MAINTENANCE_RECOVERY,1685491500000,1685492400000,DAILY_SERVER_CLOSE_20230531_0000_0005
KINGEA_ENTRY_BLACKOUT,1685549700000,1685552400000,840510001:182770
BROKER_HMR_SCHEDULED,1685550600000,1685551800000,840510001:182770
KINGEA_ENTRY_BLACKOUT,1685550600000,1685553300000,840030021:174400
BROKER_HMR_SCHEDULED,1685551500000,1685552700000,840030021:174400
MAINTENANCE_ENTRY_BLOCK,1685575800000,1685577300000,DAILY_SERVER_CLOSE_20230601_0000_0005
MAINTENANCE_FORCE_FLAT,1685577300000,1685577900000,DAILY_SERVER_CLOSE_20230601_0000_0005
MAINTENANCE_RECOVERY,1685577900000,1685578800000,DAILY_SERVER_CLOSE_20230601_0000_0005
KINGEA_ENTRY_BLACKOUT,1685630700000,1685633400000,840190001:179642
BROKER_HMR_SCHEDULED,1685631600000,1685632800000,840190001:179642
KINGEA_ENTRY_BLACKOUT,1685631600000,1685634300000,840140001:183566
BROKER_HMR_SCHEDULED,1685632500000,1685633700000,840140001:183566
KINGEA_ENTRY_BLACKOUT,1685636100000,1685638800000,840500001:183625
BROKER_HMR_SCHEDULED,1685637000000,1685638200000,840500001:183625
KINGEA_ENTRY_BLACKOUT,1685637000000,1685639700000,840040001:163070
KINGEA_ENTRY_BLACKOUT,1685637000000,1685639700000,840040002:163082
BROKER_HMR_SCHEDULED,1685637900000,1685639100000,840040001:163070
BROKER_HMR_SCHEDULED,1685637900000,1685639100000,840040002:163082
KINGEA_ENTRY_BLACKOUT,1685640600000,1685643300000,840200001:182519
BROKER_HMR_SCHEDULED,1685641500000,1685642700000,840200001:182519
MAINTENANCE_ENTRY_BLOCK,1685662200000,1685663700000,DAILY_SERVER_CLOSE_20230602_0000_0005
MAINTENANCE_FORCE_FLAT,1685663700000,1685664300000,DAILY_SERVER_CLOSE_20230602_0000_0005
MAINTENANCE_RECOVERY,1685664300000,1685665200000,DAILY_SERVER_CLOSE_20230602_0000_0005
KINGEA_ENTRY_BLACKOUT,1685718000000,1685720700000,840030015:172081
KINGEA_ENTRY_BLACKOUT,1685718000000,1685720700000,840030016:172093
KINGEA_ENTRY_BLACKOUT,1685718000000,1685720700000,840030018:172117
BROKER_HMR_SCHEDULED,1685718900000,1685720100000,840030015:172081
BROKER_HMR_SCHEDULED,1685718900000,1685720100000,840030016:172093
BROKER_HMR_SCHEDULED,1685718900000,1685720100000,840030018:172117
MAINTENANCE_ENTRY_BLOCK,1685748600000,1685750100000,DAILY_SERVER_CLOSE_20230603_0000_0005
MAINTENANCE_FORCE_FLAT,1685750100000,1685750700000,DAILY_SERVER_CLOSE_20230603_0000_0005
MAINTENANCE_RECOVERY,1685750700000,1685751600000,DAILY_SERVER_CLOSE_20230603_0000_0005
MAINTENANCE_ENTRY_BLOCK,1685835000000,1685836500000,DAILY_SERVER_CLOSE_20230604_0000_0005
MAINTENANCE_ENTRY_BLOCK,1685835540000,1685837040000,SUNDAY_SERVER_CLOSE_20230604_0009_0019
MAINTENANCE_FORCE_FLAT,1685836500000,1685837100000,DAILY_SERVER_CLOSE_20230604_0000_0005
MAINTENANCE_FORCE_FLAT,1685837040000,1685837940000,SUNDAY_SERVER_CLOSE_20230604_0009_0019
MAINTENANCE_RECOVERY,1685837100000,1685838000000,DAILY_SERVER_CLOSE_20230604_0000_0005
MAINTENANCE_RECOVERY,1685837940000,1685838840000,SUNDAY_SERVER_CLOSE_20230604_0009_0019
MAINTENANCE_ENTRY_BLOCK,1685921400000,1685922900000,DAILY_SERVER_CLOSE_20230605_0000_0005
MAINTENANCE_FORCE_FLAT,1685922900000,1685923500000,DAILY_SERVER_CLOSE_20230605_0000_0005
MAINTENANCE_RECOVERY,1685923500000,1685924400000,DAILY_SERVER_CLOSE_20230605_0000_0005
KINGEA_ENTRY_BLACKOUT,1685981700000,1685984400000,840500002:183812
BROKER_HMR_SCHEDULED,1685982600000,1685983800000,840500002:183812
KINGEA_ENTRY_BLACKOUT,1685982600000,1685985300000,840040003:181034
KINGEA_ENTRY_BLACKOUT,1685982600000,1685985300000,840040008:181051
BROKER_HMR_SCHEDULED,1685983500000,1685984700000,840040003:181034
BROKER_HMR_SCHEDULED,1685983500000,1685984700000,840040008:181051
MAINTENANCE_ENTRY_BLOCK,1686007800000,1686009300000,DAILY_SERVER_CLOSE_20230606_0000_0005
MAINTENANCE_FORCE_FLAT,1686009300000,1686009900000,DAILY_SERVER_CLOSE_20230606_0000_0005
MAINTENANCE_RECOVERY,1686009900000,1686010800000,DAILY_SERVER_CLOSE_20230606_0000_0005
MAINTENANCE_ENTRY_BLOCK,1686094200000,1686095700000,DAILY_SERVER_CLOSE_20230607_0000_0005
MAINTENANCE_FORCE_FLAT,1686095700000,1686096300000,DAILY_SERVER_CLOSE_20230607_0000_0005
MAINTENANCE_RECOVERY,1686096300000,1686097200000,DAILY_SERVER_CLOSE_20230607_0000_0005
KINGEA_ENTRY_BLACKOUT,1686157200000,1686159900000,840200001:182873
BROKER_HMR_SCHEDULED,1686158100000,1686159300000,840200001:182873
MAINTENANCE_ENTRY_BLOCK,1686180600000,1686182100000,DAILY_SERVER_CLOSE_20230608_0000_0005
MAINTENANCE_FORCE_FLAT,1686182100000,1686182700000,DAILY_SERVER_CLOSE_20230608_0000_0005
MAINTENANCE_RECOVERY,1686182700000,1686183600000,DAILY_SERVER_CLOSE_20230608_0000_0005
KINGEA_ENTRY_BLACKOUT,1686236400000,1686239100000,840140001:183567
BROKER_HMR_SCHEDULED,1686237300000,1686238500000,840140001:183567
MAINTENANCE_ENTRY_BLOCK,1686267000000,1686268500000,DAILY_SERVER_CLOSE_20230609_0000_0005
MAINTENANCE_FORCE_FLAT,1686268500000,1686269100000,DAILY_SERVER_CLOSE_20230609_0000_0005
MAINTENANCE_RECOVERY,1686269100000,1686270000000,DAILY_SERVER_CLOSE_20230609_0000_0005
MAINTENANCE_ENTRY_BLOCK,1686353400000,1686354900000,DAILY_SERVER_CLOSE_20230610_0000_0005
MAINTENANCE_FORCE_FLAT,1686354900000,1686355500000,DAILY_SERVER_CLOSE_20230610_0000_0005
MAINTENANCE_RECOVERY,1686355500000,1686356400000,DAILY_SERVER_CLOSE_20230610_0000_0005
MAINTENANCE_ENTRY_BLOCK,1686439800000,1686441300000,DAILY_SERVER_CLOSE_20230611_0000_0005
MAINTENANCE_ENTRY_BLOCK,1686440340000,1686441840000,SUNDAY_SERVER_CLOSE_20230611_0009_0019
MAINTENANCE_FORCE_FLAT,1686441300000,1686441900000,DAILY_SERVER_CLOSE_20230611_0000_0005
MAINTENANCE_FORCE_FLAT,1686441840000,1686442740000,SUNDAY_SERVER_CLOSE_20230611_0009_0019
MAINTENANCE_RECOVERY,1686441900000,1686442800000,DAILY_SERVER_CLOSE_20230611_0000_0005
MAINTENANCE_RECOVERY,1686442740000,1686443640000,SUNDAY_SERVER_CLOSE_20230611_0009_0019
MAINTENANCE_ENTRY_BLOCK,1686526200000,1686527700000,DAILY_SERVER_CLOSE_20230612_0000_0005
MAINTENANCE_FORCE_FLAT,1686527700000,1686528300000,DAILY_SERVER_CLOSE_20230612_0000_0005
MAINTENANCE_RECOVERY,1686528300000,1686529200000,DAILY_SERVER_CLOSE_20230612_0000_0005
KINGEA_ENTRY_BLACKOUT,1686598200000,1686600900000,840220014:180899
BROKER_HMR_SCHEDULED,1686599100000,1686600300000,840220014:180899
MAINTENANCE_ENTRY_BLOCK,1686612600000,1686614100000,DAILY_SERVER_CLOSE_20230613_0000_0005
MAINTENANCE_FORCE_FLAT,1686614100000,1686614700000,DAILY_SERVER_CLOSE_20230613_0000_0005
MAINTENANCE_RECOVERY,1686614700000,1686615600000,DAILY_SERVER_CLOSE_20230613_0000_0005
KINGEA_ENTRY_BLACKOUT,1686668400000,1686671100000,840030005:171961
KINGEA_ENTRY_BLACKOUT,1686668400000,1686671100000,840030006:171973
KINGEA_ENTRY_BLACKOUT,1686668400000,1686671100000,840030007:171985
KINGEA_ENTRY_BLACKOUT,1686668400000,1686671100000,840030034:172265
KINGEA_ENTRY_BLACKOUT,1686668400000,1686671100000,840030035:172277
BROKER_HMR_SCHEDULED,1686669300000,1686670500000,840030005:171961
BROKER_HMR_SCHEDULED,1686669300000,1686670500000,840030006:171973
BROKER_HMR_SCHEDULED,1686669300000,1686670500000,840030007:171985
BROKER_HMR_SCHEDULED,1686669300000,1686670500000,840030034:172265
BROKER_HMR_SCHEDULED,1686669300000,1686670500000,840030035:172277
KINGEA_ENTRY_BLACKOUT,1686684600000,1686687300000,840220015:180902
BROKER_HMR_SCHEDULED,1686685500000,1686686700000,840220015:180902
MAINTENANCE_ENTRY_BLOCK,1686699000000,1686700500000,DAILY_SERVER_CLOSE_20230614_0000_0005
MAINTENANCE_FORCE_FLAT,1686700500000,1686701100000,DAILY_SERVER_CLOSE_20230614_0000_0005
MAINTENANCE_RECOVERY,1686701100000,1686702000000,DAILY_SERVER_CLOSE_20230614_0000_0005
KINGEA_ENTRY_BLACKOUT,1686754800000,1686757500000,840030001:171913
BROKER_HMR_SCHEDULED,1686755700000,1686756900000,840030001:171913
KINGEA_ENTRY_BLACKOUT,1686762000000,1686764700000,840200001:182968
BROKER_HMR_SCHEDULED,1686762900000,1686764100000,840200001:182968
KINGEA_ENTRY_BLACKOUT,1686774600000,1686777300000,840050014:168633
BROKER_HMR_SCHEDULED,1686775500000,1686776700000,840050014:168633
KINGEA_ENTRY_BLACKOUT,1686776400000,1686779100000,840050018:168641
BROKER_HMR_SCHEDULED,1686777300000,1686778500000,840050018:168641
MAINTENANCE_ENTRY_BLOCK,1686785400000,1686786900000,DAILY_SERVER_CLOSE_20230615_0000_0005
MAINTENANCE_FORCE_FLAT,1686786900000,1686787500000,DAILY_SERVER_CLOSE_20230615_0000_0005
MAINTENANCE_RECOVERY,1686787500000,1686788400000,DAILY_SERVER_CLOSE_20230615_0000_0005
KINGEA_ENTRY_BLACKOUT,1686841200000,1686843900000,840020010:172595
KINGEA_ENTRY_BLACKOUT,1686841200000,1686843900000,840020011:172607
KINGEA_ENTRY_BLACKOUT,1686841200000,1686843900000,840070001:174548
KINGEA_ENTRY_BLACKOUT,1686841200000,1686843900000,840140001:183568
BROKER_HMR_SCHEDULED,1686842100000,1686843300000,840020010:172595
BROKER_HMR_SCHEDULED,1686842100000,1686843300000,840020011:172607
BROKER_HMR_SCHEDULED,1686842100000,1686843300000,840070001:174548
BROKER_HMR_SCHEDULED,1686842100000,1686843300000,840140001:183568
MAINTENANCE_ENTRY_BLOCK,1686871800000,1686873300000,DAILY_SERVER_CLOSE_20230616_0000_0005
MAINTENANCE_FORCE_FLAT,1686873300000,1686873900000,DAILY_SERVER_CLOSE_20230616_0000_0005
MAINTENANCE_RECOVERY,1686873900000,1686874800000,DAILY_SERVER_CLOSE_20230616_0000_0005
MAINTENANCE_ENTRY_BLOCK,1686958200000,1686959700000,DAILY_SERVER_CLOSE_20230617_0000_0005
MAINTENANCE_FORCE_FLAT,1686959700000,1686960300000,DAILY_SERVER_CLOSE_20230617_0000_0005
MAINTENANCE_RECOVERY,1686960300000,1686961200000,DAILY_SERVER_CLOSE_20230617_0000_0005
MAINTENANCE_ENTRY_BLOCK,1687044600000,1687046100000,DAILY_SERVER_CLOSE_20230618_0000_0005
MAINTENANCE_ENTRY_BLOCK,1687045140000,1687046640000,SUNDAY_SERVER_CLOSE_20230618_0009_0019
MAINTENANCE_FORCE_FLAT,1687046100000,1687046700000,DAILY_SERVER_CLOSE_20230618_0000_0005
MAINTENANCE_FORCE_FLAT,1687046640000,1687047540000,SUNDAY_SERVER_CLOSE_20230618_0009_0019
MAINTENANCE_RECOVERY,1687046700000,1687047600000,DAILY_SERVER_CLOSE_20230618_0000_0005
MAINTENANCE_RECOVERY,1687047540000,1687048440000,SUNDAY_SERVER_CLOSE_20230618_0009_0019
MAINTENANCE_ENTRY_BLOCK,1687131000000,1687132500000,DAILY_SERVER_CLOSE_20230619_0000_0005
MAINTENANCE_FORCE_FLAT,1687132500000,1687133100000,DAILY_SERVER_CLOSE_20230619_0000_0005
MAINTENANCE_RECOVERY,1687133100000,1687134000000,DAILY_SERVER_CLOSE_20230619_0000_0005
MAINTENANCE_ENTRY_BLOCK,1687217400000,1687218900000,DAILY_SERVER_CLOSE_20230620_0000_0005
MAINTENANCE_FORCE_FLAT,1687218900000,1687219500000,DAILY_SERVER_CLOSE_20230620_0000_0005
MAINTENANCE_RECOVERY,1687219500000,1687220400000,DAILY_SERVER_CLOSE_20230620_0000_0005
MAINTENANCE_ENTRY_BLOCK,1687303800000,1687305300000,DAILY_SERVER_CLOSE_20230621_0000_0005
MAINTENANCE_FORCE_FLAT,1687305300000,1687305900000,DAILY_SERVER_CLOSE_20230621_0000_0005
MAINTENANCE_RECOVERY,1687305900000,1687306800000,DAILY_SERVER_CLOSE_20230621_0000_0005
KINGEA_ENTRY_BLACKOUT,1687365000000,1687367700000,840050021:184575
BROKER_HMR_SCHEDULED,1687365900000,1687367100000,840050021:184575
MAINTENANCE_ENTRY_BLOCK,1687390200000,1687391700000,DAILY_SERVER_CLOSE_20230622_0000_0005
MAINTENANCE_FORCE_FLAT,1687391700000,1687392300000,DAILY_SERVER_CLOSE_20230622_0000_0005
MAINTENANCE_RECOVERY,1687392300000,1687393200000,DAILY_SERVER_CLOSE_20230622_0000_0005
KINGEA_ENTRY_BLACKOUT,1687446000000,1687448700000,840140001:183569
BROKER_HMR_SCHEDULED,1687446900000,1687448100000,840140001:183569
KINGEA_ENTRY_BLACKOUT,1687451400000,1687454100000,840050021:184576
KINGEA_ENTRY_BLACKOUT,1687451400000,1687454100000,840120001:173312
BROKER_HMR_SCHEDULED,1687452300000,1687453500000,840050021:184576
BROKER_HMR_SCHEDULED,1687452300000,1687453500000,840120001:173312
KINGEA_ENTRY_BLACKOUT,1687455000000,1687457700000,840200001:183119
BROKER_HMR_SCHEDULED,1687455900000,1687457100000,840200001:183119
MAINTENANCE_ENTRY_BLOCK,1687476600000,1687478100000,DAILY_SERVER_CLOSE_20230623_0000_0005
MAINTENANCE_FORCE_FLAT,1687478100000,1687478700000,DAILY_SERVER_CLOSE_20230623_0000_0005
MAINTENANCE_RECOVERY,1687478700000,1687479600000,DAILY_SERVER_CLOSE_20230623_0000_0005
KINGEA_ENTRY_BLACKOUT,1687536900000,1687539600000,840500001:184004
KINGEA_ENTRY_BLACKOUT,1687536900000,1687539600000,840500002:184005
BROKER_HMR_SCHEDULED,1687537800000,1687539000000,840500001:184004
BROKER_HMR_SCHEDULED,1687537800000,1687539000000,840500002:184005
MAINTENANCE_ENTRY_BLOCK,1687563000000,1687564500000,DAILY_SERVER_CLOSE_20230624_0000_0005
MAINTENANCE_FORCE_FLAT,1687564500000,1687565100000,DAILY_SERVER_CLOSE_20230624_0000_0005
MAINTENANCE_RECOVERY,1687565100000,1687566000000,DAILY_SERVER_CLOSE_20230624_0000_0005
MAINTENANCE_ENTRY_BLOCK,1687649400000,1687650900000,DAILY_SERVER_CLOSE_20230625_0000_0005
MAINTENANCE_ENTRY_BLOCK,1687649940000,1687651440000,SUNDAY_SERVER_CLOSE_20230625_0009_0019
MAINTENANCE_FORCE_FLAT,1687650900000,1687651500000,DAILY_SERVER_CLOSE_20230625_0000_0005
MAINTENANCE_FORCE_FLAT,1687651440000,1687652340000,SUNDAY_SERVER_CLOSE_20230625_0009_0019
MAINTENANCE_RECOVERY,1687651500000,1687652400000,DAILY_SERVER_CLOSE_20230625_0000_0005
MAINTENANCE_RECOVERY,1687652340000,1687653240000,SUNDAY_SERVER_CLOSE_20230625_0009_0019
MAINTENANCE_ENTRY_BLOCK,1687735800000,1687737300000,DAILY_SERVER_CLOSE_20230626_0000_0005
MAINTENANCE_FORCE_FLAT,1687737300000,1687737900000,DAILY_SERVER_CLOSE_20230626_0000_0005
MAINTENANCE_RECOVERY,1687737900000,1687738800000,DAILY_SERVER_CLOSE_20230626_0000_0005
MAINTENANCE_ENTRY_BLOCK,1687822200000,1687823700000,DAILY_SERVER_CLOSE_20230627_0000_0005
MAINTENANCE_FORCE_FLAT,1687823700000,1687824300000,DAILY_SERVER_CLOSE_20230627_0000_0005
MAINTENANCE_RECOVERY,1687824300000,1687825200000,DAILY_SERVER_CLOSE_20230627_0000_0005
KINGEA_ENTRY_BLACKOUT,1687878000000,1687880700000,840020013:172631
BROKER_HMR_SCHEDULED,1687878900000,1687880100000,840020013:172631
KINGEA_ENTRY_BLACKOUT,1687883400000,1687886100000,840020008:172571
KINGEA_ENTRY_BLACKOUT,1687883400000,1687886100000,840180002:178032
BROKER_HMR_SCHEDULED,1687884300000,1687885500000,840020008:172571
BROKER_HMR_SCHEDULED,1687884300000,1687885500000,840180002:178032
MAINTENANCE_ENTRY_BLOCK,1687908600000,1687910100000,DAILY_SERVER_CLOSE_20230628_0000_0005
MAINTENANCE_FORCE_FLAT,1687910100000,1687910700000,DAILY_SERVER_CLOSE_20230628_0000_0005
MAINTENANCE_RECOVERY,1687910700000,1687911600000,DAILY_SERVER_CLOSE_20230628_0000_0005
KINGEA_ENTRY_BLACKOUT,1687968000000,1687970700000,840050022:184711
BROKER_HMR_SCHEDULED,1687968900000,1687970100000,840050022:184711
KINGEA_ENTRY_BLACKOUT,1687971600000,1687974300000,840200001:183356
BROKER_HMR_SCHEDULED,1687972500000,1687973700000,840200001:183356
MAINTENANCE_ENTRY_BLOCK,1687995000000,1687996500000,DAILY_SERVER_CLOSE_20230629_0000_0005
MAINTENANCE_FORCE_FLAT,1687996500000,1687997100000,DAILY_SERVER_CLOSE_20230629_0000_0005
MAINTENANCE_RECOVERY,1687997100000,1687998000000,DAILY_SERVER_CLOSE_20230629_0000_0005
KINGEA_ENTRY_BLACKOUT,1688029200000,1688031900000,840050022:184712
BROKER_HMR_SCHEDULED,1688030100000,1688031300000,840050022:184712
KINGEA_ENTRY_BLACKOUT,1688050800000,1688053500000,840010007:179464
KINGEA_ENTRY_BLACKOUT,1688050800000,1688053500000,840010018:179547
KINGEA_ENTRY_BLACKOUT,1688050800000,1688053500000,840140001:183570
BROKER_HMR_SCHEDULED,1688051700000,1688052900000,840010007:179464
BROKER_HMR_SCHEDULED,1688051700000,1688052900000,840010018:179547
BROKER_HMR_SCHEDULED,1688051700000,1688052900000,840140001:183570
MAINTENANCE_ENTRY_BLOCK,1688081400000,1688082900000,DAILY_SERVER_CLOSE_20230630_0000_0005
MAINTENANCE_FORCE_FLAT,1688082900000,1688083500000,DAILY_SERVER_CLOSE_20230630_0000_0005
MAINTENANCE_RECOVERY,1688083500000,1688084400000,DAILY_SERVER_CLOSE_20230630_0000_0005
KINGEA_ENTRY_BLACKOUT,1688137200000,1688139900000,840010001:179392
KINGEA_ENTRY_BLACKOUT,1688137200000,1688139900000,840010002:179404
BROKER_HMR_SCHEDULED,1688138100000,1688139300000,840010001:179392
BROKER_HMR_SCHEDULED,1688138100000,1688139300000,840010002:179404
KINGEA_ENTRY_BLACKOUT,1688141700000,1688144400000,840510001:183541
BROKER_HMR_SCHEDULED,1688142600000,1688143800000,840510001:183541
MAINTENANCE_ENTRY_BLOCK,1688167800000,1688169300000,DAILY_SERVER_CLOSE_20230701_0000_0005
MAINTENANCE_FORCE_FLAT,1688169300000,1688169900000,DAILY_SERVER_CLOSE_20230701_0000_0005
MAINTENANCE_RECOVERY,1688169900000,1688170800000,DAILY_SERVER_CLOSE_20230701_0000_0005
MAINTENANCE_ENTRY_BLOCK,1688254200000,1688255700000,DAILY_SERVER_CLOSE_20230702_0000_0005
MAINTENANCE_ENTRY_BLOCK,1688254740000,1688256240000,SUNDAY_SERVER_CLOSE_20230702_0009_0019
MAINTENANCE_FORCE_FLAT,1688255700000,1688256300000,DAILY_SERVER_CLOSE_20230702_0000_0005
MAINTENANCE_FORCE_FLAT,1688256240000,1688257140000,SUNDAY_SERVER_CLOSE_20230702_0009_0019
MAINTENANCE_RECOVERY,1688256300000,1688257200000,DAILY_SERVER_CLOSE_20230702_0000_0005
MAINTENANCE_RECOVERY,1688257140000,1688258040000,SUNDAY_SERVER_CLOSE_20230702_0009_0019
MAINTENANCE_ENTRY_BLOCK,1688340600000,1688342100000,DAILY_SERVER_CLOSE_20230703_0000_0005
MAINTENANCE_FORCE_FLAT,1688342100000,1688342700000,DAILY_SERVER_CLOSE_20230703_0000_0005
MAINTENANCE_RECOVERY,1688342700000,1688343600000,DAILY_SERVER_CLOSE_20230703_0000_0005
KINGEA_ENTRY_BLACKOUT,1688400900000,1688403600000,840500001:184394
BROKER_HMR_SCHEDULED,1688401800000,1688403000000,840500001:184394
KINGEA_ENTRY_BLACKOUT,1688401800000,1688404500000,840040001:181027
KINGEA_ENTRY_BLACKOUT,1688401800000,1688404500000,840040002:181031
BROKER_HMR_SCHEDULED,1688402700000,1688403900000,840040001:181027
BROKER_HMR_SCHEDULED,1688402700000,1688403900000,840040002:181031
MAINTENANCE_ENTRY_BLOCK,1688427000000,1688428500000,DAILY_SERVER_CLOSE_20230704_0000_0005
MAINTENANCE_FORCE_FLAT,1688428500000,1688429100000,DAILY_SERVER_CLOSE_20230704_0000_0005
MAINTENANCE_RECOVERY,1688429100000,1688430000000,DAILY_SERVER_CLOSE_20230704_0000_0005
MAINTENANCE_ENTRY_BLOCK,1688513400000,1688514900000,DAILY_SERVER_CLOSE_20230705_0000_0005
MAINTENANCE_FORCE_FLAT,1688514900000,1688515500000,DAILY_SERVER_CLOSE_20230705_0000_0005
MAINTENANCE_RECOVERY,1688515500000,1688516400000,DAILY_SERVER_CLOSE_20230705_0000_0005
MAINTENANCE_ENTRY_BLOCK,1688599800000,1688601300000,DAILY_SERVER_CLOSE_20230706_0000_0005
MAINTENANCE_FORCE_FLAT,1688601300000,1688601900000,DAILY_SERVER_CLOSE_20230706_0000_0005
MAINTENANCE_RECOVERY,1688601900000,1688602800000,DAILY_SERVER_CLOSE_20230706_0000_0005
KINGEA_ENTRY_BLACKOUT,1688654700000,1688657400000,840190001:179643
BROKER_HMR_SCHEDULED,1688655600000,1688656800000,840190001:179643
KINGEA_ENTRY_BLACKOUT,1688655600000,1688658300000,840140001:184301
BROKER_HMR_SCHEDULED,1688656500000,1688657700000,840140001:184301
KINGEA_ENTRY_BLACKOUT,1688660100000,1688662800000,840500002:184438
BROKER_HMR_SCHEDULED,1688661000000,1688662200000,840500002:184438
KINGEA_ENTRY_BLACKOUT,1688661000000,1688663700000,840030021:174401
KINGEA_ENTRY_BLACKOUT,1688661000000,1688663700000,840040003:163096
KINGEA_ENTRY_BLACKOUT,1688661000000,1688663700000,840040008:163159
BROKER_HMR_SCHEDULED,1688661900000,1688663100000,840030021:174401
BROKER_HMR_SCHEDULED,1688661900000,1688663100000,840040003:163096
BROKER_HMR_SCHEDULED,1688661900000,1688663100000,840040008:163159
KINGEA_ENTRY_BLACKOUT,1688664600000,1688667300000,840200001:183741
BROKER_HMR_SCHEDULED,1688665500000,1688666700000,840200001:183741
MAINTENANCE_ENTRY_BLOCK,1688686200000,1688687700000,DAILY_SERVER_CLOSE_20230707_0000_0005
MAINTENANCE_FORCE_FLAT,1688687700000,1688688300000,DAILY_SERVER_CLOSE_20230707_0000_0005
MAINTENANCE_RECOVERY,1688688300000,1688689200000,DAILY_SERVER_CLOSE_20230707_0000_0005
KINGEA_ENTRY_BLACKOUT,1688742000000,1688744700000,840030015:172082
KINGEA_ENTRY_BLACKOUT,1688742000000,1688744700000,840030016:172094
KINGEA_ENTRY_BLACKOUT,1688742000000,1688744700000,840030018:172118
BROKER_HMR_SCHEDULED,1688742900000,1688744100000,840030015:172082
BROKER_HMR_SCHEDULED,1688742900000,1688744100000,840030016:172094
BROKER_HMR_SCHEDULED,1688742900000,1688744100000,840030018:172118
MAINTENANCE_ENTRY_BLOCK,1688772600000,1688774100000,DAILY_SERVER_CLOSE_20230708_0000_0005
MAINTENANCE_FORCE_FLAT,1688774100000,1688774700000,DAILY_SERVER_CLOSE_20230708_0000_0005
MAINTENANCE_RECOVERY,1688774700000,1688775600000,DAILY_SERVER_CLOSE_20230708_0000_0005
MAINTENANCE_ENTRY_BLOCK,1688859000000,1688860500000,DAILY_SERVER_CLOSE_20230709_0000_0005
MAINTENANCE_ENTRY_BLOCK,1688859540000,1688861040000,SUNDAY_SERVER_CLOSE_20230709_0009_0019
MAINTENANCE_FORCE_FLAT,1688860500000,1688861100000,DAILY_SERVER_CLOSE_20230709_0000_0005
MAINTENANCE_FORCE_FLAT,1688861040000,1688861940000,SUNDAY_SERVER_CLOSE_20230709_0009_0019
MAINTENANCE_RECOVERY,1688861100000,1688862000000,DAILY_SERVER_CLOSE_20230709_0000_0005
MAINTENANCE_RECOVERY,1688861940000,1688862840000,SUNDAY_SERVER_CLOSE_20230709_0009_0019
MAINTENANCE_ENTRY_BLOCK,1688945400000,1688946900000,DAILY_SERVER_CLOSE_20230710_0000_0005
MAINTENANCE_FORCE_FLAT,1688946900000,1688947500000,DAILY_SERVER_CLOSE_20230710_0000_0005
MAINTENANCE_RECOVERY,1688947500000,1688948400000,DAILY_SERVER_CLOSE_20230710_0000_0005
MAINTENANCE_ENTRY_BLOCK,1689031800000,1689033300000,DAILY_SERVER_CLOSE_20230711_0000_0005
MAINTENANCE_FORCE_FLAT,1689033300000,1689033900000,DAILY_SERVER_CLOSE_20230711_0000_0005
MAINTENANCE_RECOVERY,1689033900000,1689034800000,DAILY_SERVER_CLOSE_20230711_0000_0005
MAINTENANCE_ENTRY_BLOCK,1689118200000,1689119700000,DAILY_SERVER_CLOSE_20230712_0000_0005
MAINTENANCE_FORCE_FLAT,1689119700000,1689120300000,DAILY_SERVER_CLOSE_20230712_0000_0005
MAINTENANCE_RECOVERY,1689120300000,1689121200000,DAILY_SERVER_CLOSE_20230712_0000_0005
KINGEA_ENTRY_BLACKOUT,1689174000000,1689176700000,840030005:171962
KINGEA_ENTRY_BLACKOUT,1689174000000,1689176700000,840030006:171974
KINGEA_ENTRY_BLACKOUT,1689174000000,1689176700000,840030007:171986
KINGEA_ENTRY_BLACKOUT,1689174000000,1689176700000,840030034:172266
KINGEA_ENTRY_BLACKOUT,1689174000000,1689176700000,840030035:172278
BROKER_HMR_SCHEDULED,1689174900000,1689176100000,840030005:171962
BROKER_HMR_SCHEDULED,1689174900000,1689176100000,840030006:171974
BROKER_HMR_SCHEDULED,1689174900000,1689176100000,840030007:171986
BROKER_HMR_SCHEDULED,1689174900000,1689176100000,840030034:172266
BROKER_HMR_SCHEDULED,1689174900000,1689176100000,840030035:172278
KINGEA_ENTRY_BLACKOUT,1689181200000,1689183900000,840200001:183843
BROKER_HMR_SCHEDULED,1689182100000,1689183300000,840200001:183843
KINGEA_ENTRY_BLACKOUT,1689190200000,1689192900000,840220014:180900
BROKER_HMR_SCHEDULED,1689191100000,1689192300000,840220014:180900
MAINTENANCE_ENTRY_BLOCK,1689204600000,1689206100000,DAILY_SERVER_CLOSE_20230713_0000_0005
MAINTENANCE_FORCE_FLAT,1689206100000,1689206700000,DAILY_SERVER_CLOSE_20230713_0000_0005
MAINTENANCE_RECOVERY,1689206700000,1689207600000,DAILY_SERVER_CLOSE_20230713_0000_0005
KINGEA_ENTRY_BLACKOUT,1689260400000,1689263100000,840030001:171914
KINGEA_ENTRY_BLACKOUT,1689260400000,1689263100000,840140001:184302
BROKER_HMR_SCHEDULED,1689261300000,1689262500000,840030001:171914
BROKER_HMR_SCHEDULED,1689261300000,1689262500000,840140001:184302
KINGEA_ENTRY_BLACKOUT,1689276600000,1689279300000,840220015:180903
BROKER_HMR_SCHEDULED,1689277500000,1689278700000,840220015:180903
MAINTENANCE_ENTRY_BLOCK,1689291000000,1689292500000,DAILY_SERVER_CLOSE_20230714_0000_0005
MAINTENANCE_FORCE_FLAT,1689292500000,1689293100000,DAILY_SERVER_CLOSE_20230714_0000_0005
MAINTENANCE_RECOVERY,1689293100000,1689294000000,DAILY_SERVER_CLOSE_20230714_0000_0005
MAINTENANCE_ENTRY_BLOCK,1689377400000,1689378900000,DAILY_SERVER_CLOSE_20230715_0000_0005
MAINTENANCE_FORCE_FLAT,1689378900000,1689379500000,DAILY_SERVER_CLOSE_20230715_0000_0005
MAINTENANCE_RECOVERY,1689379500000,1689380400000,DAILY_SERVER_CLOSE_20230715_0000_0005
MAINTENANCE_ENTRY_BLOCK,1689463800000,1689465300000,DAILY_SERVER_CLOSE_20230716_0000_0005
MAINTENANCE_ENTRY_BLOCK,1689464340000,1689465840000,SUNDAY_SERVER_CLOSE_20230716_0009_0019
MAINTENANCE_FORCE_FLAT,1689465300000,1689465900000,DAILY_SERVER_CLOSE_20230716_0000_0005
MAINTENANCE_FORCE_FLAT,1689465840000,1689466740000,SUNDAY_SERVER_CLOSE_20230716_0009_0019
MAINTENANCE_RECOVERY,1689465900000,1689466800000,DAILY_SERVER_CLOSE_20230716_0000_0005
MAINTENANCE_RECOVERY,1689466740000,1689467640000,SUNDAY_SERVER_CLOSE_20230716_0009_0019
MAINTENANCE_ENTRY_BLOCK,1689550200000,1689551700000,DAILY_SERVER_CLOSE_20230717_0000_0005
MAINTENANCE_FORCE_FLAT,1689551700000,1689552300000,DAILY_SERVER_CLOSE_20230717_0000_0005
MAINTENANCE_RECOVERY,1689552300000,1689553200000,DAILY_SERVER_CLOSE_20230717_0000_0005
MAINTENANCE_ENTRY_BLOCK,1689636600000,1689638100000,DAILY_SERVER_CLOSE_20230718_0000_0005
MAINTENANCE_FORCE_FLAT,1689638100000,1689638700000,DAILY_SERVER_CLOSE_20230718_0000_0005
MAINTENANCE_RECOVERY,1689638700000,1689639600000,DAILY_SERVER_CLOSE_20230718_0000_0005
KINGEA_ENTRY_BLACKOUT,1689692400000,1689695100000,840020010:172596
KINGEA_ENTRY_BLACKOUT,1689692400000,1689695100000,840020011:172608
BROKER_HMR_SCHEDULED,1689693300000,1689694500000,840020010:172596
BROKER_HMR_SCHEDULED,1689693300000,1689694500000,840020011:172608
MAINTENANCE_ENTRY_BLOCK,1689723000000,1689724500000,DAILY_SERVER_CLOSE_20230719_0000_0005
MAINTENANCE_FORCE_FLAT,1689724500000,1689725100000,DAILY_SERVER_CLOSE_20230719_0000_0005
MAINTENANCE_RECOVERY,1689725100000,1689726000000,DAILY_SERVER_CLOSE_20230719_0000_0005
KINGEA_ENTRY_BLACKOUT,1689786000000,1689788700000,840200001:183920
BROKER_HMR_SCHEDULED,1689786900000,1689788100000,840200001:183920
MAINTENANCE_ENTRY_BLOCK,1689809400000,1689810900000,DAILY_SERVER_CLOSE_20230720_0000_0005
MAINTENANCE_FORCE_FLAT,1689810900000,1689811500000,DAILY_SERVER_CLOSE_20230720_0000_0005
MAINTENANCE_RECOVERY,1689811500000,1689812400000,DAILY_SERVER_CLOSE_20230720_0000_0005
KINGEA_ENTRY_BLACKOUT,1689865200000,1689867900000,840070001:174549
KINGEA_ENTRY_BLACKOUT,1689865200000,1689867900000,840140001:184303
BROKER_HMR_SCHEDULED,1689866100000,1689867300000,840070001:174549
BROKER_HMR_SCHEDULED,1689866100000,1689867300000,840140001:184303
KINGEA_ENTRY_BLACKOUT,1689870600000,1689873300000,840120001:173313
BROKER_HMR_SCHEDULED,1689871500000,1689872700000,840120001:173313
MAINTENANCE_ENTRY_BLOCK,1689895800000,1689897300000,DAILY_SERVER_CLOSE_20230721_0000_0005
MAINTENANCE_FORCE_FLAT,1689897300000,1689897900000,DAILY_SERVER_CLOSE_20230721_0000_0005
MAINTENANCE_RECOVERY,1689897900000,1689898800000,DAILY_SERVER_CLOSE_20230721_0000_0005
MAINTENANCE_ENTRY_BLOCK,1689982200000,1689983700000,DAILY_SERVER_CLOSE_20230722_0000_0005
MAINTENANCE_FORCE_FLAT,1689983700000,1689984300000,DAILY_SERVER_CLOSE_20230722_0000_0005
MAINTENANCE_RECOVERY,1689984300000,1689985200000,DAILY_SERVER_CLOSE_20230722_0000_0005
MAINTENANCE_ENTRY_BLOCK,1690068600000,1690070100000,DAILY_SERVER_CLOSE_20230723_0000_0005
MAINTENANCE_ENTRY_BLOCK,1690069140000,1690070640000,SUNDAY_SERVER_CLOSE_20230723_0009_0019
MAINTENANCE_FORCE_FLAT,1690070100000,1690070700000,DAILY_SERVER_CLOSE_20230723_0000_0005
MAINTENANCE_FORCE_FLAT,1690070640000,1690071540000,SUNDAY_SERVER_CLOSE_20230723_0009_0019
MAINTENANCE_RECOVERY,1690070700000,1690071600000,DAILY_SERVER_CLOSE_20230723_0000_0005
MAINTENANCE_RECOVERY,1690071540000,1690072440000,SUNDAY_SERVER_CLOSE_20230723_0009_0019
MAINTENANCE_ENTRY_BLOCK,1690155000000,1690156500000,DAILY_SERVER_CLOSE_20230724_0000_0005
MAINTENANCE_FORCE_FLAT,1690156500000,1690157100000,DAILY_SERVER_CLOSE_20230724_0000_0005
MAINTENANCE_RECOVERY,1690157100000,1690158000000,DAILY_SERVER_CLOSE_20230724_0000_0005
KINGEA_ENTRY_BLACKOUT,1690215300000,1690218000000,840500001:184790
KINGEA_ENTRY_BLACKOUT,1690215300000,1690218000000,840500002:184791
BROKER_HMR_SCHEDULED,1690216200000,1690217400000,840500001:184790
BROKER_HMR_SCHEDULED,1690216200000,1690217400000,840500002:184791
MAINTENANCE_ENTRY_BLOCK,1690241400000,1690242900000,DAILY_SERVER_CLOSE_20230725_0000_0005
MAINTENANCE_FORCE_FLAT,1690242900000,1690243500000,DAILY_SERVER_CLOSE_20230725_0000_0005
MAINTENANCE_RECOVERY,1690243500000,1690244400000,DAILY_SERVER_CLOSE_20230725_0000_0005
KINGEA_ENTRY_BLACKOUT,1690302600000,1690305300000,840180002:178033
BROKER_HMR_SCHEDULED,1690303500000,1690304700000,840180002:178033
MAINTENANCE_ENTRY_BLOCK,1690327800000,1690329300000,DAILY_SERVER_CLOSE_20230726_0000_0005
MAINTENANCE_FORCE_FLAT,1690329300000,1690329900000,DAILY_SERVER_CLOSE_20230726_0000_0005
MAINTENANCE_RECOVERY,1690329900000,1690330800000,DAILY_SERVER_CLOSE_20230726_0000_0005
KINGEA_ENTRY_BLACKOUT,1690389000000,1690391700000,840020008:172572
BROKER_HMR_SCHEDULED,1690389900000,1690391100000,840020008:172572
KINGEA_ENTRY_BLACKOUT,1690390800000,1690393500000,840200001:184009
BROKER_HMR_SCHEDULED,1690391700000,1690392900000,840200001:184009
KINGEA_ENTRY_BLACKOUT,1690403400000,1690406100000,840050014:168634
BROKER_HMR_SCHEDULED,1690404300000,1690405500000,840050014:168634
KINGEA_ENTRY_BLACKOUT,1690405200000,1690407900000,840050018:168642
BROKER_HMR_SCHEDULED,1690406100000,1690407300000,840050018:168642
MAINTENANCE_ENTRY_BLOCK,1690414200000,1690415700000,DAILY_SERVER_CLOSE_20230727_0000_0005
MAINTENANCE_FORCE_FLAT,1690415700000,1690416300000,DAILY_SERVER_CLOSE_20230727_0000_0005
MAINTENANCE_RECOVERY,1690416300000,1690417200000,DAILY_SERVER_CLOSE_20230727_0000_0005
KINGEA_ENTRY_BLACKOUT,1690470000000,1690472700000,840010007:179465
KINGEA_ENTRY_BLACKOUT,1690470000000,1690472700000,840010018:179548
KINGEA_ENTRY_BLACKOUT,1690470000000,1690472700000,840020013:172632
KINGEA_ENTRY_BLACKOUT,1690470000000,1690472700000,840140001:184304
BROKER_HMR_SCHEDULED,1690470900000,1690472100000,840010007:179465
BROKER_HMR_SCHEDULED,1690470900000,1690472100000,840010018:179548
BROKER_HMR_SCHEDULED,1690470900000,1690472100000,840020013:172632
BROKER_HMR_SCHEDULED,1690470900000,1690472100000,840140001:184304
MAINTENANCE_ENTRY_BLOCK,1690500600000,1690502100000,DAILY_SERVER_CLOSE_20230728_0000_0005
MAINTENANCE_FORCE_FLAT,1690502100000,1690502700000,DAILY_SERVER_CLOSE_20230728_0000_0005
MAINTENANCE_RECOVERY,1690502700000,1690503600000,DAILY_SERVER_CLOSE_20230728_0000_0005
KINGEA_ENTRY_BLACKOUT,1690556400000,1690559100000,840010001:179393
KINGEA_ENTRY_BLACKOUT,1690556400000,1690559100000,840010002:179405
BROKER_HMR_SCHEDULED,1690557300000,1690558500000,840010001:179393
BROKER_HMR_SCHEDULED,1690557300000,1690558500000,840010002:179405
MAINTENANCE_ENTRY_BLOCK,1690587000000,1690588500000,DAILY_SERVER_CLOSE_20230729_0000_0005
MAINTENANCE_FORCE_FLAT,1690588500000,1690589100000,DAILY_SERVER_CLOSE_20230729_0000_0005
MAINTENANCE_RECOVERY,1690589100000,1690590000000,DAILY_SERVER_CLOSE_20230729_0000_0005
MAINTENANCE_ENTRY_BLOCK,1690673400000,1690674900000,DAILY_SERVER_CLOSE_20230730_0000_0005
MAINTENANCE_ENTRY_BLOCK,1690673940000,1690675440000,SUNDAY_SERVER_CLOSE_20230730_0009_0019
MAINTENANCE_FORCE_FLAT,1690674900000,1690675500000,DAILY_SERVER_CLOSE_20230730_0000_0005
MAINTENANCE_FORCE_FLAT,1690675440000,1690676340000,SUNDAY_SERVER_CLOSE_20230730_0009_0019
MAINTENANCE_RECOVERY,1690675500000,1690676400000,DAILY_SERVER_CLOSE_20230730_0000_0005
MAINTENANCE_RECOVERY,1690676340000,1690677240000,SUNDAY_SERVER_CLOSE_20230730_0009_0019
MAINTENANCE_ENTRY_BLOCK,1690759800000,1690761300000,DAILY_SERVER_CLOSE_20230731_0000_0005
MAINTENANCE_FORCE_FLAT,1690761300000,1690761900000,DAILY_SERVER_CLOSE_20230731_0000_0005
MAINTENANCE_RECOVERY,1690761900000,1690762800000,DAILY_SERVER_CLOSE_20230731_0000_0005
KINGEA_ENTRY_BLACKOUT,1690820100000,1690822800000,840510001:184270
BROKER_HMR_SCHEDULED,1690821000000,1690822200000,840510001:184270
MAINTENANCE_ENTRY_BLOCK,1690846200000,1690847700000,DAILY_SERVER_CLOSE_20230801_0000_0005
MAINTENANCE_FORCE_FLAT,1690847700000,1690848300000,DAILY_SERVER_CLOSE_20230801_0000_0005
MAINTENANCE_RECOVERY,1690848300000,1690849200000,DAILY_SERVER_CLOSE_20230801_0000_0005
KINGEA_ENTRY_BLACKOUT,1690906500000,1690909200000,840500001:185175
BROKER_HMR_SCHEDULED,1690907400000,1690908600000,840500001:185175
KINGEA_ENTRY_BLACKOUT,1690907400000,1690910100000,840030021:174402
KINGEA_ENTRY_BLACKOUT,1690907400000,1690910100000,840040001:163072
KINGEA_ENTRY_BLACKOUT,1690907400000,1690910100000,840040002:163084
BROKER_HMR_SCHEDULED,1690908300000,1690909500000,840030021:174402
BROKER_HMR_SCHEDULED,1690908300000,1690909500000,840040001:163072
BROKER_HMR_SCHEDULED,1690908300000,1690909500000,840040002:163084
MAINTENANCE_ENTRY_BLOCK,1690932600000,1690934100000,DAILY_SERVER_CLOSE_20230802_0000_0005
MAINTENANCE_FORCE_FLAT,1690934100000,1690934700000,DAILY_SERVER_CLOSE_20230802_0000_0005
MAINTENANCE_RECOVERY,1690934700000,1690935600000,DAILY_SERVER_CLOSE_20230802_0000_0005
KINGEA_ENTRY_BLACKOUT,1690987500000,1690990200000,840190001:179644
BROKER_HMR_SCHEDULED,1690988400000,1690989600000,840190001:179644
KINGEA_ENTRY_BLACKOUT,1690995600000,1690998300000,840200001:184137
BROKER_HMR_SCHEDULED,1690996500000,1690997700000,840200001:184137
MAINTENANCE_ENTRY_BLOCK,1691019000000,1691020500000,DAILY_SERVER_CLOSE_20230803_0000_0005
MAINTENANCE_FORCE_FLAT,1691020500000,1691021100000,DAILY_SERVER_CLOSE_20230803_0000_0005
MAINTENANCE_RECOVERY,1691021100000,1691022000000,DAILY_SERVER_CLOSE_20230803_0000_0005
KINGEA_ENTRY_BLACKOUT,1691074800000,1691077500000,840140001:185120
BROKER_HMR_SCHEDULED,1691075700000,1691076900000,840140001:185120
KINGEA_ENTRY_BLACKOUT,1691079300000,1691082000000,840500002:185226
BROKER_HMR_SCHEDULED,1691080200000,1691081400000,840500002:185226
KINGEA_ENTRY_BLACKOUT,1691080200000,1691082900000,840040003:163097
KINGEA_ENTRY_BLACKOUT,1691080200000,1691082900000,840040008:163160
BROKER_HMR_SCHEDULED,1691081100000,1691082300000,840040003:163097
BROKER_HMR_SCHEDULED,1691081100000,1691082300000,840040008:163160
MAINTENANCE_ENTRY_BLOCK,1691105400000,1691106900000,DAILY_SERVER_CLOSE_20230804_0000_0005
MAINTENANCE_FORCE_FLAT,1691106900000,1691107500000,DAILY_SERVER_CLOSE_20230804_0000_0005
MAINTENANCE_RECOVERY,1691107500000,1691108400000,DAILY_SERVER_CLOSE_20230804_0000_0005
KINGEA_ENTRY_BLACKOUT,1691161200000,1691163900000,840030015:172083
KINGEA_ENTRY_BLACKOUT,1691161200000,1691163900000,840030016:172095
KINGEA_ENTRY_BLACKOUT,1691161200000,1691163900000,840030018:172119
BROKER_HMR_SCHEDULED,1691162100000,1691163300000,840030015:172083
BROKER_HMR_SCHEDULED,1691162100000,1691163300000,840030016:172095
BROKER_HMR_SCHEDULED,1691162100000,1691163300000,840030018:172119
MAINTENANCE_ENTRY_BLOCK,1691191800000,1691193300000,DAILY_SERVER_CLOSE_20230805_0000_0005
MAINTENANCE_FORCE_FLAT,1691193300000,1691193900000,DAILY_SERVER_CLOSE_20230805_0000_0005
MAINTENANCE_RECOVERY,1691193900000,1691194800000,DAILY_SERVER_CLOSE_20230805_0000_0005
MAINTENANCE_ENTRY_BLOCK,1691278200000,1691279700000,DAILY_SERVER_CLOSE_20230806_0000_0005
MAINTENANCE_ENTRY_BLOCK,1691278740000,1691280240000,SUNDAY_SERVER_CLOSE_20230806_0009_0019
MAINTENANCE_FORCE_FLAT,1691279700000,1691280300000,DAILY_SERVER_CLOSE_20230806_0000_0005
MAINTENANCE_FORCE_FLAT,1691280240000,1691281140000,SUNDAY_SERVER_CLOSE_20230806_0009_0019
MAINTENANCE_RECOVERY,1691280300000,1691281200000,DAILY_SERVER_CLOSE_20230806_0000_0005
MAINTENANCE_RECOVERY,1691281140000,1691282040000,SUNDAY_SERVER_CLOSE_20230806_0009_0019
MAINTENANCE_ENTRY_BLOCK,1691364600000,1691366100000,DAILY_SERVER_CLOSE_20230807_0000_0005
MAINTENANCE_FORCE_FLAT,1691366100000,1691366700000,DAILY_SERVER_CLOSE_20230807_0000_0005
MAINTENANCE_RECOVERY,1691366700000,1691367600000,DAILY_SERVER_CLOSE_20230807_0000_0005
MAINTENANCE_ENTRY_BLOCK,1691451000000,1691452500000,DAILY_SERVER_CLOSE_20230808_0000_0005
MAINTENANCE_FORCE_FLAT,1691452500000,1691453100000,DAILY_SERVER_CLOSE_20230808_0000_0005
MAINTENANCE_RECOVERY,1691453100000,1691454000000,DAILY_SERVER_CLOSE_20230808_0000_0005
MAINTENANCE_ENTRY_BLOCK,1691537400000,1691538900000,DAILY_SERVER_CLOSE_20230809_0000_0005
MAINTENANCE_FORCE_FLAT,1691538900000,1691539500000,DAILY_SERVER_CLOSE_20230809_0000_0005
MAINTENANCE_RECOVERY,1691539500000,1691540400000,DAILY_SERVER_CLOSE_20230809_0000_0005
KINGEA_ENTRY_BLACKOUT,1691600400000,1691603100000,840200001:184441
BROKER_HMR_SCHEDULED,1691601300000,1691602500000,840200001:184441
KINGEA_ENTRY_BLACKOUT,1691609400000,1691612100000,840220014:183729
BROKER_HMR_SCHEDULED,1691610300000,1691611500000,840220014:183729
MAINTENANCE_ENTRY_BLOCK,1691623800000,1691625300000,DAILY_SERVER_CLOSE_20230810_0000_0005
MAINTENANCE_FORCE_FLAT,1691625300000,1691625900000,DAILY_SERVER_CLOSE_20230810_0000_0005
MAINTENANCE_RECOVERY,1691625900000,1691626800000,DAILY_SERVER_CLOSE_20230810_0000_0005
KINGEA_ENTRY_BLACKOUT,1691679600000,1691682300000,840030005:171963
KINGEA_ENTRY_BLACKOUT,1691679600000,1691682300000,840030006:171975
KINGEA_ENTRY_BLACKOUT,1691679600000,1691682300000,840030007:171987
KINGEA_ENTRY_BLACKOUT,1691679600000,1691682300000,840030034:172267
KINGEA_ENTRY_BLACKOUT,1691679600000,1691682300000,840030035:172279
KINGEA_ENTRY_BLACKOUT,1691679600000,1691682300000,840140001:185121
BROKER_HMR_SCHEDULED,1691680500000,1691681700000,840030005:171963
BROKER_HMR_SCHEDULED,1691680500000,1691681700000,840030006:171975
BROKER_HMR_SCHEDULED,1691680500000,1691681700000,840030007:171987
BROKER_HMR_SCHEDULED,1691680500000,1691681700000,840030034:172267
BROKER_HMR_SCHEDULED,1691680500000,1691681700000,840030035:172279
BROKER_HMR_SCHEDULED,1691680500000,1691681700000,840140001:185121
KINGEA_ENTRY_BLACKOUT,1691695800000,1691698500000,840220015:183732
BROKER_HMR_SCHEDULED,1691696700000,1691697900000,840220015:183732
MAINTENANCE_ENTRY_BLOCK,1691710200000,1691711700000,DAILY_SERVER_CLOSE_20230811_0000_0005
MAINTENANCE_FORCE_FLAT,1691711700000,1691712300000,DAILY_SERVER_CLOSE_20230811_0000_0005
MAINTENANCE_RECOVERY,1691712300000,1691713200000,DAILY_SERVER_CLOSE_20230811_0000_0005
KINGEA_ENTRY_BLACKOUT,1691766000000,1691768700000,840030001:171915
BROKER_HMR_SCHEDULED,1691766900000,1691768100000,840030001:171915
MAINTENANCE_ENTRY_BLOCK,1691796600000,1691798100000,DAILY_SERVER_CLOSE_20230812_0000_0005
MAINTENANCE_FORCE_FLAT,1691798100000,1691798700000,DAILY_SERVER_CLOSE_20230812_0000_0005
MAINTENANCE_RECOVERY,1691798700000,1691799600000,DAILY_SERVER_CLOSE_20230812_0000_0005
MAINTENANCE_ENTRY_BLOCK,1691883000000,1691884500000,DAILY_SERVER_CLOSE_20230813_0000_0005
MAINTENANCE_ENTRY_BLOCK,1691883540000,1691885040000,SUNDAY_SERVER_CLOSE_20230813_0009_0019
MAINTENANCE_FORCE_FLAT,1691884500000,1691885100000,DAILY_SERVER_CLOSE_20230813_0000_0005
MAINTENANCE_FORCE_FLAT,1691885040000,1691885940000,SUNDAY_SERVER_CLOSE_20230813_0009_0019
MAINTENANCE_RECOVERY,1691885100000,1691886000000,DAILY_SERVER_CLOSE_20230813_0000_0005
MAINTENANCE_RECOVERY,1691885940000,1691886840000,SUNDAY_SERVER_CLOSE_20230813_0009_0019
MAINTENANCE_ENTRY_BLOCK,1691969400000,1691970900000,DAILY_SERVER_CLOSE_20230814_0000_0005
MAINTENANCE_FORCE_FLAT,1691970900000,1691971500000,DAILY_SERVER_CLOSE_20230814_0000_0005
MAINTENANCE_RECOVERY,1691971500000,1691972400000,DAILY_SERVER_CLOSE_20230814_0000_0005
MAINTENANCE_ENTRY_BLOCK,1692055800000,1692057300000,DAILY_SERVER_CLOSE_20230815_0000_0005
MAINTENANCE_FORCE_FLAT,1692057300000,1692057900000,DAILY_SERVER_CLOSE_20230815_0000_0005
MAINTENANCE_RECOVERY,1692057900000,1692058800000,DAILY_SERVER_CLOSE_20230815_0000_0005
KINGEA_ENTRY_BLACKOUT,1692111600000,1692114300000,840020010:172597
KINGEA_ENTRY_BLACKOUT,1692111600000,1692114300000,840020011:172609
BROKER_HMR_SCHEDULED,1692112500000,1692113700000,840020010:172597
BROKER_HMR_SCHEDULED,1692112500000,1692113700000,840020011:172609
MAINTENANCE_ENTRY_BLOCK,1692142200000,1692143700000,DAILY_SERVER_CLOSE_20230816_0000_0005
MAINTENANCE_FORCE_FLAT,1692143700000,1692144300000,DAILY_SERVER_CLOSE_20230816_0000_0005
MAINTENANCE_RECOVERY,1692144300000,1692145200000,DAILY_SERVER_CLOSE_20230816_0000_0005
KINGEA_ENTRY_BLACKOUT,1692205200000,1692207900000,840200001:184562
BROKER_HMR_SCHEDULED,1692206100000,1692207300000,840200001:184562
MAINTENANCE_ENTRY_BLOCK,1692228600000,1692230100000,DAILY_SERVER_CLOSE_20230817_0000_0005
MAINTENANCE_FORCE_FLAT,1692230100000,1692230700000,DAILY_SERVER_CLOSE_20230817_0000_0005
MAINTENANCE_RECOVERY,1692230700000,1692231600000,DAILY_SERVER_CLOSE_20230817_0000_0005
KINGEA_ENTRY_BLACKOUT,1692284400000,1692287100000,840070001:174550
KINGEA_ENTRY_BLACKOUT,1692284400000,1692287100000,840140001:185122
BROKER_HMR_SCHEDULED,1692285300000,1692286500000,840070001:174550
BROKER_HMR_SCHEDULED,1692285300000,1692286500000,840140001:185122
MAINTENANCE_ENTRY_BLOCK,1692315000000,1692316500000,DAILY_SERVER_CLOSE_20230818_0000_0005
MAINTENANCE_FORCE_FLAT,1692316500000,1692317100000,DAILY_SERVER_CLOSE_20230818_0000_0005
MAINTENANCE_RECOVERY,1692317100000,1692318000000,DAILY_SERVER_CLOSE_20230818_0000_0005
MAINTENANCE_ENTRY_BLOCK,1692401400000,1692402900000,DAILY_SERVER_CLOSE_20230819_0000_0005
MAINTENANCE_FORCE_FLAT,1692402900000,1692403500000,DAILY_SERVER_CLOSE_20230819_0000_0005
MAINTENANCE_RECOVERY,1692403500000,1692404400000,DAILY_SERVER_CLOSE_20230819_0000_0005
MAINTENANCE_ENTRY_BLOCK,1692487800000,1692489300000,DAILY_SERVER_CLOSE_20230820_0000_0005
MAINTENANCE_ENTRY_BLOCK,1692488340000,1692489840000,SUNDAY_SERVER_CLOSE_20230820_0009_0019
MAINTENANCE_FORCE_FLAT,1692489300000,1692489900000,DAILY_SERVER_CLOSE_20230820_0000_0005
MAINTENANCE_FORCE_FLAT,1692489840000,1692490740000,SUNDAY_SERVER_CLOSE_20230820_0009_0019
MAINTENANCE_RECOVERY,1692489900000,1692490800000,DAILY_SERVER_CLOSE_20230820_0000_0005
MAINTENANCE_RECOVERY,1692490740000,1692491640000,SUNDAY_SERVER_CLOSE_20230820_0009_0019
MAINTENANCE_ENTRY_BLOCK,1692574200000,1692575700000,DAILY_SERVER_CLOSE_20230821_0000_0005
MAINTENANCE_FORCE_FLAT,1692575700000,1692576300000,DAILY_SERVER_CLOSE_20230821_0000_0005
MAINTENANCE_RECOVERY,1692576300000,1692577200000,DAILY_SERVER_CLOSE_20230821_0000_0005
MAINTENANCE_ENTRY_BLOCK,1692660600000,1692662100000,DAILY_SERVER_CLOSE_20230822_0000_0005
MAINTENANCE_FORCE_FLAT,1692662100000,1692662700000,DAILY_SERVER_CLOSE_20230822_0000_0005
MAINTENANCE_RECOVERY,1692662700000,1692663600000,DAILY_SERVER_CLOSE_20230822_0000_0005
KINGEA_ENTRY_BLACKOUT,1692721800000,1692724500000,840120001:173314
BROKER_HMR_SCHEDULED,1692722700000,1692723900000,840120001:173314
MAINTENANCE_ENTRY_BLOCK,1692747000000,1692748500000,DAILY_SERVER_CLOSE_20230823_0000_0005
MAINTENANCE_FORCE_FLAT,1692748500000,1692749100000,DAILY_SERVER_CLOSE_20230823_0000_0005
MAINTENANCE_RECOVERY,1692749100000,1692750000000,DAILY_SERVER_CLOSE_20230823_0000_0005
KINGEA_ENTRY_BLACKOUT,1692807300000,1692810000000,840500001:185473
KINGEA_ENTRY_BLACKOUT,1692807300000,1692810000000,840500002:185474
BROKER_HMR_SCHEDULED,1692808200000,1692809400000,840500001:185473
BROKER_HMR_SCHEDULED,1692808200000,1692809400000,840500002:185474
KINGEA_ENTRY_BLACKOUT,1692808200000,1692810900000,840020008:172573
BROKER_HMR_SCHEDULED,1692809100000,1692810300000,840020008:172573
KINGEA_ENTRY_BLACKOUT,1692810000000,1692812700000,840200001:184634
BROKER_HMR_SCHEDULED,1692810900000,1692812100000,840200001:184634
MAINTENANCE_ENTRY_BLOCK,1692833400000,1692834900000,DAILY_SERVER_CLOSE_20230824_0000_0005
MAINTENANCE_FORCE_FLAT,1692834900000,1692835500000,DAILY_SERVER_CLOSE_20230824_0000_0005
MAINTENANCE_RECOVERY,1692835500000,1692836400000,DAILY_SERVER_CLOSE_20230824_0000_0005
KINGEA_ENTRY_BLACKOUT,1692889200000,1692891900000,840020013:172633
KINGEA_ENTRY_BLACKOUT,1692889200000,1692891900000,840140001:185123
BROKER_HMR_SCHEDULED,1692890100000,1692891300000,840020013:172633
BROKER_HMR_SCHEDULED,1692890100000,1692891300000,840140001:185123
MAINTENANCE_ENTRY_BLOCK,1692919800000,1692921300000,DAILY_SERVER_CLOSE_20230825_0000_0005
MAINTENANCE_FORCE_FLAT,1692921300000,1692921900000,DAILY_SERVER_CLOSE_20230825_0000_0005
MAINTENANCE_RECOVERY,1692921900000,1692922800000,DAILY_SERVER_CLOSE_20230825_0000_0005
KINGEA_ENTRY_BLACKOUT,1692981300000,1692984000000,840050022:186273
BROKER_HMR_SCHEDULED,1692982200000,1692983400000,840050022:186273
MAINTENANCE_ENTRY_BLOCK,1693006200000,1693007700000,DAILY_SERVER_CLOSE_20230826_0000_0005
MAINTENANCE_FORCE_FLAT,1693007700000,1693008300000,DAILY_SERVER_CLOSE_20230826_0000_0005
MAINTENANCE_RECOVERY,1693008300000,1693009200000,DAILY_SERVER_CLOSE_20230826_0000_0005
MAINTENANCE_ENTRY_BLOCK,1693092600000,1693094100000,DAILY_SERVER_CLOSE_20230827_0000_0005
MAINTENANCE_ENTRY_BLOCK,1693093140000,1693094640000,SUNDAY_SERVER_CLOSE_20230827_0009_0019
MAINTENANCE_FORCE_FLAT,1693094100000,1693094700000,DAILY_SERVER_CLOSE_20230827_0000_0005
MAINTENANCE_FORCE_FLAT,1693094640000,1693095540000,SUNDAY_SERVER_CLOSE_20230827_0009_0019
MAINTENANCE_RECOVERY,1693094700000,1693095600000,DAILY_SERVER_CLOSE_20230827_0000_0005
MAINTENANCE_RECOVERY,1693095540000,1693096440000,SUNDAY_SERVER_CLOSE_20230827_0009_0019
MAINTENANCE_ENTRY_BLOCK,1693179000000,1693180500000,DAILY_SERVER_CLOSE_20230828_0000_0005
MAINTENANCE_FORCE_FLAT,1693180500000,1693181100000,DAILY_SERVER_CLOSE_20230828_0000_0005
MAINTENANCE_RECOVERY,1693181100000,1693182000000,DAILY_SERVER_CLOSE_20230828_0000_0005
MAINTENANCE_ENTRY_BLOCK,1693265400000,1693266900000,DAILY_SERVER_CLOSE_20230829_0000_0005
MAINTENANCE_FORCE_FLAT,1693266900000,1693267500000,DAILY_SERVER_CLOSE_20230829_0000_0005
MAINTENANCE_RECOVERY,1693267500000,1693268400000,DAILY_SERVER_CLOSE_20230829_0000_0005
KINGEA_ENTRY_BLACKOUT,1693326600000,1693329300000,840030021:174403
KINGEA_ENTRY_BLACKOUT,1693326600000,1693329300000,840180002:178034
BROKER_HMR_SCHEDULED,1693327500000,1693328700000,840030021:174403
BROKER_HMR_SCHEDULED,1693327500000,1693328700000,840180002:178034
MAINTENANCE_ENTRY_BLOCK,1693351800000,1693353300000,DAILY_SERVER_CLOSE_20230830_0000_0005
MAINTENANCE_FORCE_FLAT,1693353300000,1693353900000,DAILY_SERVER_CLOSE_20230830_0000_0005
MAINTENANCE_RECOVERY,1693353900000,1693354800000,DAILY_SERVER_CLOSE_20230830_0000_0005
KINGEA_ENTRY_BLACKOUT,1693406700000,1693409400000,840190001:179645
BROKER_HMR_SCHEDULED,1693407600000,1693408800000,840190001:179645
KINGEA_ENTRY_BLACKOUT,1693407600000,1693410300000,840010007:179466
KINGEA_ENTRY_BLACKOUT,1693407600000,1693410300000,840010018:179549
BROKER_HMR_SCHEDULED,1693408500000,1693409700000,840010007:179466
BROKER_HMR_SCHEDULED,1693408500000,1693409700000,840010018:179549
KINGEA_ENTRY_BLACKOUT,1693414800000,1693417500000,840200001:184851
BROKER_HMR_SCHEDULED,1693415700000,1693416900000,840200001:184851
MAINTENANCE_ENTRY_BLOCK,1693438200000,1693439700000,DAILY_SERVER_CLOSE_20230831_0000_0005
MAINTENANCE_FORCE_FLAT,1693439700000,1693440300000,DAILY_SERVER_CLOSE_20230831_0000_0005
MAINTENANCE_RECOVERY,1693440300000,1693441200000,DAILY_SERVER_CLOSE_20230831_0000_0005
KINGEA_ENTRY_BLACKOUT,1693494000000,1693496700000,840010001:179394
KINGEA_ENTRY_BLACKOUT,1693494000000,1693496700000,840010002:179406
KINGEA_ENTRY_BLACKOUT,1693494000000,1693496700000,840140001:185124
BROKER_HMR_SCHEDULED,1693494900000,1693496100000,840010001:179394
BROKER_HMR_SCHEDULED,1693494900000,1693496100000,840010002:179406
BROKER_HMR_SCHEDULED,1693494900000,1693496100000,840140001:185124
KINGEA_ENTRY_BLACKOUT,1693498500000,1693501200000,840510001:185097
BROKER_HMR_SCHEDULED,1693499400000,1693500600000,840510001:185097
MAINTENANCE_ENTRY_BLOCK,1693524600000,1693526100000,DAILY_SERVER_CLOSE_20230901_0000_0005
MAINTENANCE_FORCE_FLAT,1693526100000,1693526700000,DAILY_SERVER_CLOSE_20230901_0000_0005
MAINTENANCE_RECOVERY,1693526700000,1693527600000,DAILY_SERVER_CLOSE_20230901_0000_0005
KINGEA_ENTRY_BLACKOUT,1693580400000,1693583100000,840030015:172084
KINGEA_ENTRY_BLACKOUT,1693580400000,1693583100000,840030016:172096
KINGEA_ENTRY_BLACKOUT,1693580400000,1693583100000,840030018:172120
BROKER_HMR_SCHEDULED,1693581300000,1693582500000,840030015:172084
BROKER_HMR_SCHEDULED,1693581300000,1693582500000,840030016:172096
BROKER_HMR_SCHEDULED,1693581300000,1693582500000,840030018:172120
KINGEA_ENTRY_BLACKOUT,1693584900000,1693587600000,840500001:185843
BROKER_HMR_SCHEDULED,1693585800000,1693587000000,840500001:185843
KINGEA_ENTRY_BLACKOUT,1693585800000,1693588500000,840040001:163073
KINGEA_ENTRY_BLACKOUT,1693585800000,1693588500000,840040002:163085
BROKER_HMR_SCHEDULED,1693586700000,1693587900000,840040001:163073
BROKER_HMR_SCHEDULED,1693586700000,1693587900000,840040002:163085
MAINTENANCE_ENTRY_BLOCK,1693611000000,1693612500000,DAILY_SERVER_CLOSE_20230902_0000_0005
MAINTENANCE_FORCE_FLAT,1693612500000,1693613100000,DAILY_SERVER_CLOSE_20230902_0000_0005
MAINTENANCE_RECOVERY,1693613100000,1693614000000,DAILY_SERVER_CLOSE_20230902_0000_0005
MAINTENANCE_ENTRY_BLOCK,1693697400000,1693698900000,DAILY_SERVER_CLOSE_20230903_0000_0005
MAINTENANCE_ENTRY_BLOCK,1693697940000,1693699440000,SUNDAY_SERVER_CLOSE_20230903_0009_0019
MAINTENANCE_FORCE_FLAT,1693698900000,1693699500000,DAILY_SERVER_CLOSE_20230903_0000_0005
MAINTENANCE_FORCE_FLAT,1693699440000,1693700340000,SUNDAY_SERVER_CLOSE_20230903_0009_0019
MAINTENANCE_RECOVERY,1693699500000,1693700400000,DAILY_SERVER_CLOSE_20230903_0000_0005
MAINTENANCE_RECOVERY,1693700340000,1693701240000,SUNDAY_SERVER_CLOSE_20230903_0009_0019
MAINTENANCE_ENTRY_BLOCK,1693783800000,1693785300000,DAILY_SERVER_CLOSE_20230904_0000_0005
MAINTENANCE_FORCE_FLAT,1693785300000,1693785900000,DAILY_SERVER_CLOSE_20230904_0000_0005
MAINTENANCE_RECOVERY,1693785900000,1693786800000,DAILY_SERVER_CLOSE_20230904_0000_0005
MAINTENANCE_ENTRY_BLOCK,1693870200000,1693871700000,DAILY_SERVER_CLOSE_20230905_0000_0005
MAINTENANCE_FORCE_FLAT,1693871700000,1693872300000,DAILY_SERVER_CLOSE_20230905_0000_0005
MAINTENANCE_RECOVERY,1693872300000,1693873200000,DAILY_SERVER_CLOSE_20230905_0000_0005
MAINTENANCE_ENTRY_BLOCK,1693956600000,1693958100000,DAILY_SERVER_CLOSE_20230906_0000_0005
MAINTENANCE_FORCE_FLAT,1693958100000,1693958700000,DAILY_SERVER_CLOSE_20230906_0000_0005
MAINTENANCE_RECOVERY,1693958700000,1693959600000,DAILY_SERVER_CLOSE_20230906_0000_0005
KINGEA_ENTRY_BLACKOUT,1694016900000,1694019600000,840500002:185985
BROKER_HMR_SCHEDULED,1694017800000,1694019000000,840500002:185985
KINGEA_ENTRY_BLACKOUT,1694017800000,1694020500000,840040003:163098
KINGEA_ENTRY_BLACKOUT,1694017800000,1694020500000,840040008:163161
BROKER_HMR_SCHEDULED,1694018700000,1694019900000,840040003:163098
BROKER_HMR_SCHEDULED,1694018700000,1694019900000,840040008:163161
MAINTENANCE_ENTRY_BLOCK,1694043000000,1694044500000,DAILY_SERVER_CLOSE_20230907_0000_0005
MAINTENANCE_FORCE_FLAT,1694044500000,1694045100000,DAILY_SERVER_CLOSE_20230907_0000_0005
MAINTENANCE_RECOVERY,1694045100000,1694046000000,DAILY_SERVER_CLOSE_20230907_0000_0005
KINGEA_ENTRY_BLACKOUT,1694098800000,1694101500000,840140001:185777
BROKER_HMR_SCHEDULED,1694099700000,1694100900000,840140001:185777
KINGEA_ENTRY_BLACKOUT,1694107800000,1694110500000,840200001:185236
BROKER_HMR_SCHEDULED,1694108700000,1694109900000,840200001:185236
MAINTENANCE_ENTRY_BLOCK,1694129400000,1694130900000,DAILY_SERVER_CLOSE_20230908_0000_0005
MAINTENANCE_FORCE_FLAT,1694130900000,1694131500000,DAILY_SERVER_CLOSE_20230908_0000_0005
MAINTENANCE_RECOVERY,1694131500000,1694132400000,DAILY_SERVER_CLOSE_20230908_0000_0005
MAINTENANCE_ENTRY_BLOCK,1694215800000,1694217300000,DAILY_SERVER_CLOSE_20230909_0000_0005
MAINTENANCE_FORCE_FLAT,1694217300000,1694217900000,DAILY_SERVER_CLOSE_20230909_0000_0005
MAINTENANCE_RECOVERY,1694217900000,1694218800000,DAILY_SERVER_CLOSE_20230909_0000_0005
MAINTENANCE_ENTRY_BLOCK,1694302200000,1694303700000,DAILY_SERVER_CLOSE_20230910_0000_0005
MAINTENANCE_ENTRY_BLOCK,1694302740000,1694304240000,SUNDAY_SERVER_CLOSE_20230910_0009_0019
MAINTENANCE_FORCE_FLAT,1694303700000,1694304300000,DAILY_SERVER_CLOSE_20230910_0000_0005
MAINTENANCE_FORCE_FLAT,1694304240000,1694305140000,SUNDAY_SERVER_CLOSE_20230910_0009_0019
MAINTENANCE_RECOVERY,1694304300000,1694305200000,DAILY_SERVER_CLOSE_20230910_0000_0005
MAINTENANCE_RECOVERY,1694305140000,1694306040000,SUNDAY_SERVER_CLOSE_20230910_0009_0019
MAINTENANCE_ENTRY_BLOCK,1694388600000,1694390100000,DAILY_SERVER_CLOSE_20230911_0000_0005
MAINTENANCE_FORCE_FLAT,1694390100000,1694390700000,DAILY_SERVER_CLOSE_20230911_0000_0005
MAINTENANCE_RECOVERY,1694390700000,1694391600000,DAILY_SERVER_CLOSE_20230911_0000_0005
MAINTENANCE_ENTRY_BLOCK,1694475000000,1694476500000,DAILY_SERVER_CLOSE_20230912_0000_0005
MAINTENANCE_FORCE_FLAT,1694476500000,1694477100000,DAILY_SERVER_CLOSE_20230912_0000_0005
MAINTENANCE_RECOVERY,1694477100000,1694478000000,DAILY_SERVER_CLOSE_20230912_0000_0005
KINGEA_ENTRY_BLACKOUT,1694547000000,1694549700000,840220014:183730
BROKER_HMR_SCHEDULED,1694547900000,1694549100000,840220014:183730
MAINTENANCE_ENTRY_BLOCK,1694561400000,1694562900000,DAILY_SERVER_CLOSE_20230913_0000_0005
MAINTENANCE_FORCE_FLAT,1694562900000,1694563500000,DAILY_SERVER_CLOSE_20230913_0000_0005
MAINTENANCE_RECOVERY,1694563500000,1694564400000,DAILY_SERVER_CLOSE_20230913_0000_0005
KINGEA_ENTRY_BLACKOUT,1694617200000,1694619900000,840030005:171964
KINGEA_ENTRY_BLACKOUT,1694617200000,1694619900000,840030006:171976
KINGEA_ENTRY_BLACKOUT,1694617200000,1694619900000,840030007:171988
KINGEA_ENTRY_BLACKOUT,1694617200000,1694619900000,840030034:172268
KINGEA_ENTRY_BLACKOUT,1694617200000,1694619900000,840030035:172280
BROKER_HMR_SCHEDULED,1694618100000,1694619300000,840030005:171964
BROKER_HMR_SCHEDULED,1694618100000,1694619300000,840030006:171976
BROKER_HMR_SCHEDULED,1694618100000,1694619300000,840030007:171988
BROKER_HMR_SCHEDULED,1694618100000,1694619300000,840030034:172268
BROKER_HMR_SCHEDULED,1694618100000,1694619300000,840030035:172280
KINGEA_ENTRY_BLACKOUT,1694624400000,1694627100000,840200001:185336
BROKER_HMR_SCHEDULED,1694625300000,1694626500000,840200001:185336
KINGEA_ENTRY_BLACKOUT,1694633400000,1694636100000,840220015:183733
BROKER_HMR_SCHEDULED,1694634300000,1694635500000,840220015:183733
MAINTENANCE_ENTRY_BLOCK,1694647800000,1694649300000,DAILY_SERVER_CLOSE_20230914_0000_0005
MAINTENANCE_FORCE_FLAT,1694649300000,1694649900000,DAILY_SERVER_CLOSE_20230914_0000_0005
MAINTENANCE_RECOVERY,1694649900000,1694650800000,DAILY_SERVER_CLOSE_20230914_0000_0005
KINGEA_ENTRY_BLACKOUT,1694703600000,1694706300000,840020010:172598
KINGEA_ENTRY_BLACKOUT,1694703600000,1694706300000,840020011:172610
KINGEA_ENTRY_BLACKOUT,1694703600000,1694706300000,840030001:171916
KINGEA_ENTRY_BLACKOUT,1694703600000,1694706300000,840140001:185778
BROKER_HMR_SCHEDULED,1694704500000,1694705700000,840020010:172598
BROKER_HMR_SCHEDULED,1694704500000,1694705700000,840020011:172610
BROKER_HMR_SCHEDULED,1694704500000,1694705700000,840030001:171916
BROKER_HMR_SCHEDULED,1694704500000,1694705700000,840140001:185778
MAINTENANCE_ENTRY_BLOCK,1694734200000,1694735700000,DAILY_SERVER_CLOSE_20230915_0000_0005
MAINTENANCE_FORCE_FLAT,1694735700000,1694736300000,DAILY_SERVER_CLOSE_20230915_0000_0005
MAINTENANCE_RECOVERY,1694736300000,1694737200000,DAILY_SERVER_CLOSE_20230915_0000_0005
MAINTENANCE_ENTRY_BLOCK,1694820600000,1694822100000,DAILY_SERVER_CLOSE_20230916_0000_0005
MAINTENANCE_FORCE_FLAT,1694822100000,1694822700000,DAILY_SERVER_CLOSE_20230916_0000_0005
MAINTENANCE_RECOVERY,1694822700000,1694823600000,DAILY_SERVER_CLOSE_20230916_0000_0005
MAINTENANCE_ENTRY_BLOCK,1694907000000,1694908500000,DAILY_SERVER_CLOSE_20230917_0000_0005
MAINTENANCE_ENTRY_BLOCK,1694907540000,1694909040000,SUNDAY_SERVER_CLOSE_20230917_0009_0019
MAINTENANCE_FORCE_FLAT,1694908500000,1694909100000,DAILY_SERVER_CLOSE_20230917_0000_0005
MAINTENANCE_FORCE_FLAT,1694909040000,1694909940000,SUNDAY_SERVER_CLOSE_20230917_0009_0019
MAINTENANCE_RECOVERY,1694909100000,1694910000000,DAILY_SERVER_CLOSE_20230917_0000_0005
MAINTENANCE_RECOVERY,1694909940000,1694910840000,SUNDAY_SERVER_CLOSE_20230917_0009_0019
MAINTENANCE_ENTRY_BLOCK,1694993400000,1694994900000,DAILY_SERVER_CLOSE_20230918_0000_0005
MAINTENANCE_FORCE_FLAT,1694994900000,1694995500000,DAILY_SERVER_CLOSE_20230918_0000_0005
MAINTENANCE_RECOVERY,1694995500000,1694996400000,DAILY_SERVER_CLOSE_20230918_0000_0005
MAINTENANCE_ENTRY_BLOCK,1695079800000,1695081300000,DAILY_SERVER_CLOSE_20230919_0000_0005
MAINTENANCE_FORCE_FLAT,1695081300000,1695081900000,DAILY_SERVER_CLOSE_20230919_0000_0005
MAINTENANCE_RECOVERY,1695081900000,1695082800000,DAILY_SERVER_CLOSE_20230919_0000_0005
MAINTENANCE_ENTRY_BLOCK,1695166200000,1695167700000,DAILY_SERVER_CLOSE_20230920_0000_0005
MAINTENANCE_FORCE_FLAT,1695167700000,1695168300000,DAILY_SERVER_CLOSE_20230920_0000_0005
MAINTENANCE_RECOVERY,1695168300000,1695169200000,DAILY_SERVER_CLOSE_20230920_0000_0005
KINGEA_ENTRY_BLACKOUT,1695229200000,1695231900000,840200001:185412
BROKER_HMR_SCHEDULED,1695230100000,1695231300000,840200001:185412
KINGEA_ENTRY_BLACKOUT,1695241800000,1695244500000,840050014:168635
BROKER_HMR_SCHEDULED,1695242700000,1695243900000,840050014:168635
KINGEA_ENTRY_BLACKOUT,1695243600000,1695246300000,840050018:168643
BROKER_HMR_SCHEDULED,1695244500000,1695245700000,840050018:168643
MAINTENANCE_ENTRY_BLOCK,1695252600000,1695254100000,DAILY_SERVER_CLOSE_20230921_0000_0005
MAINTENANCE_FORCE_FLAT,1695254100000,1695254700000,DAILY_SERVER_CLOSE_20230921_0000_0005
MAINTENANCE_RECOVERY,1695254700000,1695255600000,DAILY_SERVER_CLOSE_20230921_0000_0005
KINGEA_ENTRY_BLACKOUT,1695308400000,1695311100000,840070001:174551
KINGEA_ENTRY_BLACKOUT,1695308400000,1695311100000,840140001:185779
BROKER_HMR_SCHEDULED,1695309300000,1695310500000,840070001:174551
BROKER_HMR_SCHEDULED,1695309300000,1695310500000,840140001:185779
KINGEA_ENTRY_BLACKOUT,1695313800000,1695316500000,840120001:173315
BROKER_HMR_SCHEDULED,1695314700000,1695315900000,840120001:173315
MAINTENANCE_ENTRY_BLOCK,1695339000000,1695340500000,DAILY_SERVER_CLOSE_20230922_0000_0005
MAINTENANCE_FORCE_FLAT,1695340500000,1695341100000,DAILY_SERVER_CLOSE_20230922_0000_0005
MAINTENANCE_RECOVERY,1695341100000,1695342000000,DAILY_SERVER_CLOSE_20230922_0000_0005
KINGEA_ENTRY_BLACKOUT,1695399300000,1695402000000,840500001:186318
KINGEA_ENTRY_BLACKOUT,1695399300000,1695402000000,840500002:186319
BROKER_HMR_SCHEDULED,1695400200000,1695401400000,840500001:186318
BROKER_HMR_SCHEDULED,1695400200000,1695401400000,840500002:186319
MAINTENANCE_ENTRY_BLOCK,1695425400000,1695426900000,DAILY_SERVER_CLOSE_20230923_0000_0005
MAINTENANCE_FORCE_FLAT,1695426900000,1695427500000,DAILY_SERVER_CLOSE_20230923_0000_0005
MAINTENANCE_RECOVERY,1695427500000,1695428400000,DAILY_SERVER_CLOSE_20230923_0000_0005
MAINTENANCE_ENTRY_BLOCK,1695511800000,1695513300000,DAILY_SERVER_CLOSE_20230924_0000_0005
MAINTENANCE_ENTRY_BLOCK,1695512340000,1695513840000,SUNDAY_SERVER_CLOSE_20230924_0009_0019
MAINTENANCE_FORCE_FLAT,1695513300000,1695513900000,DAILY_SERVER_CLOSE_20230924_0000_0005
MAINTENANCE_FORCE_FLAT,1695513840000,1695514740000,SUNDAY_SERVER_CLOSE_20230924_0009_0019
MAINTENANCE_RECOVERY,1695513900000,1695514800000,DAILY_SERVER_CLOSE_20230924_0000_0005
MAINTENANCE_RECOVERY,1695514740000,1695515640000,SUNDAY_SERVER_CLOSE_20230924_0009_0019
MAINTENANCE_ENTRY_BLOCK,1695598200000,1695599700000,DAILY_SERVER_CLOSE_20230925_0000_0005
MAINTENANCE_FORCE_FLAT,1695599700000,1695600300000,DAILY_SERVER_CLOSE_20230925_0000_0005
MAINTENANCE_RECOVERY,1695600300000,1695601200000,DAILY_SERVER_CLOSE_20230925_0000_0005
MAINTENANCE_ENTRY_BLOCK,1695684600000,1695686100000,DAILY_SERVER_CLOSE_20230926_0000_0005
MAINTENANCE_FORCE_FLAT,1695686100000,1695686700000,DAILY_SERVER_CLOSE_20230926_0000_0005
MAINTENANCE_RECOVERY,1695686700000,1695687600000,DAILY_SERVER_CLOSE_20230926_0000_0005
KINGEA_ENTRY_BLACKOUT,1695745800000,1695748500000,840020008:172574
KINGEA_ENTRY_BLACKOUT,1695745800000,1695748500000,840180002:178035
BROKER_HMR_SCHEDULED,1695746700000,1695747900000,840020008:172574
BROKER_HMR_SCHEDULED,1695746700000,1695747900000,840180002:178035
MAINTENANCE_ENTRY_BLOCK,1695771000000,1695772500000,DAILY_SERVER_CLOSE_20230927_0000_0005
MAINTENANCE_FORCE_FLAT,1695772500000,1695773100000,DAILY_SERVER_CLOSE_20230927_0000_0005
MAINTENANCE_RECOVERY,1695773100000,1695774000000,DAILY_SERVER_CLOSE_20230927_0000_0005
KINGEA_ENTRY_BLACKOUT,1695826800000,1695829500000,840020013:172634
BROKER_HMR_SCHEDULED,1695827700000,1695828900000,840020013:172634
KINGEA_ENTRY_BLACKOUT,1695834000000,1695836700000,840200001:185490
BROKER_HMR_SCHEDULED,1695834900000,1695836100000,840200001:185490
MAINTENANCE_ENTRY_BLOCK,1695857400000,1695858900000,DAILY_SERVER_CLOSE_20230928_0000_0005
MAINTENANCE_FORCE_FLAT,1695858900000,1695859500000,DAILY_SERVER_CLOSE_20230928_0000_0005
MAINTENANCE_RECOVERY,1695859500000,1695860400000,DAILY_SERVER_CLOSE_20230928_0000_0005
KINGEA_ENTRY_BLACKOUT,1695913200000,1695915900000,840010007:179467
KINGEA_ENTRY_BLACKOUT,1695913200000,1695915900000,840010018:179550
KINGEA_ENTRY_BLACKOUT,1695913200000,1695915900000,840140001:185780
BROKER_HMR_SCHEDULED,1695914100000,1695915300000,840010007:179467
BROKER_HMR_SCHEDULED,1695914100000,1695915300000,840010018:179550
BROKER_HMR_SCHEDULED,1695914100000,1695915300000,840140001:185780
MAINTENANCE_ENTRY_BLOCK,1695943800000,1695945300000,DAILY_SERVER_CLOSE_20230929_0000_0005
MAINTENANCE_FORCE_FLAT,1695945300000,1695945900000,DAILY_SERVER_CLOSE_20230929_0000_0005
MAINTENANCE_RECOVERY,1695945900000,1695946800000,DAILY_SERVER_CLOSE_20230929_0000_0005
KINGEA_ENTRY_BLACKOUT,1695999600000,1696002300000,840010001:179395
KINGEA_ENTRY_BLACKOUT,1695999600000,1696002300000,840010002:179407
BROKER_HMR_SCHEDULED,1696000500000,1696001700000,840010001:179395
BROKER_HMR_SCHEDULED,1696000500000,1696001700000,840010002:179407
KINGEA_ENTRY_BLACKOUT,1696004100000,1696006800000,840510001:185770
BROKER_HMR_SCHEDULED,1696005000000,1696006200000,840510001:185770
MAINTENANCE_ENTRY_BLOCK,1696030200000,1696031700000,DAILY_SERVER_CLOSE_20230930_0000_0005
MAINTENANCE_FORCE_FLAT,1696031700000,1696032300000,DAILY_SERVER_CLOSE_20230930_0000_0005
MAINTENANCE_RECOVERY,1696032300000,1696033200000,DAILY_SERVER_CLOSE_20230930_0000_0005
MAINTENANCE_ENTRY_BLOCK,1696116600000,1696118100000,DAILY_SERVER_CLOSE_20231001_0000_0005
MAINTENANCE_ENTRY_BLOCK,1696117140000,1696118640000,SUNDAY_SERVER_CLOSE_20231001_0009_0019
MAINTENANCE_FORCE_FLAT,1696118100000,1696118700000,DAILY_SERVER_CLOSE_20231001_0000_0005
MAINTENANCE_FORCE_FLAT,1696118640000,1696119540000,SUNDAY_SERVER_CLOSE_20231001_0009_0019
MAINTENANCE_RECOVERY,1696118700000,1696119600000,DAILY_SERVER_CLOSE_20231001_0000_0005
MAINTENANCE_RECOVERY,1696119540000,1696120440000,SUNDAY_SERVER_CLOSE_20231001_0009_0019
MAINTENANCE_ENTRY_BLOCK,1696203000000,1696204500000,DAILY_SERVER_CLOSE_20231002_0000_0005
MAINTENANCE_FORCE_FLAT,1696204500000,1696205100000,DAILY_SERVER_CLOSE_20231002_0000_0005
MAINTENANCE_RECOVERY,1696205100000,1696206000000,DAILY_SERVER_CLOSE_20231002_0000_0005
KINGEA_ENTRY_BLACKOUT,1696263300000,1696266000000,840500001:186823
BROKER_HMR_SCHEDULED,1696264200000,1696265400000,840500001:186823
KINGEA_ENTRY_BLACKOUT,1696264200000,1696266900000,840040001:181028
KINGEA_ENTRY_BLACKOUT,1696264200000,1696266900000,840040002:181032
BROKER_HMR_SCHEDULED,1696265100000,1696266300000,840040001:181028
BROKER_HMR_SCHEDULED,1696265100000,1696266300000,840040002:181032
MAINTENANCE_ENTRY_BLOCK,1696289400000,1696290900000,DAILY_SERVER_CLOSE_20231003_0000_0005
MAINTENANCE_FORCE_FLAT,1696290900000,1696291500000,DAILY_SERVER_CLOSE_20231003_0000_0005
MAINTENANCE_RECOVERY,1696291500000,1696292400000,DAILY_SERVER_CLOSE_20231003_0000_0005
KINGEA_ENTRY_BLACKOUT,1696350600000,1696353300000,840030021:174404
BROKER_HMR_SCHEDULED,1696351500000,1696352700000,840030021:174404
MAINTENANCE_ENTRY_BLOCK,1696375800000,1696377300000,DAILY_SERVER_CLOSE_20231004_0000_0005
MAINTENANCE_FORCE_FLAT,1696377300000,1696377900000,DAILY_SERVER_CLOSE_20231004_0000_0005
MAINTENANCE_RECOVERY,1696377900000,1696378800000,DAILY_SERVER_CLOSE_20231004_0000_0005
KINGEA_ENTRY_BLACKOUT,1696430700000,1696433400000,840190001:179646
BROKER_HMR_SCHEDULED,1696431600000,1696432800000,840190001:179646
KINGEA_ENTRY_BLACKOUT,1696436100000,1696438800000,840500002:186870
BROKER_HMR_SCHEDULED,1696437000000,1696438200000,840500002:186870
KINGEA_ENTRY_BLACKOUT,1696437000000,1696439700000,840040003:181035
KINGEA_ENTRY_BLACKOUT,1696437000000,1696439700000,840040008:181052
BROKER_HMR_SCHEDULED,1696437900000,1696439100000,840040003:181035
BROKER_HMR_SCHEDULED,1696437900000,1696439100000,840040008:181052
KINGEA_ENTRY_BLACKOUT,1696438800000,1696441500000,840200001:185923
BROKER_HMR_SCHEDULED,1696439700000,1696440900000,840200001:185923
MAINTENANCE_ENTRY_BLOCK,1696462200000,1696463700000,DAILY_SERVER_CLOSE_20231005_0000_0005
MAINTENANCE_FORCE_FLAT,1696463700000,1696464300000,DAILY_SERVER_CLOSE_20231005_0000_0005
MAINTENANCE_RECOVERY,1696464300000,1696465200000,DAILY_SERVER_CLOSE_20231005_0000_0005
KINGEA_ENTRY_BLACKOUT,1696518000000,1696520700000,840140001:186720
BROKER_HMR_SCHEDULED,1696518900000,1696520100000,840140001:186720
MAINTENANCE_ENTRY_BLOCK,1696548600000,1696550100000,DAILY_SERVER_CLOSE_20231006_0000_0005
MAINTENANCE_FORCE_FLAT,1696550100000,1696550700000,DAILY_SERVER_CLOSE_20231006_0000_0005
MAINTENANCE_RECOVERY,1696550700000,1696551600000,DAILY_SERVER_CLOSE_20231006_0000_0005
KINGEA_ENTRY_BLACKOUT,1696604400000,1696607100000,840030015:172085
KINGEA_ENTRY_BLACKOUT,1696604400000,1696607100000,840030016:172097
KINGEA_ENTRY_BLACKOUT,1696604400000,1696607100000,840030018:172121
BROKER_HMR_SCHEDULED,1696605300000,1696606500000,840030015:172085
BROKER_HMR_SCHEDULED,1696605300000,1696606500000,840030016:172097
BROKER_HMR_SCHEDULED,1696605300000,1696606500000,840030018:172121
MAINTENANCE_ENTRY_BLOCK,1696635000000,1696636500000,DAILY_SERVER_CLOSE_20231007_0000_0005
MAINTENANCE_FORCE_FLAT,1696636500000,1696637100000,DAILY_SERVER_CLOSE_20231007_0000_0005
MAINTENANCE_RECOVERY,1696637100000,1696638000000,DAILY_SERVER_CLOSE_20231007_0000_0005
MAINTENANCE_ENTRY_BLOCK,1696721400000,1696722900000,DAILY_SERVER_CLOSE_20231008_0000_0005
MAINTENANCE_ENTRY_BLOCK,1696721940000,1696723440000,SUNDAY_SERVER_CLOSE_20231008_0009_0019
MAINTENANCE_FORCE_FLAT,1696722900000,1696723500000,DAILY_SERVER_CLOSE_20231008_0000_0005
MAINTENANCE_FORCE_FLAT,1696723440000,1696724340000,SUNDAY_SERVER_CLOSE_20231008_0009_0019
MAINTENANCE_RECOVERY,1696723500000,1696724400000,DAILY_SERVER_CLOSE_20231008_0000_0005
MAINTENANCE_RECOVERY,1696724340000,1696725240000,SUNDAY_SERVER_CLOSE_20231008_0009_0019
MAINTENANCE_ENTRY_BLOCK,1696807800000,1696809300000,DAILY_SERVER_CLOSE_20231009_0000_0005
MAINTENANCE_FORCE_FLAT,1696809300000,1696809900000,DAILY_SERVER_CLOSE_20231009_0000_0005
MAINTENANCE_RECOVERY,1696809900000,1696810800000,DAILY_SERVER_CLOSE_20231009_0000_0005
MAINTENANCE_ENTRY_BLOCK,1696894200000,1696895700000,DAILY_SERVER_CLOSE_20231010_0000_0005
MAINTENANCE_FORCE_FLAT,1696895700000,1696896300000,DAILY_SERVER_CLOSE_20231010_0000_0005
MAINTENANCE_RECOVERY,1696896300000,1696897200000,DAILY_SERVER_CLOSE_20231010_0000_0005
MAINTENANCE_ENTRY_BLOCK,1696980600000,1696982100000,DAILY_SERVER_CLOSE_20231011_0000_0005
MAINTENANCE_FORCE_FLAT,1696982100000,1696982700000,DAILY_SERVER_CLOSE_20231011_0000_0005
MAINTENANCE_RECOVERY,1696982700000,1696983600000,DAILY_SERVER_CLOSE_20231011_0000_0005
KINGEA_ENTRY_BLACKOUT,1697036400000,1697039100000,840030001:171917
BROKER_HMR_SCHEDULED,1697037300000,1697038500000,840030001:171917
KINGEA_ENTRY_BLACKOUT,1697052600000,1697055300000,840220014:183731
BROKER_HMR_SCHEDULED,1697053500000,1697054700000,840220014:183731
MAINTENANCE_ENTRY_BLOCK,1697067000000,1697068500000,DAILY_SERVER_CLOSE_20231012_0000_0005
MAINTENANCE_FORCE_FLAT,1697068500000,1697069100000,DAILY_SERVER_CLOSE_20231012_0000_0005
MAINTENANCE_RECOVERY,1697069100000,1697070000000,DAILY_SERVER_CLOSE_20231012_0000_0005
KINGEA_ENTRY_BLACKOUT,1697122800000,1697125500000,840030005:171965
KINGEA_ENTRY_BLACKOUT,1697122800000,1697125500000,840030006:171977
KINGEA_ENTRY_BLACKOUT,1697122800000,1697125500000,840030007:171989
KINGEA_ENTRY_BLACKOUT,1697122800000,1697125500000,840030034:172269
KINGEA_ENTRY_BLACKOUT,1697122800000,1697125500000,840030035:172281
KINGEA_ENTRY_BLACKOUT,1697122800000,1697125500000,840140001:186721
BROKER_HMR_SCHEDULED,1697123700000,1697124900000,840030005:171965
BROKER_HMR_SCHEDULED,1697123700000,1697124900000,840030006:171977
BROKER_HMR_SCHEDULED,1697123700000,1697124900000,840030007:171989
BROKER_HMR_SCHEDULED,1697123700000,1697124900000,840030034:172269
BROKER_HMR_SCHEDULED,1697123700000,1697124900000,840030035:172281
BROKER_HMR_SCHEDULED,1697123700000,1697124900000,840140001:186721
KINGEA_ENTRY_BLACKOUT,1697131800000,1697134500000,840200001:186020
BROKER_HMR_SCHEDULED,1697132700000,1697133900000,840200001:186020
KINGEA_ENTRY_BLACKOUT,1697139000000,1697141700000,840220015:183734
BROKER_HMR_SCHEDULED,1697139900000,1697141100000,840220015:183734
MAINTENANCE_ENTRY_BLOCK,1697153400000,1697154900000,DAILY_SERVER_CLOSE_20231013_0000_0005
MAINTENANCE_FORCE_FLAT,1697154900000,1697155500000,DAILY_SERVER_CLOSE_20231013_0000_0005
MAINTENANCE_RECOVERY,1697155500000,1697156400000,DAILY_SERVER_CLOSE_20231013_0000_0005
MAINTENANCE_ENTRY_BLOCK,1697239800000,1697241300000,DAILY_SERVER_CLOSE_20231014_0000_0005
MAINTENANCE_FORCE_FLAT,1697241300000,1697241900000,DAILY_SERVER_CLOSE_20231014_0000_0005
MAINTENANCE_RECOVERY,1697241900000,1697242800000,DAILY_SERVER_CLOSE_20231014_0000_0005
MAINTENANCE_ENTRY_BLOCK,1697326200000,1697327700000,DAILY_SERVER_CLOSE_20231015_0000_0005
MAINTENANCE_ENTRY_BLOCK,1697326740000,1697328240000,SUNDAY_SERVER_CLOSE_20231015_0009_0019
MAINTENANCE_FORCE_FLAT,1697327700000,1697328300000,DAILY_SERVER_CLOSE_20231015_0000_0005
MAINTENANCE_FORCE_FLAT,1697328240000,1697329140000,SUNDAY_SERVER_CLOSE_20231015_0009_0019
MAINTENANCE_RECOVERY,1697328300000,1697329200000,DAILY_SERVER_CLOSE_20231015_0000_0005
MAINTENANCE_RECOVERY,1697329140000,1697330040000,SUNDAY_SERVER_CLOSE_20231015_0009_0019
MAINTENANCE_ENTRY_BLOCK,1697412600000,1697414100000,DAILY_SERVER_CLOSE_20231016_0000_0005
MAINTENANCE_FORCE_FLAT,1697414100000,1697414700000,DAILY_SERVER_CLOSE_20231016_0000_0005
MAINTENANCE_RECOVERY,1697414700000,1697415600000,DAILY_SERVER_CLOSE_20231016_0000_0005
MAINTENANCE_ENTRY_BLOCK,1697499000000,1697500500000,DAILY_SERVER_CLOSE_20231017_0000_0005
MAINTENANCE_FORCE_FLAT,1697500500000,1697501100000,DAILY_SERVER_CLOSE_20231017_0000_0005
MAINTENANCE_RECOVERY,1697501100000,1697502000000,DAILY_SERVER_CLOSE_20231017_0000_0005
KINGEA_ENTRY_BLACKOUT,1697554800000,1697557500000,840020010:172599
KINGEA_ENTRY_BLACKOUT,1697554800000,1697557500000,840020011:172611
BROKER_HMR_SCHEDULED,1697555700000,1697556900000,840020010:172599
BROKER_HMR_SCHEDULED,1697555700000,1697556900000,840020011:172611
MAINTENANCE_ENTRY_BLOCK,1697585400000,1697586900000,DAILY_SERVER_CLOSE_20231018_0000_0005
MAINTENANCE_FORCE_FLAT,1697586900000,1697587500000,DAILY_SERVER_CLOSE_20231018_0000_0005
MAINTENANCE_RECOVERY,1697587500000,1697588400000,DAILY_SERVER_CLOSE_20231018_0000_0005
KINGEA_ENTRY_BLACKOUT,1697648400000,1697651100000,840200001:186259
BROKER_HMR_SCHEDULED,1697649300000,1697650500000,840200001:186259
MAINTENANCE_ENTRY_BLOCK,1697671800000,1697673300000,DAILY_SERVER_CLOSE_20231019_0000_0005
MAINTENANCE_FORCE_FLAT,1697673300000,1697673900000,DAILY_SERVER_CLOSE_20231019_0000_0005
MAINTENANCE_RECOVERY,1697673900000,1697674800000,DAILY_SERVER_CLOSE_20231019_0000_0005
KINGEA_ENTRY_BLACKOUT,1697727600000,1697730300000,840070001:174552
KINGEA_ENTRY_BLACKOUT,1697727600000,1697730300000,840140001:186722
BROKER_HMR_SCHEDULED,1697728500000,1697729700000,840070001:174552
BROKER_HMR_SCHEDULED,1697728500000,1697729700000,840140001:186722
KINGEA_ENTRY_BLACKOUT,1697733000000,1697735700000,840120001:173316
BROKER_HMR_SCHEDULED,1697733900000,1697735100000,840120001:173316
KINGEA_ENTRY_BLACKOUT,1697740200000,1697742900000,840050022:188192
BROKER_HMR_SCHEDULED,1697741100000,1697742300000,840050022:188192
MAINTENANCE_ENTRY_BLOCK,1697758200000,1697759700000,DAILY_SERVER_CLOSE_20231020_0000_0005
MAINTENANCE_FORCE_FLAT,1697759700000,1697760300000,DAILY_SERVER_CLOSE_20231020_0000_0005
MAINTENANCE_RECOVERY,1697760300000,1697761200000,DAILY_SERVER_CLOSE_20231020_0000_0005
MAINTENANCE_ENTRY_BLOCK,1697844600000,1697846100000,DAILY_SERVER_CLOSE_20231021_0000_0005
MAINTENANCE_FORCE_FLAT,1697846100000,1697846700000,DAILY_SERVER_CLOSE_20231021_0000_0005
MAINTENANCE_RECOVERY,1697846700000,1697847600000,DAILY_SERVER_CLOSE_20231021_0000_0005
MAINTENANCE_ENTRY_BLOCK,1697931000000,1697932500000,DAILY_SERVER_CLOSE_20231022_0000_0005
MAINTENANCE_ENTRY_BLOCK,1697931540000,1697933040000,SUNDAY_SERVER_CLOSE_20231022_0009_0019
MAINTENANCE_FORCE_FLAT,1697932500000,1697933100000,DAILY_SERVER_CLOSE_20231022_0000_0005
MAINTENANCE_FORCE_FLAT,1697933040000,1697933940000,SUNDAY_SERVER_CLOSE_20231022_0009_0019
MAINTENANCE_RECOVERY,1697933100000,1697934000000,DAILY_SERVER_CLOSE_20231022_0000_0005
MAINTENANCE_RECOVERY,1697933940000,1697934840000,SUNDAY_SERVER_CLOSE_20231022_0009_0019
MAINTENANCE_ENTRY_BLOCK,1698017400000,1698018900000,DAILY_SERVER_CLOSE_20231023_0000_0005
MAINTENANCE_FORCE_FLAT,1698018900000,1698019500000,DAILY_SERVER_CLOSE_20231023_0000_0005
MAINTENANCE_RECOVERY,1698019500000,1698020400000,DAILY_SERVER_CLOSE_20231023_0000_0005
MAINTENANCE_ENTRY_BLOCK,1698103800000,1698105300000,DAILY_SERVER_CLOSE_20231024_0000_0005
MAINTENANCE_FORCE_FLAT,1698105300000,1698105900000,DAILY_SERVER_CLOSE_20231024_0000_0005
MAINTENANCE_RECOVERY,1698105900000,1698106800000,DAILY_SERVER_CLOSE_20231024_0000_0005
KINGEA_ENTRY_BLACKOUT,1698164100000,1698166800000,840500001:187440
KINGEA_ENTRY_BLACKOUT,1698164100000,1698166800000,840500002:187441
BROKER_HMR_SCHEDULED,1698165000000,1698166200000,840500001:187440
BROKER_HMR_SCHEDULED,1698165000000,1698166200000,840500002:187441
MAINTENANCE_ENTRY_BLOCK,1698190200000,1698191700000,DAILY_SERVER_CLOSE_20231025_0000_0005
MAINTENANCE_FORCE_FLAT,1698191700000,1698192300000,DAILY_SERVER_CLOSE_20231025_0000_0005
MAINTENANCE_RECOVERY,1698192300000,1698193200000,DAILY_SERVER_CLOSE_20231025_0000_0005
KINGEA_ENTRY_BLACKOUT,1698251400000,1698254100000,840020008:172575
BROKER_HMR_SCHEDULED,1698252300000,1698253500000,840020008:172575
KINGEA_ENTRY_BLACKOUT,1698253200000,1698255900000,840200001:186324
BROKER_HMR_SCHEDULED,1698254100000,1698255300000,840200001:186324
KINGEA_ENTRY_BLACKOUT,1698275100000,1698277800000,840050022:188388
BROKER_HMR_SCHEDULED,1698276000000,1698277200000,840050022:188388
MAINTENANCE_ENTRY_BLOCK,1698276600000,1698278100000,DAILY_SERVER_CLOSE_20231026_0000_0005
MAINTENANCE_FORCE_FLAT,1698278100000,1698278700000,DAILY_SERVER_CLOSE_20231026_0000_0005
MAINTENANCE_RECOVERY,1698278700000,1698279600000,DAILY_SERVER_CLOSE_20231026_0000_0005
KINGEA_ENTRY_BLACKOUT,1698332400000,1698335100000,840010007:179468
KINGEA_ENTRY_BLACKOUT,1698332400000,1698335100000,840010018:179551
KINGEA_ENTRY_BLACKOUT,1698332400000,1698335100000,840020013:172635
KINGEA_ENTRY_BLACKOUT,1698332400000,1698335100000,840140001:186723
BROKER_HMR_SCHEDULED,1698333300000,1698334500000,840010007:179468
BROKER_HMR_SCHEDULED,1698333300000,1698334500000,840010018:179551
BROKER_HMR_SCHEDULED,1698333300000,1698334500000,840020013:172635
BROKER_HMR_SCHEDULED,1698333300000,1698334500000,840140001:186723
MAINTENANCE_ENTRY_BLOCK,1698363000000,1698364500000,DAILY_SERVER_CLOSE_20231027_0000_0005
MAINTENANCE_FORCE_FLAT,1698364500000,1698365100000,DAILY_SERVER_CLOSE_20231027_0000_0005
MAINTENANCE_RECOVERY,1698365100000,1698366000000,DAILY_SERVER_CLOSE_20231027_0000_0005
KINGEA_ENTRY_BLACKOUT,1698418800000,1698421500000,840010001:179396
KINGEA_ENTRY_BLACKOUT,1698418800000,1698421500000,840010002:179408
BROKER_HMR_SCHEDULED,1698419700000,1698420900000,840010001:179396
BROKER_HMR_SCHEDULED,1698419700000,1698420900000,840010002:179408
MAINTENANCE_ENTRY_BLOCK,1698449400000,1698450900000,DAILY_SERVER_CLOSE_20231028_0000_0005
MAINTENANCE_FORCE_FLAT,1698450900000,1698451500000,DAILY_SERVER_CLOSE_20231028_0000_0005
MAINTENANCE_RECOVERY,1698451500000,1698452400000,DAILY_SERVER_CLOSE_20231028_0000_0005
MAINTENANCE_ENTRY_BLOCK,1698535800000,1698537300000,DAILY_SERVER_CLOSE_20231029_0000_0005
MAINTENANCE_ENTRY_BLOCK,1698536340000,1698537840000,SUNDAY_SERVER_CLOSE_20231029_0009_0019
MAINTENANCE_FORCE_FLAT,1698537300000,1698537900000,DAILY_SERVER_CLOSE_20231029_0000_0005
MAINTENANCE_FORCE_FLAT,1698537840000,1698538740000,SUNDAY_SERVER_CLOSE_20231029_0009_0019
MAINTENANCE_RECOVERY,1698537900000,1698538800000,DAILY_SERVER_CLOSE_20231029_0000_0005
MAINTENANCE_RECOVERY,1698538740000,1698539640000,SUNDAY_SERVER_CLOSE_20231029_0009_0019
MAINTENANCE_ENTRY_BLOCK,1698622200000,1698623700000,DAILY_SERVER_CLOSE_20231030_0000_0005
MAINTENANCE_FORCE_FLAT,1698623700000,1698624300000,DAILY_SERVER_CLOSE_20231030_0000_0005
MAINTENANCE_RECOVERY,1698624300000,1698625200000,DAILY_SERVER_CLOSE_20231030_0000_0005
MAINTENANCE_ENTRY_BLOCK,1698708600000,1698710100000,DAILY_SERVER_CLOSE_20231031_0000_0005
MAINTENANCE_FORCE_FLAT,1698710100000,1698710700000,DAILY_SERVER_CLOSE_20231031_0000_0005
MAINTENANCE_RECOVERY,1698710700000,1698711600000,DAILY_SERVER_CLOSE_20231031_0000_0005
KINGEA_ENTRY_BLACKOUT,1698768900000,1698771600000,840510001:186715
BROKER_HMR_SCHEDULED,1698769800000,1698771000000,840510001:186715
KINGEA_ENTRY_BLACKOUT,1698769800000,1698772500000,840180002:178036
BROKER_HMR_SCHEDULED,1698770700000,1698771900000,840180002:178036
MAINTENANCE_ENTRY_BLOCK,1698795000000,1698796500000,DAILY_SERVER_CLOSE_20231101_0000_0005
MAINTENANCE_FORCE_FLAT,1698796500000,1698797100000,DAILY_SERVER_CLOSE_20231101_0000_0005
MAINTENANCE_RECOVERY,1698797100000,1698798000000,DAILY_SERVER_CLOSE_20231101_0000_0005
KINGEA_ENTRY_BLACKOUT,1698849900000,1698852600000,840190001:179647
BROKER_HMR_SCHEDULED,1698850800000,1698852000000,840190001:179647
KINGEA_ENTRY_BLACKOUT,1698855300000,1698858000000,840500001:187934
BROKER_HMR_SCHEDULED,1698856200000,1698857400000,840500001:187934
KINGEA_ENTRY_BLACKOUT,1698856200000,1698858900000,840030021:174405
KINGEA_ENTRY_BLACKOUT,1698856200000,1698858900000,840040001:163075
KINGEA_ENTRY_BLACKOUT,1698856200000,1698858900000,840040002:163087
BROKER_HMR_SCHEDULED,1698857100000,1698858300000,840030021:174405
BROKER_HMR_SCHEDULED,1698857100000,1698858300000,840040001:163075
BROKER_HMR_SCHEDULED,1698857100000,1698858300000,840040002:163087
KINGEA_ENTRY_BLACKOUT,1698858000000,1698860700000,840200001:186545
BROKER_HMR_SCHEDULED,1698858900000,1698860100000,840200001:186545
KINGEA_ENTRY_BLACKOUT,1698870600000,1698873300000,840050014:168636
BROKER_HMR_SCHEDULED,1698871500000,1698872700000,840050014:168636
KINGEA_ENTRY_BLACKOUT,1698872400000,1698875100000,840050018:168644
BROKER_HMR_SCHEDULED,1698873300000,1698874500000,840050018:168644
MAINTENANCE_ENTRY_BLOCK,1698881400000,1698882900000,DAILY_SERVER_CLOSE_20231102_0000_0005
MAINTENANCE_FORCE_FLAT,1698882900000,1698883500000,DAILY_SERVER_CLOSE_20231102_0000_0005
MAINTENANCE_RECOVERY,1698883500000,1698884400000,DAILY_SERVER_CLOSE_20231102_0000_0005
KINGEA_ENTRY_BLACKOUT,1698937200000,1698939900000,840140001:187876
BROKER_HMR_SCHEDULED,1698938100000,1698939300000,840140001:187876
MAINTENANCE_ENTRY_BLOCK,1698967800000,1698969300000,DAILY_SERVER_CLOSE_20231103_0000_0005
MAINTENANCE_FORCE_FLAT,1698969300000,1698969900000,DAILY_SERVER_CLOSE_20231103_0000_0005
MAINTENANCE_RECOVERY,1698969900000,1698970800000,DAILY_SERVER_CLOSE_20231103_0000_0005
KINGEA_ENTRY_BLACKOUT,1699023600000,1699026300000,840030015:172086
KINGEA_ENTRY_BLACKOUT,1699023600000,1699026300000,840030016:172098
KINGEA_ENTRY_BLACKOUT,1699023600000,1699026300000,840030018:172122
BROKER_HMR_SCHEDULED,1699024500000,1699025700000,840030015:172086
BROKER_HMR_SCHEDULED,1699024500000,1699025700000,840030016:172098
BROKER_HMR_SCHEDULED,1699024500000,1699025700000,840030018:172122
KINGEA_ENTRY_BLACKOUT,1699028100000,1699030800000,840500002:187992
BROKER_HMR_SCHEDULED,1699029000000,1699030200000,840500002:187992
KINGEA_ENTRY_BLACKOUT,1699029000000,1699031700000,840040003:163100
KINGEA_ENTRY_BLACKOUT,1699029000000,1699031700000,840040008:163163
BROKER_HMR_SCHEDULED,1699029900000,1699031100000,840040003:163100
BROKER_HMR_SCHEDULED,1699029900000,1699031100000,840040008:163163
MAINTENANCE_ENTRY_BLOCK,1699054200000,1699055700000,DAILY_SERVER_CLOSE_20231104_0000_0005
MAINTENANCE_FORCE_FLAT,1699055700000,1699056300000,DAILY_SERVER_CLOSE_20231104_0000_0005
MAINTENANCE_RECOVERY,1699056300000,1699057200000,DAILY_SERVER_CLOSE_20231104_0000_0005
MAINTENANCE_ENTRY_BLOCK,1699140600000,1699142100000,DAILY_SERVER_CLOSE_20231105_0000_0005
MAINTENANCE_ENTRY_BLOCK,1699141140000,1699142640000,SUNDAY_SERVER_CLOSE_20231105_0009_0019
MAINTENANCE_FORCE_FLAT,1699142100000,1699142700000,DAILY_SERVER_CLOSE_20231105_0000_0005
MAINTENANCE_FORCE_FLAT,1699142640000,1699143540000,SUNDAY_SERVER_CLOSE_20231105_0009_0019
MAINTENANCE_RECOVERY,1699142700000,1699143600000,DAILY_SERVER_CLOSE_20231105_0000_0005
MAINTENANCE_RECOVERY,1699143540000,1699144440000,SUNDAY_SERVER_CLOSE_20231105_0009_0019
MAINTENANCE_ENTRY_BLOCK,1699227000000,1699228500000,DAILY_SERVER_CLOSE_20231106_0000_0005
MAINTENANCE_FORCE_FLAT,1699228500000,1699229100000,DAILY_SERVER_CLOSE_20231106_0000_0005
MAINTENANCE_RECOVERY,1699229100000,1699230000000,DAILY_SERVER_CLOSE_20231106_0000_0005
MAINTENANCE_ENTRY_BLOCK,1699313400000,1699314900000,DAILY_SERVER_CLOSE_20231107_0000_0005
MAINTENANCE_FORCE_FLAT,1699314900000,1699315500000,DAILY_SERVER_CLOSE_20231107_0000_0005
MAINTENANCE_RECOVERY,1699315500000,1699316400000,DAILY_SERVER_CLOSE_20231107_0000_0005
MAINTENANCE_ENTRY_BLOCK,1699399800000,1699401300000,DAILY_SERVER_CLOSE_20231108_0000_0005
MAINTENANCE_FORCE_FLAT,1699401300000,1699401900000,DAILY_SERVER_CLOSE_20231108_0000_0005
MAINTENANCE_RECOVERY,1699401900000,1699402800000,DAILY_SERVER_CLOSE_20231108_0000_0005
KINGEA_ENTRY_BLACKOUT,1699461900000,1699464600000,840050022:189000
BROKER_HMR_SCHEDULED,1699462800000,1699464000000,840050022:189000
KINGEA_ENTRY_BLACKOUT,1699466400000,1699469100000,840200001:186909
BROKER_HMR_SCHEDULED,1699467300000,1699468500000,840200001:186909
KINGEA_ENTRY_BLACKOUT,1699475400000,1699478100000,840220014:185911
BROKER_HMR_SCHEDULED,1699476300000,1699477500000,840220014:185911
MAINTENANCE_ENTRY_BLOCK,1699486200000,1699487700000,DAILY_SERVER_CLOSE_20231109_0000_0005
MAINTENANCE_FORCE_FLAT,1699487700000,1699488300000,DAILY_SERVER_CLOSE_20231109_0000_0005
MAINTENANCE_RECOVERY,1699488300000,1699489200000,DAILY_SERVER_CLOSE_20231109_0000_0005
KINGEA_ENTRY_BLACKOUT,1699545600000,1699548300000,840140001:187877
BROKER_HMR_SCHEDULED,1699546500000,1699547700000,840140001:187877
KINGEA_ENTRY_BLACKOUT,1699561800000,1699564500000,840220015:185914
BROKER_HMR_SCHEDULED,1699562700000,1699563900000,840220015:185914
KINGEA_ENTRY_BLACKOUT,1699565400000,1699568100000,840050022:189001
BROKER_HMR_SCHEDULED,1699566300000,1699567500000,840050022:189001
MAINTENANCE_ENTRY_BLOCK,1699572600000,1699574100000,DAILY_SERVER_CLOSE_20231110_0000_0005
MAINTENANCE_FORCE_FLAT,1699574100000,1699574700000,DAILY_SERVER_CLOSE_20231110_0000_0005
MAINTENANCE_RECOVERY,1699574700000,1699575600000,DAILY_SERVER_CLOSE_20231110_0000_0005
MAINTENANCE_ENTRY_BLOCK,1699659000000,1699660500000,DAILY_SERVER_CLOSE_20231111_0000_0005
MAINTENANCE_FORCE_FLAT,1699660500000,1699661100000,DAILY_SERVER_CLOSE_20231111_0000_0005
MAINTENANCE_RECOVERY,1699661100000,1699662000000,DAILY_SERVER_CLOSE_20231111_0000_0005
MAINTENANCE_ENTRY_BLOCK,1699745400000,1699746900000,DAILY_SERVER_CLOSE_20231112_0000_0005
MAINTENANCE_ENTRY_BLOCK,1699745940000,1699747440000,SUNDAY_SERVER_CLOSE_20231112_0009_0019
MAINTENANCE_FORCE_FLAT,1699746900000,1699747500000,DAILY_SERVER_CLOSE_20231112_0000_0005
MAINTENANCE_FORCE_FLAT,1699747440000,1699748340000,SUNDAY_SERVER_CLOSE_20231112_0009_0019
MAINTENANCE_RECOVERY,1699747500000,1699748400000,DAILY_SERVER_CLOSE_20231112_0000_0005
MAINTENANCE_RECOVERY,1699748340000,1699749240000,SUNDAY_SERVER_CLOSE_20231112_0009_0019
MAINTENANCE_ENTRY_BLOCK,1699831800000,1699833300000,DAILY_SERVER_CLOSE_20231113_0000_0005
MAINTENANCE_FORCE_FLAT,1699833300000,1699833900000,DAILY_SERVER_CLOSE_20231113_0000_0005
MAINTENANCE_RECOVERY,1699833900000,1699834800000,DAILY_SERVER_CLOSE_20231113_0000_0005
MAINTENANCE_ENTRY_BLOCK,1699918200000,1699919700000,DAILY_SERVER_CLOSE_20231114_0000_0005
MAINTENANCE_FORCE_FLAT,1699919700000,1699920300000,DAILY_SERVER_CLOSE_20231114_0000_0005
MAINTENANCE_RECOVERY,1699920300000,1699921200000,DAILY_SERVER_CLOSE_20231114_0000_0005
KINGEA_ENTRY_BLACKOUT,1699977600000,1699980300000,840030005:171966
KINGEA_ENTRY_BLACKOUT,1699977600000,1699980300000,840030006:171978
KINGEA_ENTRY_BLACKOUT,1699977600000,1699980300000,840030007:171990
KINGEA_ENTRY_BLACKOUT,1699977600000,1699980300000,840030034:172270
KINGEA_ENTRY_BLACKOUT,1699977600000,1699980300000,840030035:172282
BROKER_HMR_SCHEDULED,1699978500000,1699979700000,840030005:171966
BROKER_HMR_SCHEDULED,1699978500000,1699979700000,840030006:171978
BROKER_HMR_SCHEDULED,1699978500000,1699979700000,840030007:171990
BROKER_HMR_SCHEDULED,1699978500000,1699979700000,840030034:172270
BROKER_HMR_SCHEDULED,1699978500000,1699979700000,840030035:172282
MAINTENANCE_ENTRY_BLOCK,1700004600000,1700006100000,DAILY_SERVER_CLOSE_20231115_0000_0005
MAINTENANCE_FORCE_FLAT,1700006100000,1700006700000,DAILY_SERVER_CLOSE_20231115_0000_0005
MAINTENANCE_RECOVERY,1700006700000,1700007600000,DAILY_SERVER_CLOSE_20231115_0000_0005
KINGEA_ENTRY_BLACKOUT,1700064000000,1700066700000,840020010:172600
KINGEA_ENTRY_BLACKOUT,1700064000000,1700066700000,840020011:172612
KINGEA_ENTRY_BLACKOUT,1700064000000,1700066700000,840030001:171918
BROKER_HMR_SCHEDULED,1700064900000,1700066100000,840020010:172600
BROKER_HMR_SCHEDULED,1700064900000,1700066100000,840020011:172612
BROKER_HMR_SCHEDULED,1700064900000,1700066100000,840030001:171918
KINGEA_ENTRY_BLACKOUT,1700071200000,1700073900000,840200001:187093
BROKER_HMR_SCHEDULED,1700072100000,1700073300000,840200001:187093
MAINTENANCE_ENTRY_BLOCK,1700091000000,1700092500000,DAILY_SERVER_CLOSE_20231116_0000_0005
MAINTENANCE_FORCE_FLAT,1700092500000,1700093100000,DAILY_SERVER_CLOSE_20231116_0000_0005
MAINTENANCE_RECOVERY,1700093100000,1700094000000,DAILY_SERVER_CLOSE_20231116_0000_0005
KINGEA_ENTRY_BLACKOUT,1700150400000,1700153100000,840070001:174553
KINGEA_ENTRY_BLACKOUT,1700150400000,1700153100000,840140001:187878
BROKER_HMR_SCHEDULED,1700151300000,1700152500000,840070001:174553
BROKER_HMR_SCHEDULED,1700151300000,1700152500000,840140001:187878
MAINTENANCE_ENTRY_BLOCK,1700177400000,1700178900000,DAILY_SERVER_CLOSE_20231117_0000_0005
MAINTENANCE_FORCE_FLAT,1700178900000,1700179500000,DAILY_SERVER_CLOSE_20231117_0000_0005
MAINTENANCE_RECOVERY,1700179500000,1700180400000,DAILY_SERVER_CLOSE_20231117_0000_0005
MAINTENANCE_ENTRY_BLOCK,1700263800000,1700265300000,DAILY_SERVER_CLOSE_20231118_0000_0005
MAINTENANCE_FORCE_FLAT,1700265300000,1700265900000,DAILY_SERVER_CLOSE_20231118_0000_0005
MAINTENANCE_RECOVERY,1700265900000,1700266800000,DAILY_SERVER_CLOSE_20231118_0000_0005
MAINTENANCE_ENTRY_BLOCK,1700350200000,1700351700000,DAILY_SERVER_CLOSE_20231119_0000_0005
MAINTENANCE_ENTRY_BLOCK,1700350740000,1700352240000,SUNDAY_SERVER_CLOSE_20231119_0009_0019
MAINTENANCE_FORCE_FLAT,1700351700000,1700352300000,DAILY_SERVER_CLOSE_20231119_0000_0005
MAINTENANCE_FORCE_FLAT,1700352240000,1700353140000,SUNDAY_SERVER_CLOSE_20231119_0009_0019
MAINTENANCE_RECOVERY,1700352300000,1700353200000,DAILY_SERVER_CLOSE_20231119_0000_0005
MAINTENANCE_RECOVERY,1700353140000,1700354040000,SUNDAY_SERVER_CLOSE_20231119_0009_0019
MAINTENANCE_ENTRY_BLOCK,1700436600000,1700438100000,DAILY_SERVER_CLOSE_20231120_0000_0005
MAINTENANCE_FORCE_FLAT,1700438100000,1700438700000,DAILY_SERVER_CLOSE_20231120_0000_0005
MAINTENANCE_RECOVERY,1700438700000,1700439600000,DAILY_SERVER_CLOSE_20231120_0000_0005
MAINTENANCE_ENTRY_BLOCK,1700523000000,1700524500000,DAILY_SERVER_CLOSE_20231121_0000_0005
MAINTENANCE_FORCE_FLAT,1700524500000,1700525100000,DAILY_SERVER_CLOSE_20231121_0000_0005
MAINTENANCE_RECOVERY,1700525100000,1700526000000,DAILY_SERVER_CLOSE_20231121_0000_0005
KINGEA_ENTRY_BLACKOUT,1700587800000,1700590500000,840120001:173317
BROKER_HMR_SCHEDULED,1700588700000,1700589900000,840120001:173317
MAINTENANCE_ENTRY_BLOCK,1700609400000,1700610900000,DAILY_SERVER_CLOSE_20231122_0000_0005
MAINTENANCE_FORCE_FLAT,1700610900000,1700611500000,DAILY_SERVER_CLOSE_20231122_0000_0005
MAINTENANCE_RECOVERY,1700611500000,1700612400000,DAILY_SERVER_CLOSE_20231122_0000_0005
KINGEA_ENTRY_BLACKOUT,1700668800000,1700671500000,840020013:172636
KINGEA_ENTRY_BLACKOUT,1700668800000,1700671500000,840140001:187879
BROKER_HMR_SCHEDULED,1700669700000,1700670900000,840020013:172636
BROKER_HMR_SCHEDULED,1700669700000,1700670900000,840140001:187879
KINGEA_ENTRY_BLACKOUT,1700676000000,1700678700000,840200001:187288
BROKER_HMR_SCHEDULED,1700676900000,1700678100000,840200001:187288
MAINTENANCE_ENTRY_BLOCK,1700695800000,1700697300000,DAILY_SERVER_CLOSE_20231123_0000_0005
MAINTENANCE_FORCE_FLAT,1700697300000,1700697900000,DAILY_SERVER_CLOSE_20231123_0000_0005
MAINTENANCE_RECOVERY,1700697900000,1700698800000,DAILY_SERVER_CLOSE_20231123_0000_0005
MAINTENANCE_ENTRY_BLOCK,1700782200000,1700783700000,DAILY_SERVER_CLOSE_20231124_0000_0005
MAINTENANCE_FORCE_FLAT,1700783700000,1700784300000,DAILY_SERVER_CLOSE_20231124_0000_0005
MAINTENANCE_RECOVERY,1700784300000,1700785200000,DAILY_SERVER_CLOSE_20231124_0000_0005
KINGEA_ENTRY_BLACKOUT,1700846100000,1700848800000,840500001:188514
KINGEA_ENTRY_BLACKOUT,1700846100000,1700848800000,840500002:188515
BROKER_HMR_SCHEDULED,1700847000000,1700848200000,840500001:188514
BROKER_HMR_SCHEDULED,1700847000000,1700848200000,840500002:188515
MAINTENANCE_ENTRY_BLOCK,1700868600000,1700870100000,DAILY_SERVER_CLOSE_20231125_0000_0005
MAINTENANCE_FORCE_FLAT,1700870100000,1700870700000,DAILY_SERVER_CLOSE_20231125_0000_0005
MAINTENANCE_RECOVERY,1700870700000,1700871600000,DAILY_SERVER_CLOSE_20231125_0000_0005
MAINTENANCE_ENTRY_BLOCK,1700955000000,1700956500000,DAILY_SERVER_CLOSE_20231126_0000_0005
MAINTENANCE_ENTRY_BLOCK,1700955540000,1700957040000,SUNDAY_SERVER_CLOSE_20231126_0009_0019
MAINTENANCE_FORCE_FLAT,1700956500000,1700957100000,DAILY_SERVER_CLOSE_20231126_0000_0005
MAINTENANCE_FORCE_FLAT,1700957040000,1700957940000,SUNDAY_SERVER_CLOSE_20231126_0009_0019
MAINTENANCE_RECOVERY,1700957100000,1700958000000,DAILY_SERVER_CLOSE_20231126_0000_0005
MAINTENANCE_RECOVERY,1700957940000,1700958840000,SUNDAY_SERVER_CLOSE_20231126_0009_0019
MAINTENANCE_ENTRY_BLOCK,1701041400000,1701042900000,DAILY_SERVER_CLOSE_20231127_0000_0005
MAINTENANCE_FORCE_FLAT,1701042900000,1701043500000,DAILY_SERVER_CLOSE_20231127_0000_0005
MAINTENANCE_RECOVERY,1701043500000,1701044400000,DAILY_SERVER_CLOSE_20231127_0000_0005
KINGEA_ENTRY_BLACKOUT,1701106200000,1701108900000,840020008:172576
BROKER_HMR_SCHEDULED,1701107100000,1701108300000,840020008:172576
MAINTENANCE_ENTRY_BLOCK,1701127800000,1701129300000,DAILY_SERVER_CLOSE_20231128_0000_0005
MAINTENANCE_FORCE_FLAT,1701129300000,1701129900000,DAILY_SERVER_CLOSE_20231128_0000_0005
MAINTENANCE_RECOVERY,1701129900000,1701130800000,DAILY_SERVER_CLOSE_20231128_0000_0005
KINGEA_ENTRY_BLACKOUT,1701192600000,1701195300000,840180002:178037
BROKER_HMR_SCHEDULED,1701193500000,1701194700000,840180002:178037
MAINTENANCE_ENTRY_BLOCK,1701214200000,1701215700000,DAILY_SERVER_CLOSE_20231129_0000_0005
MAINTENANCE_FORCE_FLAT,1701215700000,1701216300000,DAILY_SERVER_CLOSE_20231129_0000_0005
MAINTENANCE_RECOVERY,1701216300000,1701217200000,DAILY_SERVER_CLOSE_20231129_0000_0005
KINGEA_ENTRY_BLACKOUT,1701273600000,1701276300000,840010007:179469
KINGEA_ENTRY_BLACKOUT,1701273600000,1701276300000,840010018:179552
BROKER_HMR_SCHEDULED,1701274500000,1701275700000,840010007:179469
BROKER_HMR_SCHEDULED,1701274500000,1701275700000,840010018:179552
KINGEA_ENTRY_BLACKOUT,1701280800000,1701283500000,840200001:187530
BROKER_HMR_SCHEDULED,1701281700000,1701282900000,840200001:187530
MAINTENANCE_ENTRY_BLOCK,1701300600000,1701302100000,DAILY_SERVER_CLOSE_20231130_0000_0005
MAINTENANCE_FORCE_FLAT,1701302100000,1701302700000,DAILY_SERVER_CLOSE_20231130_0000_0005
MAINTENANCE_RECOVERY,1701302700000,1701303600000,DAILY_SERVER_CLOSE_20231130_0000_0005
KINGEA_ENTRY_BLACKOUT,1701360000000,1701362700000,840010001:179397
KINGEA_ENTRY_BLACKOUT,1701360000000,1701362700000,840010002:179409
KINGEA_ENTRY_BLACKOUT,1701360000000,1701362700000,840140001:187880
BROKER_HMR_SCHEDULED,1701360900000,1701362100000,840010001:179397
BROKER_HMR_SCHEDULED,1701360900000,1701362100000,840010002:179409
BROKER_HMR_SCHEDULED,1701360900000,1701362100000,840140001:187880
KINGEA_ENTRY_BLACKOUT,1701364500000,1701367200000,840510001:187870
BROKER_HMR_SCHEDULED,1701365400000,1701366600000,840510001:187870
MAINTENANCE_ENTRY_BLOCK,1701387000000,1701388500000,DAILY_SERVER_CLOSE_20231201_0000_0005
MAINTENANCE_FORCE_FLAT,1701388500000,1701389100000,DAILY_SERVER_CLOSE_20231201_0000_0005
MAINTENANCE_RECOVERY,1701389100000,1701390000000,DAILY_SERVER_CLOSE_20231201_0000_0005
KINGEA_ENTRY_BLACKOUT,1701450900000,1701453600000,840500001:188995
BROKER_HMR_SCHEDULED,1701451800000,1701453000000,840500001:188995
KINGEA_ENTRY_BLACKOUT,1701451800000,1701454500000,840040001:163076
KINGEA_ENTRY_BLACKOUT,1701451800000,1701454500000,840040002:163088
BROKER_HMR_SCHEDULED,1701452700000,1701453900000,840040001:163076
BROKER_HMR_SCHEDULED,1701452700000,1701453900000,840040002:163088
KINGEA_ENTRY_BLACKOUT,1701455400000,1701458100000,840050022:190083
BROKER_HMR_SCHEDULED,1701456300000,1701457500000,840050022:190083
MAINTENANCE_ENTRY_BLOCK,1701473400000,1701474900000,DAILY_SERVER_CLOSE_20231202_0000_0005
MAINTENANCE_FORCE_FLAT,1701474900000,1701475500000,DAILY_SERVER_CLOSE_20231202_0000_0005
MAINTENANCE_RECOVERY,1701475500000,1701476400000,DAILY_SERVER_CLOSE_20231202_0000_0005
MAINTENANCE_ENTRY_BLOCK,1701559800000,1701561300000,DAILY_SERVER_CLOSE_20231203_0000_0005
MAINTENANCE_ENTRY_BLOCK,1701560340000,1701561840000,SUNDAY_SERVER_CLOSE_20231203_0009_0019
MAINTENANCE_FORCE_FLAT,1701561300000,1701561900000,DAILY_SERVER_CLOSE_20231203_0000_0005
MAINTENANCE_FORCE_FLAT,1701561840000,1701562740000,SUNDAY_SERVER_CLOSE_20231203_0009_0019
MAINTENANCE_RECOVERY,1701561900000,1701562800000,DAILY_SERVER_CLOSE_20231203_0000_0005
MAINTENANCE_RECOVERY,1701562740000,1701563640000,SUNDAY_SERVER_CLOSE_20231203_0009_0019
MAINTENANCE_ENTRY_BLOCK,1701646200000,1701647700000,DAILY_SERVER_CLOSE_20231204_0000_0005
MAINTENANCE_FORCE_FLAT,1701647700000,1701648300000,DAILY_SERVER_CLOSE_20231204_0000_0005
MAINTENANCE_RECOVERY,1701648300000,1701649200000,DAILY_SERVER_CLOSE_20231204_0000_0005
MAINTENANCE_ENTRY_BLOCK,1701732600000,1701734100000,DAILY_SERVER_CLOSE_20231205_0000_0005
MAINTENANCE_FORCE_FLAT,1701734100000,1701734700000,DAILY_SERVER_CLOSE_20231205_0000_0005
MAINTENANCE_RECOVERY,1701734700000,1701735600000,DAILY_SERVER_CLOSE_20231205_0000_0005
KINGEA_ENTRY_BLACKOUT,1701796500000,1701799200000,840500002:189201
BROKER_HMR_SCHEDULED,1701797400000,1701798600000,840500002:189201
KINGEA_ENTRY_BLACKOUT,1701797400000,1701800100000,840030021:174406
KINGEA_ENTRY_BLACKOUT,1701797400000,1701800100000,840040003:163101
KINGEA_ENTRY_BLACKOUT,1701797400000,1701800100000,840040008:163164
BROKER_HMR_SCHEDULED,1701798300000,1701799500000,840030021:174406
BROKER_HMR_SCHEDULED,1701798300000,1701799500000,840040003:163101
BROKER_HMR_SCHEDULED,1701798300000,1701799500000,840040008:163164
MAINTENANCE_ENTRY_BLOCK,1701819000000,1701820500000,DAILY_SERVER_CLOSE_20231206_0000_0005
MAINTENANCE_FORCE_FLAT,1701820500000,1701821100000,DAILY_SERVER_CLOSE_20231206_0000_0005
MAINTENANCE_RECOVERY,1701821100000,1701822000000,DAILY_SERVER_CLOSE_20231206_0000_0005
KINGEA_ENTRY_BLACKOUT,1701877500000,1701880200000,840190001:179648
BROKER_HMR_SCHEDULED,1701878400000,1701879600000,840190001:179648
KINGEA_ENTRY_BLACKOUT,1701885600000,1701888300000,840200001:188000
BROKER_HMR_SCHEDULED,1701886500000,1701887700000,840200001:188000
MAINTENANCE_ENTRY_BLOCK,1701905400000,1701906900000,DAILY_SERVER_CLOSE_20231207_0000_0005
MAINTENANCE_FORCE_FLAT,1701906900000,1701907500000,DAILY_SERVER_CLOSE_20231207_0000_0005
MAINTENANCE_RECOVERY,1701907500000,1701908400000,DAILY_SERVER_CLOSE_20231207_0000_0005
KINGEA_ENTRY_BLACKOUT,1701964800000,1701967500000,840140001:188897
BROKER_HMR_SCHEDULED,1701965700000,1701966900000,840140001:188897
MAINTENANCE_ENTRY_BLOCK,1701991800000,1701993300000,DAILY_SERVER_CLOSE_20231208_0000_0005
MAINTENANCE_FORCE_FLAT,1701993300000,1701993900000,DAILY_SERVER_CLOSE_20231208_0000_0005
MAINTENANCE_RECOVERY,1701993900000,1701994800000,DAILY_SERVER_CLOSE_20231208_0000_0005
KINGEA_ENTRY_BLACKOUT,1702051200000,1702053900000,840030015:172087
KINGEA_ENTRY_BLACKOUT,1702051200000,1702053900000,840030016:172099
KINGEA_ENTRY_BLACKOUT,1702051200000,1702053900000,840030018:172123
BROKER_HMR_SCHEDULED,1702052100000,1702053300000,840030015:172087
BROKER_HMR_SCHEDULED,1702052100000,1702053300000,840030016:172099
BROKER_HMR_SCHEDULED,1702052100000,1702053300000,840030018:172123
MAINTENANCE_ENTRY_BLOCK,1702078200000,1702079700000,DAILY_SERVER_CLOSE_20231209_0000_0005
MAINTENANCE_FORCE_FLAT,1702079700000,1702080300000,DAILY_SERVER_CLOSE_20231209_0000_0005
MAINTENANCE_RECOVERY,1702080300000,1702081200000,DAILY_SERVER_CLOSE_20231209_0000_0005
MAINTENANCE_ENTRY_BLOCK,1702164600000,1702166100000,DAILY_SERVER_CLOSE_20231210_0000_0005
MAINTENANCE_ENTRY_BLOCK,1702165140000,1702166640000,SUNDAY_SERVER_CLOSE_20231210_0009_0019
MAINTENANCE_FORCE_FLAT,1702166100000,1702166700000,DAILY_SERVER_CLOSE_20231210_0000_0005
MAINTENANCE_FORCE_FLAT,1702166640000,1702167540000,SUNDAY_SERVER_CLOSE_20231210_0009_0019
MAINTENANCE_RECOVERY,1702166700000,1702167600000,DAILY_SERVER_CLOSE_20231210_0000_0005
MAINTENANCE_RECOVERY,1702167540000,1702168440000,SUNDAY_SERVER_CLOSE_20231210_0009_0019
MAINTENANCE_ENTRY_BLOCK,1702251000000,1702252500000,DAILY_SERVER_CLOSE_20231211_0000_0005
MAINTENANCE_FORCE_FLAT,1702252500000,1702253100000,DAILY_SERVER_CLOSE_20231211_0000_0005
MAINTENANCE_RECOVERY,1702253100000,1702254000000,DAILY_SERVER_CLOSE_20231211_0000_0005
KINGEA_ENTRY_BLACKOUT,1702326600000,1702329300000,840220014:185912
BROKER_HMR_SCHEDULED,1702327500000,1702328700000,840220014:185912
MAINTENANCE_ENTRY_BLOCK,1702337400000,1702338900000,DAILY_SERVER_CLOSE_20231212_0000_0005
MAINTENANCE_FORCE_FLAT,1702338900000,1702339500000,DAILY_SERVER_CLOSE_20231212_0000_0005
MAINTENANCE_RECOVERY,1702339500000,1702340400000,DAILY_SERVER_CLOSE_20231212_0000_0005
KINGEA_ENTRY_BLACKOUT,1702396800000,1702399500000,840030005:171967
KINGEA_ENTRY_BLACKOUT,1702396800000,1702399500000,840030006:171979
KINGEA_ENTRY_BLACKOUT,1702396800000,1702399500000,840030007:171991
KINGEA_ENTRY_BLACKOUT,1702396800000,1702399500000,840030034:172271
KINGEA_ENTRY_BLACKOUT,1702396800000,1702399500000,840030035:172283
BROKER_HMR_SCHEDULED,1702397700000,1702398900000,840030005:171967
BROKER_HMR_SCHEDULED,1702397700000,1702398900000,840030006:171979
BROKER_HMR_SCHEDULED,1702397700000,1702398900000,840030007:171991
BROKER_HMR_SCHEDULED,1702397700000,1702398900000,840030034:172271
BROKER_HMR_SCHEDULED,1702397700000,1702398900000,840030035:172283
KINGEA_ENTRY_BLACKOUT,1702413000000,1702415700000,840220015:185915
BROKER_HMR_SCHEDULED,1702413900000,1702415100000,840220015:185915
MAINTENANCE_ENTRY_BLOCK,1702423800000,1702425300000,DAILY_SERVER_CLOSE_20231213_0000_0005
MAINTENANCE_FORCE_FLAT,1702425300000,1702425900000,DAILY_SERVER_CLOSE_20231213_0000_0005
MAINTENANCE_RECOVERY,1702425900000,1702426800000,DAILY_SERVER_CLOSE_20231213_0000_0005
KINGEA_ENTRY_BLACKOUT,1702483200000,1702485900000,840030001:171919
BROKER_HMR_SCHEDULED,1702484100000,1702485300000,840030001:171919
KINGEA_ENTRY_BLACKOUT,1702490400000,1702493100000,840200001:188126
BROKER_HMR_SCHEDULED,1702491300000,1702492500000,840200001:188126
KINGEA_ENTRY_BLACKOUT,1702503000000,1702505700000,840050014:168637
BROKER_HMR_SCHEDULED,1702503900000,1702505100000,840050014:168637
KINGEA_ENTRY_BLACKOUT,1702504800000,1702507500000,840050018:168645
BROKER_HMR_SCHEDULED,1702505700000,1702506900000,840050018:168645
MAINTENANCE_ENTRY_BLOCK,1702510200000,1702511700000,DAILY_SERVER_CLOSE_20231214_0000_0005
MAINTENANCE_FORCE_FLAT,1702511700000,1702512300000,DAILY_SERVER_CLOSE_20231214_0000_0005
MAINTENANCE_RECOVERY,1702512300000,1702513200000,DAILY_SERVER_CLOSE_20231214_0000_0005
KINGEA_ENTRY_BLACKOUT,1702569600000,1702572300000,840020010:172601
KINGEA_ENTRY_BLACKOUT,1702569600000,1702572300000,840020011:172613
KINGEA_ENTRY_BLACKOUT,1702569600000,1702572300000,840140001:188898
BROKER_HMR_SCHEDULED,1702570500000,1702571700000,840020010:172601
BROKER_HMR_SCHEDULED,1702570500000,1702571700000,840020011:172613
BROKER_HMR_SCHEDULED,1702570500000,1702571700000,840140001:188898
MAINTENANCE_ENTRY_BLOCK,1702596600000,1702598100000,DAILY_SERVER_CLOSE_20231215_0000_0005
MAINTENANCE_FORCE_FLAT,1702598100000,1702598700000,DAILY_SERVER_CLOSE_20231215_0000_0005
MAINTENANCE_RECOVERY,1702598700000,1702599600000,DAILY_SERVER_CLOSE_20231215_0000_0005
KINGEA_ENTRY_BLACKOUT,1702660500000,1702663200000,840500001:189536
KINGEA_ENTRY_BLACKOUT,1702660500000,1702663200000,840500002:189537
BROKER_HMR_SCHEDULED,1702661400000,1702662600000,840500001:189536
BROKER_HMR_SCHEDULED,1702661400000,1702662600000,840500002:189537
MAINTENANCE_ENTRY_BLOCK,1702683000000,1702684500000,DAILY_SERVER_CLOSE_20231216_0000_0005
MAINTENANCE_FORCE_FLAT,1702684500000,1702685100000,DAILY_SERVER_CLOSE_20231216_0000_0005
MAINTENANCE_RECOVERY,1702685100000,1702686000000,DAILY_SERVER_CLOSE_20231216_0000_0005
MAINTENANCE_ENTRY_BLOCK,1702769400000,1702770900000,DAILY_SERVER_CLOSE_20231217_0000_0005
MAINTENANCE_ENTRY_BLOCK,1702769940000,1702771440000,SUNDAY_SERVER_CLOSE_20231217_0009_0019
MAINTENANCE_FORCE_FLAT,1702770900000,1702771500000,DAILY_SERVER_CLOSE_20231217_0000_0005
MAINTENANCE_FORCE_FLAT,1702771440000,1702772340000,SUNDAY_SERVER_CLOSE_20231217_0009_0019
MAINTENANCE_RECOVERY,1702771500000,1702772400000,DAILY_SERVER_CLOSE_20231217_0000_0005
MAINTENANCE_RECOVERY,1702772340000,1702773240000,SUNDAY_SERVER_CLOSE_20231217_0009_0019
MAINTENANCE_ENTRY_BLOCK,1702855800000,1702857300000,DAILY_SERVER_CLOSE_20231218_0000_0005
MAINTENANCE_FORCE_FLAT,1702857300000,1702857900000,DAILY_SERVER_CLOSE_20231218_0000_0005
MAINTENANCE_RECOVERY,1702857900000,1702858800000,DAILY_SERVER_CLOSE_20231218_0000_0005
MAINTENANCE_ENTRY_BLOCK,1702942200000,1702943700000,DAILY_SERVER_CLOSE_20231219_0000_0005
MAINTENANCE_FORCE_FLAT,1702943700000,1702944300000,DAILY_SERVER_CLOSE_20231219_0000_0005
MAINTENANCE_RECOVERY,1702944300000,1702945200000,DAILY_SERVER_CLOSE_20231219_0000_0005
MAINTENANCE_ENTRY_BLOCK,1703028600000,1703030100000,DAILY_SERVER_CLOSE_20231220_0000_0005
MAINTENANCE_FORCE_FLAT,1703030100000,1703030700000,DAILY_SERVER_CLOSE_20231220_0000_0005
MAINTENANCE_RECOVERY,1703030700000,1703031600000,DAILY_SERVER_CLOSE_20231220_0000_0005
KINGEA_ENTRY_BLACKOUT,1703093400000,1703096100000,840120001:173318
KINGEA_ENTRY_BLACKOUT,1703093400000,1703096100000,840180002:178038
BROKER_HMR_SCHEDULED,1703094300000,1703095500000,840120001:173318
BROKER_HMR_SCHEDULED,1703094300000,1703095500000,840180002:178038
KINGEA_ENTRY_BLACKOUT,1703095200000,1703097900000,840200001:188363
BROKER_HMR_SCHEDULED,1703096100000,1703097300000,840200001:188363
MAINTENANCE_ENTRY_BLOCK,1703115000000,1703116500000,DAILY_SERVER_CLOSE_20231221_0000_0005
MAINTENANCE_FORCE_FLAT,1703116500000,1703117100000,DAILY_SERVER_CLOSE_20231221_0000_0005
MAINTENANCE_RECOVERY,1703117100000,1703118000000,DAILY_SERVER_CLOSE_20231221_0000_0005
KINGEA_ENTRY_BLACKOUT,1703174400000,1703177100000,840010007:179470
KINGEA_ENTRY_BLACKOUT,1703174400000,1703177100000,840010018:179553
KINGEA_ENTRY_BLACKOUT,1703174400000,1703177100000,840070001:174554
KINGEA_ENTRY_BLACKOUT,1703174400000,1703177100000,840140001:188899
BROKER_HMR_SCHEDULED,1703175300000,1703176500000,840010007:179470
BROKER_HMR_SCHEDULED,1703175300000,1703176500000,840010018:179553
BROKER_HMR_SCHEDULED,1703175300000,1703176500000,840070001:174554
BROKER_HMR_SCHEDULED,1703175300000,1703176500000,840140001:188899
MAINTENANCE_ENTRY_BLOCK,1703201400000,1703202900000,DAILY_SERVER_CLOSE_20231222_0000_0005
MAINTENANCE_FORCE_FLAT,1703202900000,1703203500000,DAILY_SERVER_CLOSE_20231222_0000_0005
MAINTENANCE_RECOVERY,1703203500000,1703204400000,DAILY_SERVER_CLOSE_20231222_0000_0005
KINGEA_ENTRY_BLACKOUT,1703260800000,1703263500000,840010001:179398
KINGEA_ENTRY_BLACKOUT,1703260800000,1703263500000,840010002:179410
KINGEA_ENTRY_BLACKOUT,1703260800000,1703263500000,840020013:172637
BROKER_HMR_SCHEDULED,1703261700000,1703262900000,840010001:179398
BROKER_HMR_SCHEDULED,1703261700000,1703262900000,840010002:179410
BROKER_HMR_SCHEDULED,1703261700000,1703262900000,840020013:172637
KINGEA_ENTRY_BLACKOUT,1703266200000,1703268900000,840020008:172577
BROKER_HMR_SCHEDULED,1703267100000,1703268300000,840020008:172577
MAINTENANCE_ENTRY_BLOCK,1703287800000,1703289300000,DAILY_SERVER_CLOSE_20231223_0000_0005
MAINTENANCE_FORCE_FLAT,1703289300000,1703289900000,DAILY_SERVER_CLOSE_20231223_0000_0005
MAINTENANCE_RECOVERY,1703289900000,1703290800000,DAILY_SERVER_CLOSE_20231223_0000_0005
MAINTENANCE_ENTRY_BLOCK,1703374200000,1703375700000,DAILY_SERVER_CLOSE_20231224_0000_0005
MAINTENANCE_ENTRY_BLOCK,1703374740000,1703376240000,SUNDAY_SERVER_CLOSE_20231224_0009_0019
MAINTENANCE_FORCE_FLAT,1703375700000,1703376300000,DAILY_SERVER_CLOSE_20231224_0000_0005
MAINTENANCE_FORCE_FLAT,1703376240000,1703377140000,SUNDAY_SERVER_CLOSE_20231224_0009_0019
MAINTENANCE_RECOVERY,1703376300000,1703377200000,DAILY_SERVER_CLOSE_20231224_0000_0005
MAINTENANCE_RECOVERY,1703377140000,1703378040000,SUNDAY_SERVER_CLOSE_20231224_0009_0019
MAINTENANCE_ENTRY_BLOCK,1703460600000,1703462100000,DAILY_SERVER_CLOSE_20231225_0000_0005
MAINTENANCE_FORCE_FLAT,1703462100000,1703462700000,DAILY_SERVER_CLOSE_20231225_0000_0005
MAINTENANCE_RECOVERY,1703462700000,1703463600000,DAILY_SERVER_CLOSE_20231225_0000_0005
MAINTENANCE_ENTRY_BLOCK,1703547000000,1703548500000,DAILY_SERVER_CLOSE_20231226_0000_0005
MAINTENANCE_FORCE_FLAT,1703548500000,1703549100000,DAILY_SERVER_CLOSE_20231226_0000_0005
MAINTENANCE_RECOVERY,1703549100000,1703550000000,DAILY_SERVER_CLOSE_20231226_0000_0005
MAINTENANCE_ENTRY_BLOCK,1703633400000,1703634900000,DAILY_SERVER_CLOSE_20231227_0000_0005
MAINTENANCE_FORCE_FLAT,1703634900000,1703635500000,DAILY_SERVER_CLOSE_20231227_0000_0005
MAINTENANCE_RECOVERY,1703635500000,1703636400000,DAILY_SERVER_CLOSE_20231227_0000_0005
MAINTENANCE_ENTRY_BLOCK,1703719800000,1703721300000,DAILY_SERVER_CLOSE_20231228_0000_0005
MAINTENANCE_FORCE_FLAT,1703721300000,1703721900000,DAILY_SERVER_CLOSE_20231228_0000_0005
MAINTENANCE_RECOVERY,1703721900000,1703722800000,DAILY_SERVER_CLOSE_20231228_0000_0005
KINGEA_ENTRY_BLACKOUT,1703779200000,1703781900000,840140001:188900
BROKER_HMR_SCHEDULED,1703780100000,1703781300000,840140001:188900
KINGEA_ENTRY_BLACKOUT,1703788200000,1703790900000,840200001:188518
BROKER_HMR_SCHEDULED,1703789100000,1703790300000,840200001:188518
MAINTENANCE_ENTRY_BLOCK,1703806200000,1703807700000,DAILY_SERVER_CLOSE_20231229_0000_0005
MAINTENANCE_FORCE_FLAT,1703807700000,1703808300000,DAILY_SERVER_CLOSE_20231229_0000_0005
MAINTENANCE_RECOVERY,1703808300000,1703809200000,DAILY_SERVER_CLOSE_20231229_0000_0005
KINGEA_ENTRY_BLACKOUT,1703870100000,1703872800000,840510001:188798
BROKER_HMR_SCHEDULED,1703871000000,1703872200000,840510001:188798
MAINTENANCE_ENTRY_BLOCK,1703892600000,1703894100000,DAILY_SERVER_CLOSE_20231230_0000_0005
MAINTENANCE_FORCE_FLAT,1703894100000,1703894700000,DAILY_SERVER_CLOSE_20231230_0000_0005
MAINTENANCE_RECOVERY,1703894700000,1703895600000,DAILY_SERVER_CLOSE_20231230_0000_0005
MAINTENANCE_ENTRY_BLOCK,1703979000000,1703980500000,DAILY_SERVER_CLOSE_20231231_0000_0005
MAINTENANCE_ENTRY_BLOCK,1703979540000,1703981040000,SUNDAY_SERVER_CLOSE_20231231_0009_0019
MAINTENANCE_FORCE_FLAT,1703980500000,1703981100000,DAILY_SERVER_CLOSE_20231231_0000_0005
MAINTENANCE_FORCE_FLAT,1703981040000,1703981940000,SUNDAY_SERVER_CLOSE_20231231_0009_0019
MAINTENANCE_RECOVERY,1703981100000,1703982000000,DAILY_SERVER_CLOSE_20231231_0000_0005
MAINTENANCE_RECOVERY,1703981940000,1703982840000,SUNDAY_SERVER_CLOSE_20231231_0009_0019
MAINTENANCE_ENTRY_BLOCK,1704065400000,1704066900000,DAILY_SERVER_CLOSE_20240101_0000_0005
MAINTENANCE_FORCE_FLAT,1704066900000,1704067500000,DAILY_SERVER_CLOSE_20240101_0000_0005
MAINTENANCE_RECOVERY,1704067500000,1704068400000,DAILY_SERVER_CLOSE_20240101_0000_0005
MAINTENANCE_ENTRY_BLOCK,1704151800000,1704153300000,DAILY_SERVER_CLOSE_20240102_0000_0005
MAINTENANCE_FORCE_FLAT,1704153300000,1704153900000,DAILY_SERVER_CLOSE_20240102_0000_0005
MAINTENANCE_RECOVERY,1704153900000,1704154800000,DAILY_SERVER_CLOSE_20240102_0000_0005
KINGEA_ENTRY_BLACKOUT,1704215700000,1704218400000,840500001:192169
BROKER_HMR_SCHEDULED,1704216600000,1704217800000,840500001:192169
MAINTENANCE_ENTRY_BLOCK,1704238200000,1704239700000,DAILY_SERVER_CLOSE_20240103_0000_0005
MAINTENANCE_FORCE_FLAT,1704239700000,1704240300000,DAILY_SERVER_CLOSE_20240103_0000_0005
MAINTENANCE_RECOVERY,1704240300000,1704241200000,DAILY_SERVER_CLOSE_20240103_0000_0005
KINGEA_ENTRY_BLACKOUT,1704303000000,1704305700000,840030021:191826
KINGEA_ENTRY_BLACKOUT,1704303000000,1704305700000,840040001:188256
KINGEA_ENTRY_BLACKOUT,1704303000000,1704305700000,840040002:188263
BROKER_HMR_SCHEDULED,1704303900000,1704305100000,840030021:191826
BROKER_HMR_SCHEDULED,1704303900000,1704305100000,840040001:188256
BROKER_HMR_SCHEDULED,1704303900000,1704305100000,840040002:188263
MAINTENANCE_ENTRY_BLOCK,1704324600000,1704326100000,DAILY_SERVER_CLOSE_20240104_0000_0005
MAINTENANCE_FORCE_FLAT,1704326100000,1704326700000,DAILY_SERVER_CLOSE_20240104_0000_0005
MAINTENANCE_RECOVERY,1704326700000,1704327600000,DAILY_SERVER_CLOSE_20240104_0000_0005
KINGEA_ENTRY_BLACKOUT,1704383100000,1704385800000,840190001:188885
BROKER_HMR_SCHEDULED,1704384000000,1704385200000,840190001:188885
KINGEA_ENTRY_BLACKOUT,1704384000000,1704386700000,840140001:193318
BROKER_HMR_SCHEDULED,1704384900000,1704386100000,840140001:193318
KINGEA_ENTRY_BLACKOUT,1704388500000,1704391200000,840500002:192206
BROKER_HMR_SCHEDULED,1704389400000,1704390600000,840500002:192206
KINGEA_ENTRY_BLACKOUT,1704393000000,1704395700000,840200001:188912
BROKER_HMR_SCHEDULED,1704393900000,1704395100000,840200001:188912
MAINTENANCE_ENTRY_BLOCK,1704411000000,1704412500000,DAILY_SERVER_CLOSE_20240105_0000_0005
MAINTENANCE_FORCE_FLAT,1704412500000,1704413100000,DAILY_SERVER_CLOSE_20240105_0000_0005
MAINTENANCE_RECOVERY,1704413100000,1704414000000,DAILY_SERVER_CLOSE_20240105_0000_0005
KINGEA_ENTRY_BLACKOUT,1704470400000,1704473100000,840030015:191754
KINGEA_ENTRY_BLACKOUT,1704470400000,1704473100000,840030016:191766
KINGEA_ENTRY_BLACKOUT,1704470400000,1704473100000,840030018:191790
BROKER_HMR_SCHEDULED,1704471300000,1704472500000,840030015:191754
BROKER_HMR_SCHEDULED,1704471300000,1704472500000,840030016:191766
BROKER_HMR_SCHEDULED,1704471300000,1704472500000,840030018:191790
KINGEA_ENTRY_BLACKOUT,1704475800000,1704478500000,840040003:188270
KINGEA_ENTRY_BLACKOUT,1704475800000,1704478500000,840040008:188314
BROKER_HMR_SCHEDULED,1704476700000,1704477900000,840040003:188270
BROKER_HMR_SCHEDULED,1704476700000,1704477900000,840040008:188314
MAINTENANCE_ENTRY_BLOCK,1704497400000,1704498900000,DAILY_SERVER_CLOSE_20240106_0000_0005
MAINTENANCE_FORCE_FLAT,1704498900000,1704499500000,DAILY_SERVER_CLOSE_20240106_0000_0005
MAINTENANCE_RECOVERY,1704499500000,1704500400000,DAILY_SERVER_CLOSE_20240106_0000_0005
MAINTENANCE_ENTRY_BLOCK,1704583800000,1704585300000,DAILY_SERVER_CLOSE_20240107_0000_0005
MAINTENANCE_ENTRY_BLOCK,1704584340000,1704585840000,SUNDAY_SERVER_CLOSE_20240107_0009_0019
MAINTENANCE_FORCE_FLAT,1704585300000,1704585900000,DAILY_SERVER_CLOSE_20240107_0000_0005
MAINTENANCE_FORCE_FLAT,1704585840000,1704586740000,SUNDAY_SERVER_CLOSE_20240107_0009_0019
MAINTENANCE_RECOVERY,1704585900000,1704586800000,DAILY_SERVER_CLOSE_20240107_0000_0005
MAINTENANCE_RECOVERY,1704586740000,1704587640000,SUNDAY_SERVER_CLOSE_20240107_0009_0019
MAINTENANCE_ENTRY_BLOCK,1704670200000,1704671700000,DAILY_SERVER_CLOSE_20240108_0000_0005
MAINTENANCE_FORCE_FLAT,1704671700000,1704672300000,DAILY_SERVER_CLOSE_20240108_0000_0005
MAINTENANCE_RECOVERY,1704672300000,1704673200000,DAILY_SERVER_CLOSE_20240108_0000_0005
MAINTENANCE_ENTRY_BLOCK,1704756600000,1704758100000,DAILY_SERVER_CLOSE_20240109_0000_0005
MAINTENANCE_FORCE_FLAT,1704758100000,1704758700000,DAILY_SERVER_CLOSE_20240109_0000_0005
MAINTENANCE_RECOVERY,1704758700000,1704759600000,DAILY_SERVER_CLOSE_20240109_0000_0005
MAINTENANCE_ENTRY_BLOCK,1704843000000,1704844500000,DAILY_SERVER_CLOSE_20240110_0000_0005
MAINTENANCE_FORCE_FLAT,1704844500000,1704845100000,DAILY_SERVER_CLOSE_20240110_0000_0005
MAINTENANCE_RECOVERY,1704845100000,1704846000000,DAILY_SERVER_CLOSE_20240110_0000_0005
KINGEA_ENTRY_BLACKOUT,1704909600000,1704912300000,840200001:189279
BROKER_HMR_SCHEDULED,1704910500000,1704911700000,840200001:189279
KINGEA_ENTRY_BLACKOUT,1704918600000,1704921300000,840220014:185913
BROKER_HMR_SCHEDULED,1704919500000,1704920700000,840220014:185913
MAINTENANCE_ENTRY_BLOCK,1704929400000,1704930900000,DAILY_SERVER_CLOSE_20240111_0000_0005
MAINTENANCE_FORCE_FLAT,1704930900000,1704931500000,DAILY_SERVER_CLOSE_20240111_0000_0005
MAINTENANCE_RECOVERY,1704931500000,1704932400000,DAILY_SERVER_CLOSE_20240111_0000_0005
KINGEA_ENTRY_BLACKOUT,1704988800000,1704991500000,840030005:191634
KINGEA_ENTRY_BLACKOUT,1704988800000,1704991500000,840030006:191646
KINGEA_ENTRY_BLACKOUT,1704988800000,1704991500000,840030007:191658
KINGEA_ENTRY_BLACKOUT,1704988800000,1704991500000,840030034:191950
KINGEA_ENTRY_BLACKOUT,1704988800000,1704991500000,840030035:191962
KINGEA_ENTRY_BLACKOUT,1704988800000,1704991500000,840140001:193319
BROKER_HMR_SCHEDULED,1704989700000,1704990900000,840030005:191634
BROKER_HMR_SCHEDULED,1704989700000,1704990900000,840030006:191646
BROKER_HMR_SCHEDULED,1704989700000,1704990900000,840030007:191658
BROKER_HMR_SCHEDULED,1704989700000,1704990900000,840030034:191950
BROKER_HMR_SCHEDULED,1704989700000,1704990900000,840030035:191962
BROKER_HMR_SCHEDULED,1704989700000,1704990900000,840140001:193319
KINGEA_ENTRY_BLACKOUT,1705005000000,1705007700000,840220015:185916
BROKER_HMR_SCHEDULED,1705005900000,1705007100000,840220015:185916
MAINTENANCE_ENTRY_BLOCK,1705015800000,1705017300000,DAILY_SERVER_CLOSE_20240112_0000_0005
MAINTENANCE_FORCE_FLAT,1705017300000,1705017900000,DAILY_SERVER_CLOSE_20240112_0000_0005
MAINTENANCE_RECOVERY,1705017900000,1705018800000,DAILY_SERVER_CLOSE_20240112_0000_0005
KINGEA_ENTRY_BLACKOUT,1705075200000,1705077900000,840030001:191586
BROKER_HMR_SCHEDULED,1705076100000,1705077300000,840030001:191586
MAINTENANCE_ENTRY_BLOCK,1705102200000,1705103700000,DAILY_SERVER_CLOSE_20240113_0000_0005
MAINTENANCE_FORCE_FLAT,1705103700000,1705104300000,DAILY_SERVER_CLOSE_20240113_0000_0005
MAINTENANCE_RECOVERY,1705104300000,1705105200000,DAILY_SERVER_CLOSE_20240113_0000_0005
MAINTENANCE_ENTRY_BLOCK,1705188600000,1705190100000,DAILY_SERVER_CLOSE_20240114_0000_0005
MAINTENANCE_ENTRY_BLOCK,1705189140000,1705190640000,SUNDAY_SERVER_CLOSE_20240114_0009_0019
MAINTENANCE_FORCE_FLAT,1705190100000,1705190700000,DAILY_SERVER_CLOSE_20240114_0000_0005
MAINTENANCE_FORCE_FLAT,1705190640000,1705191540000,SUNDAY_SERVER_CLOSE_20240114_0009_0019
MAINTENANCE_RECOVERY,1705190700000,1705191600000,DAILY_SERVER_CLOSE_20240114_0000_0005
MAINTENANCE_RECOVERY,1705191540000,1705192440000,SUNDAY_SERVER_CLOSE_20240114_0009_0019
MAINTENANCE_ENTRY_BLOCK,1705275000000,1705276500000,DAILY_SERVER_CLOSE_20240115_0000_0005
MAINTENANCE_FORCE_FLAT,1705276500000,1705277100000,DAILY_SERVER_CLOSE_20240115_0000_0005
MAINTENANCE_RECOVERY,1705277100000,1705278000000,DAILY_SERVER_CLOSE_20240115_0000_0005
MAINTENANCE_ENTRY_BLOCK,1705361400000,1705362900000,DAILY_SERVER_CLOSE_20240116_0000_0005
MAINTENANCE_FORCE_FLAT,1705362900000,1705363500000,DAILY_SERVER_CLOSE_20240116_0000_0005
MAINTENANCE_RECOVERY,1705363500000,1705364400000,DAILY_SERVER_CLOSE_20240116_0000_0005
MAINTENANCE_ENTRY_BLOCK,1705447800000,1705449300000,DAILY_SERVER_CLOSE_20240117_0000_0005
MAINTENANCE_FORCE_FLAT,1705449300000,1705449900000,DAILY_SERVER_CLOSE_20240117_0000_0005
MAINTENANCE_RECOVERY,1705449900000,1705450800000,DAILY_SERVER_CLOSE_20240117_0000_0005
KINGEA_ENTRY_BLACKOUT,1705507200000,1705509900000,840020010:195000
KINGEA_ENTRY_BLACKOUT,1705507200000,1705509900000,840020011:195012
BROKER_HMR_SCHEDULED,1705508100000,1705509300000,840020010:195000
BROKER_HMR_SCHEDULED,1705508100000,1705509300000,840020011:195012
MAINTENANCE_ENTRY_BLOCK,1705534200000,1705535700000,DAILY_SERVER_CLOSE_20240118_0000_0005
MAINTENANCE_FORCE_FLAT,1705535700000,1705536300000,DAILY_SERVER_CLOSE_20240118_0000_0005
MAINTENANCE_RECOVERY,1705536300000,1705537200000,DAILY_SERVER_CLOSE_20240118_0000_0005
KINGEA_ENTRY_BLACKOUT,1705593600000,1705596300000,840070001:191999
KINGEA_ENTRY_BLACKOUT,1705593600000,1705596300000,840140001:193320
BROKER_HMR_SCHEDULED,1705594500000,1705595700000,840070001:191999
BROKER_HMR_SCHEDULED,1705594500000,1705595700000,840140001:193320
KINGEA_ENTRY_BLACKOUT,1705602600000,1705605300000,840200001:189510
BROKER_HMR_SCHEDULED,1705603500000,1705604700000,840200001:189510
MAINTENANCE_ENTRY_BLOCK,1705620600000,1705622100000,DAILY_SERVER_CLOSE_20240119_0000_0005
MAINTENANCE_FORCE_FLAT,1705622100000,1705622700000,DAILY_SERVER_CLOSE_20240119_0000_0005
MAINTENANCE_RECOVERY,1705622700000,1705623600000,DAILY_SERVER_CLOSE_20240119_0000_0005
KINGEA_ENTRY_BLACKOUT,1705685400000,1705688100000,840120001:189032
BROKER_HMR_SCHEDULED,1705686300000,1705687500000,840120001:189032
MAINTENANCE_ENTRY_BLOCK,1705707000000,1705708500000,DAILY_SERVER_CLOSE_20240120_0000_0005
MAINTENANCE_FORCE_FLAT,1705708500000,1705709100000,DAILY_SERVER_CLOSE_20240120_0000_0005
MAINTENANCE_RECOVERY,1705709100000,1705710000000,DAILY_SERVER_CLOSE_20240120_0000_0005
MAINTENANCE_ENTRY_BLOCK,1705793400000,1705794900000,DAILY_SERVER_CLOSE_20240121_0000_0005
MAINTENANCE_ENTRY_BLOCK,1705793940000,1705795440000,SUNDAY_SERVER_CLOSE_20240121_0009_0019
MAINTENANCE_FORCE_FLAT,1705794900000,1705795500000,DAILY_SERVER_CLOSE_20240121_0000_0005
MAINTENANCE_FORCE_FLAT,1705795440000,1705796340000,SUNDAY_SERVER_CLOSE_20240121_0009_0019
MAINTENANCE_RECOVERY,1705795500000,1705796400000,DAILY_SERVER_CLOSE_20240121_0000_0005
MAINTENANCE_RECOVERY,1705796340000,1705797240000,SUNDAY_SERVER_CLOSE_20240121_0009_0019
MAINTENANCE_ENTRY_BLOCK,1705879800000,1705881300000,DAILY_SERVER_CLOSE_20240122_0000_0005
MAINTENANCE_FORCE_FLAT,1705881300000,1705881900000,DAILY_SERVER_CLOSE_20240122_0000_0005
MAINTENANCE_RECOVERY,1705881900000,1705882800000,DAILY_SERVER_CLOSE_20240122_0000_0005
MAINTENANCE_ENTRY_BLOCK,1705966200000,1705967700000,DAILY_SERVER_CLOSE_20240123_0000_0005
MAINTENANCE_FORCE_FLAT,1705967700000,1705968300000,DAILY_SERVER_CLOSE_20240123_0000_0005
MAINTENANCE_RECOVERY,1705968300000,1705969200000,DAILY_SERVER_CLOSE_20240123_0000_0005
MAINTENANCE_ENTRY_BLOCK,1706052600000,1706054100000,DAILY_SERVER_CLOSE_20240124_0000_0005
MAINTENANCE_FORCE_FLAT,1706054100000,1706054700000,DAILY_SERVER_CLOSE_20240124_0000_0005
MAINTENANCE_RECOVERY,1706054700000,1706055600000,DAILY_SERVER_CLOSE_20240124_0000_0005
KINGEA_ENTRY_BLACKOUT,1706119200000,1706121900000,840200001:190089
BROKER_HMR_SCHEDULED,1706120100000,1706121300000,840200001:190089
MAINTENANCE_ENTRY_BLOCK,1706139000000,1706140500000,DAILY_SERVER_CLOSE_20240125_0000_0005
MAINTENANCE_FORCE_FLAT,1706140500000,1706141100000,DAILY_SERVER_CLOSE_20240125_0000_0005
MAINTENANCE_RECOVERY,1706141100000,1706142000000,DAILY_SERVER_CLOSE_20240125_0000_0005
KINGEA_ENTRY_BLACKOUT,1706198400000,1706201100000,840020013:195036
KINGEA_ENTRY_BLACKOUT,1706198400000,1706201100000,840140001:193321
BROKER_HMR_SCHEDULED,1706199300000,1706200500000,840020013:195036
BROKER_HMR_SCHEDULED,1706199300000,1706200500000,840140001:193321
KINGEA_ENTRY_BLACKOUT,1706203800000,1706206500000,840020008:194976
BROKER_HMR_SCHEDULED,1706204700000,1706205900000,840020008:194976
MAINTENANCE_ENTRY_BLOCK,1706225400000,1706226900000,DAILY_SERVER_CLOSE_20240126_0000_0005
MAINTENANCE_FORCE_FLAT,1706226900000,1706227500000,DAILY_SERVER_CLOSE_20240126_0000_0005
MAINTENANCE_RECOVERY,1706227500000,1706228400000,DAILY_SERVER_CLOSE_20240126_0000_0005
KINGEA_ENTRY_BLACKOUT,1706281200000,1706283900000,840010001:210906
KINGEA_ENTRY_BLACKOUT,1706281200000,1706283900000,840010002:210904
BROKER_HMR_SCHEDULED,1706282100000,1706283300000,840010001:210906
BROKER_HMR_SCHEDULED,1706282100000,1706283300000,840010002:210904
MAINTENANCE_ENTRY_BLOCK,1706311800000,1706313300000,DAILY_SERVER_CLOSE_20240127_0000_0005
MAINTENANCE_FORCE_FLAT,1706313300000,1706313900000,DAILY_SERVER_CLOSE_20240127_0000_0005
MAINTENANCE_RECOVERY,1706313900000,1706314800000,DAILY_SERVER_CLOSE_20240127_0000_0005
MAINTENANCE_ENTRY_BLOCK,1706398200000,1706399700000,DAILY_SERVER_CLOSE_20240128_0000_0005
MAINTENANCE_ENTRY_BLOCK,1706398740000,1706400240000,SUNDAY_SERVER_CLOSE_20240128_0009_0019
MAINTENANCE_FORCE_FLAT,1706399700000,1706400300000,DAILY_SERVER_CLOSE_20240128_0000_0005
MAINTENANCE_FORCE_FLAT,1706400240000,1706401140000,SUNDAY_SERVER_CLOSE_20240128_0009_0019
MAINTENANCE_RECOVERY,1706400300000,1706401200000,DAILY_SERVER_CLOSE_20240128_0000_0005
MAINTENANCE_RECOVERY,1706401140000,1706402040000,SUNDAY_SERVER_CLOSE_20240128_0009_0019
MAINTENANCE_ENTRY_BLOCK,1706484600000,1706486100000,DAILY_SERVER_CLOSE_20240129_0000_0005
MAINTENANCE_FORCE_FLAT,1706486100000,1706486700000,DAILY_SERVER_CLOSE_20240129_0000_0005
MAINTENANCE_RECOVERY,1706486700000,1706487600000,DAILY_SERVER_CLOSE_20240129_0000_0005
MAINTENANCE_ENTRY_BLOCK,1706571000000,1706572500000,DAILY_SERVER_CLOSE_20240130_0000_0005
MAINTENANCE_FORCE_FLAT,1706572500000,1706573100000,DAILY_SERVER_CLOSE_20240130_0000_0005
MAINTENANCE_RECOVERY,1706573100000,1706574000000,DAILY_SERVER_CLOSE_20240130_0000_0005
KINGEA_ENTRY_BLACKOUT,1706635800000,1706638500000,840030021:191827
KINGEA_ENTRY_BLACKOUT,1706635800000,1706638500000,840180002:192212
BROKER_HMR_SCHEDULED,1706636700000,1706637900000,840030021:191827
BROKER_HMR_SCHEDULED,1706636700000,1706637900000,840180002:192212
MAINTENANCE_ENTRY_BLOCK,1706657400000,1706658900000,DAILY_SERVER_CLOSE_20240131_0000_0005
MAINTENANCE_FORCE_FLAT,1706658900000,1706659500000,DAILY_SERVER_CLOSE_20240131_0000_0005
MAINTENANCE_RECOVERY,1706659500000,1706660400000,DAILY_SERVER_CLOSE_20240131_0000_0005
KINGEA_ENTRY_BLACKOUT,1706715900000,1706718600000,840190001:188886
BROKER_HMR_SCHEDULED,1706716800000,1706718000000,840190001:188886
KINGEA_ENTRY_BLACKOUT,1706721300000,1706724000000,840510001:191986
BROKER_HMR_SCHEDULED,1706722200000,1706723400000,840510001:191986
KINGEA_ENTRY_BLACKOUT,1706724000000,1706726700000,840200001:191422
BROKER_HMR_SCHEDULED,1706724900000,1706726100000,840200001:191422
KINGEA_ENTRY_BLACKOUT,1706736600000,1706739300000,840050014:184735
BROKER_HMR_SCHEDULED,1706737500000,1706738700000,840050014:184735
KINGEA_ENTRY_BLACKOUT,1706738400000,1706741100000,840050018:184743
BROKER_HMR_SCHEDULED,1706739300000,1706740500000,840050018:184743
MAINTENANCE_ENTRY_BLOCK,1706743800000,1706745300000,DAILY_SERVER_CLOSE_20240201_0000_0005
MAINTENANCE_FORCE_FLAT,1706745300000,1706745900000,DAILY_SERVER_CLOSE_20240201_0000_0005
MAINTENANCE_RECOVERY,1706745900000,1706746800000,DAILY_SERVER_CLOSE_20240201_0000_0005
KINGEA_ENTRY_BLACKOUT,1706803200000,1706805900000,840140001:193708
BROKER_HMR_SCHEDULED,1706804100000,1706805300000,840140001:193708
KINGEA_ENTRY_BLACKOUT,1706807700000,1706810400000,840500001:194093
BROKER_HMR_SCHEDULED,1706808600000,1706809800000,840500001:194093
KINGEA_ENTRY_BLACKOUT,1706808600000,1706811300000,840040001:178983
KINGEA_ENTRY_BLACKOUT,1706808600000,1706811300000,840040002:178999
BROKER_HMR_SCHEDULED,1706809500000,1706810700000,840040001:178983
BROKER_HMR_SCHEDULED,1706809500000,1706810700000,840040002:178999
MAINTENANCE_ENTRY_BLOCK,1706830200000,1706831700000,DAILY_SERVER_CLOSE_20240202_0000_0005
MAINTENANCE_FORCE_FLAT,1706831700000,1706832300000,DAILY_SERVER_CLOSE_20240202_0000_0005
MAINTENANCE_RECOVERY,1706832300000,1706833200000,DAILY_SERVER_CLOSE_20240202_0000_0005
KINGEA_ENTRY_BLACKOUT,1706889600000,1706892300000,840030015:191755
KINGEA_ENTRY_BLACKOUT,1706889600000,1706892300000,840030016:191767
KINGEA_ENTRY_BLACKOUT,1706889600000,1706892300000,840030018:191791
BROKER_HMR_SCHEDULED,1706890500000,1706891700000,840030015:191755
BROKER_HMR_SCHEDULED,1706890500000,1706891700000,840030016:191767
BROKER_HMR_SCHEDULED,1706890500000,1706891700000,840030018:191791
MAINTENANCE_ENTRY_BLOCK,1706916600000,1706918100000,DAILY_SERVER_CLOSE_20240203_0000_0005
MAINTENANCE_FORCE_FLAT,1706918100000,1706918700000,DAILY_SERVER_CLOSE_20240203_0000_0005
MAINTENANCE_RECOVERY,1706918700000,1706919600000,DAILY_SERVER_CLOSE_20240203_0000_0005
MAINTENANCE_ENTRY_BLOCK,1707003000000,1707004500000,DAILY_SERVER_CLOSE_20240204_0000_0005
MAINTENANCE_ENTRY_BLOCK,1707003540000,1707005040000,SUNDAY_SERVER_CLOSE_20240204_0009_0019
MAINTENANCE_FORCE_FLAT,1707004500000,1707005100000,DAILY_SERVER_CLOSE_20240204_0000_0005
MAINTENANCE_FORCE_FLAT,1707005040000,1707005940000,SUNDAY_SERVER_CLOSE_20240204_0009_0019
MAINTENANCE_RECOVERY,1707005100000,1707006000000,DAILY_SERVER_CLOSE_20240204_0000_0005
MAINTENANCE_RECOVERY,1707005940000,1707006840000,SUNDAY_SERVER_CLOSE_20240204_0009_0019
MAINTENANCE_ENTRY_BLOCK,1707089400000,1707090900000,DAILY_SERVER_CLOSE_20240205_0000_0005
MAINTENANCE_FORCE_FLAT,1707090900000,1707091500000,DAILY_SERVER_CLOSE_20240205_0000_0005
MAINTENANCE_RECOVERY,1707091500000,1707092400000,DAILY_SERVER_CLOSE_20240205_0000_0005
KINGEA_ENTRY_BLACKOUT,1707153300000,1707156000000,840500002:194309
BROKER_HMR_SCHEDULED,1707154200000,1707155400000,840500002:194309
KINGEA_ENTRY_BLACKOUT,1707154200000,1707156900000,840040003:188271
KINGEA_ENTRY_BLACKOUT,1707154200000,1707156900000,840040008:188315
BROKER_HMR_SCHEDULED,1707155100000,1707156300000,840040003:188271
BROKER_HMR_SCHEDULED,1707155100000,1707156300000,840040008:188315
MAINTENANCE_ENTRY_BLOCK,1707175800000,1707177300000,DAILY_SERVER_CLOSE_20240206_0000_0005
MAINTENANCE_FORCE_FLAT,1707177300000,1707177900000,DAILY_SERVER_CLOSE_20240206_0000_0005
MAINTENANCE_RECOVERY,1707177900000,1707178800000,DAILY_SERVER_CLOSE_20240206_0000_0005
MAINTENANCE_ENTRY_BLOCK,1707262200000,1707263700000,DAILY_SERVER_CLOSE_20240207_0000_0005
MAINTENANCE_FORCE_FLAT,1707263700000,1707264300000,DAILY_SERVER_CLOSE_20240207_0000_0005
MAINTENANCE_RECOVERY,1707264300000,1707265200000,DAILY_SERVER_CLOSE_20240207_0000_0005
KINGEA_ENTRY_BLACKOUT,1707328800000,1707331500000,840200001:192259
BROKER_HMR_SCHEDULED,1707329700000,1707330900000,840200001:192259
KINGEA_ENTRY_BLACKOUT,1707337800000,1707340500000,840220014:188872
BROKER_HMR_SCHEDULED,1707338700000,1707339900000,840220014:188872
MAINTENANCE_ENTRY_BLOCK,1707348600000,1707350100000,DAILY_SERVER_CLOSE_20240208_0000_0005
MAINTENANCE_FORCE_FLAT,1707350100000,1707350700000,DAILY_SERVER_CLOSE_20240208_0000_0005
MAINTENANCE_RECOVERY,1707350700000,1707351600000,DAILY_SERVER_CLOSE_20240208_0000_0005
KINGEA_ENTRY_BLACKOUT,1707408000000,1707410700000,840140001:193709
BROKER_HMR_SCHEDULED,1707408900000,1707410100000,840140001:193709
KINGEA_ENTRY_BLACKOUT,1707424200000,1707426900000,840220015:188875
BROKER_HMR_SCHEDULED,1707425100000,1707426300000,840220015:188875
MAINTENANCE_ENTRY_BLOCK,1707435000000,1707436500000,DAILY_SERVER_CLOSE_20240209_0000_0005
MAINTENANCE_FORCE_FLAT,1707436500000,1707437100000,DAILY_SERVER_CLOSE_20240209_0000_0005
MAINTENANCE_RECOVERY,1707437100000,1707438000000,DAILY_SERVER_CLOSE_20240209_0000_0005
MAINTENANCE_ENTRY_BLOCK,1707521400000,1707522900000,DAILY_SERVER_CLOSE_20240210_0000_0005
MAINTENANCE_FORCE_FLAT,1707522900000,1707523500000,DAILY_SERVER_CLOSE_20240210_0000_0005
MAINTENANCE_RECOVERY,1707523500000,1707524400000,DAILY_SERVER_CLOSE_20240210_0000_0005
MAINTENANCE_ENTRY_BLOCK,1707607800000,1707609300000,DAILY_SERVER_CLOSE_20240211_0000_0005
MAINTENANCE_ENTRY_BLOCK,1707608340000,1707609840000,SUNDAY_SERVER_CLOSE_20240211_0009_0019
MAINTENANCE_FORCE_FLAT,1707609300000,1707609900000,DAILY_SERVER_CLOSE_20240211_0000_0005
MAINTENANCE_FORCE_FLAT,1707609840000,1707610740000,SUNDAY_SERVER_CLOSE_20240211_0009_0019
MAINTENANCE_RECOVERY,1707609900000,1707610800000,DAILY_SERVER_CLOSE_20240211_0000_0005
MAINTENANCE_RECOVERY,1707610740000,1707611640000,SUNDAY_SERVER_CLOSE_20240211_0009_0019
MAINTENANCE_ENTRY_BLOCK,1707694200000,1707695700000,DAILY_SERVER_CLOSE_20240212_0000_0005
MAINTENANCE_FORCE_FLAT,1707695700000,1707696300000,DAILY_SERVER_CLOSE_20240212_0000_0005
MAINTENANCE_RECOVERY,1707696300000,1707697200000,DAILY_SERVER_CLOSE_20240212_0000_0005
MAINTENANCE_ENTRY_BLOCK,1707780600000,1707782100000,DAILY_SERVER_CLOSE_20240213_0000_0005
MAINTENANCE_FORCE_FLAT,1707782100000,1707782700000,DAILY_SERVER_CLOSE_20240213_0000_0005
MAINTENANCE_RECOVERY,1707782700000,1707783600000,DAILY_SERVER_CLOSE_20240213_0000_0005
KINGEA_ENTRY_BLACKOUT,1707840000000,1707842700000,840030005:191635
KINGEA_ENTRY_BLACKOUT,1707840000000,1707842700000,840030006:191647
KINGEA_ENTRY_BLACKOUT,1707840000000,1707842700000,840030007:191659
KINGEA_ENTRY_BLACKOUT,1707840000000,1707842700000,840030034:191951
KINGEA_ENTRY_BLACKOUT,1707840000000,1707842700000,840030035:191963
BROKER_HMR_SCHEDULED,1707840900000,1707842100000,840030005:191635
BROKER_HMR_SCHEDULED,1707840900000,1707842100000,840030006:191647
BROKER_HMR_SCHEDULED,1707840900000,1707842100000,840030007:191659
BROKER_HMR_SCHEDULED,1707840900000,1707842100000,840030034:191951
BROKER_HMR_SCHEDULED,1707840900000,1707842100000,840030035:191963
MAINTENANCE_ENTRY_BLOCK,1707867000000,1707868500000,DAILY_SERVER_CLOSE_20240214_0000_0005
MAINTENANCE_FORCE_FLAT,1707868500000,1707869100000,DAILY_SERVER_CLOSE_20240214_0000_0005
MAINTENANCE_RECOVERY,1707869100000,1707870000000,DAILY_SERVER_CLOSE_20240214_0000_0005
KINGEA_ENTRY_BLACKOUT,1707933600000,1707936300000,840200001:192398
BROKER_HMR_SCHEDULED,1707934500000,1707935700000,840200001:192398
MAINTENANCE_ENTRY_BLOCK,1707953400000,1707954900000,DAILY_SERVER_CLOSE_20240215_0000_0005
MAINTENANCE_FORCE_FLAT,1707954900000,1707955500000,DAILY_SERVER_CLOSE_20240215_0000_0005
MAINTENANCE_RECOVERY,1707955500000,1707956400000,DAILY_SERVER_CLOSE_20240215_0000_0005
KINGEA_ENTRY_BLACKOUT,1708012800000,1708015500000,840020010:195001
KINGEA_ENTRY_BLACKOUT,1708012800000,1708015500000,840020011:195013
KINGEA_ENTRY_BLACKOUT,1708012800000,1708015500000,840070001:192000
KINGEA_ENTRY_BLACKOUT,1708012800000,1708015500000,840140001:193710
BROKER_HMR_SCHEDULED,1708013700000,1708014900000,840020010:195001
BROKER_HMR_SCHEDULED,1708013700000,1708014900000,840020011:195013
BROKER_HMR_SCHEDULED,1708013700000,1708014900000,840070001:192000
BROKER_HMR_SCHEDULED,1708013700000,1708014900000,840140001:193710
MAINTENANCE_ENTRY_BLOCK,1708039800000,1708041300000,DAILY_SERVER_CLOSE_20240216_0000_0005
MAINTENANCE_FORCE_FLAT,1708041300000,1708041900000,DAILY_SERVER_CLOSE_20240216_0000_0005
MAINTENANCE_RECOVERY,1708041900000,1708042800000,DAILY_SERVER_CLOSE_20240216_0000_0005
KINGEA_ENTRY_BLACKOUT,1708099200000,1708101900000,840030001:191587
BROKER_HMR_SCHEDULED,1708100100000,1708101300000,840030001:191587
MAINTENANCE_ENTRY_BLOCK,1708126200000,1708127700000,DAILY_SERVER_CLOSE_20240217_0000_0005
MAINTENANCE_FORCE_FLAT,1708127700000,1708128300000,DAILY_SERVER_CLOSE_20240217_0000_0005
MAINTENANCE_RECOVERY,1708128300000,1708129200000,DAILY_SERVER_CLOSE_20240217_0000_0005
MAINTENANCE_ENTRY_BLOCK,1708212600000,1708214100000,DAILY_SERVER_CLOSE_20240218_0000_0005
MAINTENANCE_ENTRY_BLOCK,1708213140000,1708214640000,SUNDAY_SERVER_CLOSE_20240218_0009_0019
MAINTENANCE_FORCE_FLAT,1708214100000,1708214700000,DAILY_SERVER_CLOSE_20240218_0000_0005
MAINTENANCE_FORCE_FLAT,1708214640000,1708215540000,SUNDAY_SERVER_CLOSE_20240218_0009_0019
MAINTENANCE_RECOVERY,1708214700000,1708215600000,DAILY_SERVER_CLOSE_20240218_0000_0005
MAINTENANCE_RECOVERY,1708215540000,1708216440000,SUNDAY_SERVER_CLOSE_20240218_0009_0019
MAINTENANCE_ENTRY_BLOCK,1708299000000,1708300500000,DAILY_SERVER_CLOSE_20240219_0000_0005
MAINTENANCE_FORCE_FLAT,1708300500000,1708301100000,DAILY_SERVER_CLOSE_20240219_0000_0005
MAINTENANCE_RECOVERY,1708301100000,1708302000000,DAILY_SERVER_CLOSE_20240219_0000_0005
MAINTENANCE_ENTRY_BLOCK,1708385400000,1708386900000,DAILY_SERVER_CLOSE_20240220_0000_0005
MAINTENANCE_FORCE_FLAT,1708386900000,1708387500000,DAILY_SERVER_CLOSE_20240220_0000_0005
MAINTENANCE_RECOVERY,1708387500000,1708388400000,DAILY_SERVER_CLOSE_20240220_0000_0005
MAINTENANCE_ENTRY_BLOCK,1708471800000,1708473300000,DAILY_SERVER_CLOSE_20240221_0000_0005
MAINTENANCE_FORCE_FLAT,1708473300000,1708473900000,DAILY_SERVER_CLOSE_20240221_0000_0005
MAINTENANCE_RECOVERY,1708473900000,1708474800000,DAILY_SERVER_CLOSE_20240221_0000_0005
MAINTENANCE_ENTRY_BLOCK,1708558200000,1708559700000,DAILY_SERVER_CLOSE_20240222_0000_0005
MAINTENANCE_FORCE_FLAT,1708559700000,1708560300000,DAILY_SERVER_CLOSE_20240222_0000_0005
MAINTENANCE_RECOVERY,1708560300000,1708561200000,DAILY_SERVER_CLOSE_20240222_0000_0005
KINGEA_ENTRY_BLACKOUT,1708617600000,1708620300000,840140001:193711
BROKER_HMR_SCHEDULED,1708618500000,1708619700000,840140001:193711
KINGEA_ENTRY_BLACKOUT,1708623000000,1708625700000,840120001:189033
BROKER_HMR_SCHEDULED,1708623900000,1708625100000,840120001:189033
KINGEA_ENTRY_BLACKOUT,1708626600000,1708629300000,840200001:193106
BROKER_HMR_SCHEDULED,1708627500000,1708628700000,840200001:193106
MAINTENANCE_ENTRY_BLOCK,1708644600000,1708646100000,DAILY_SERVER_CLOSE_20240223_0000_0005
MAINTENANCE_FORCE_FLAT,1708646100000,1708646700000,DAILY_SERVER_CLOSE_20240223_0000_0005
MAINTENANCE_RECOVERY,1708646700000,1708647600000,DAILY_SERVER_CLOSE_20240223_0000_0005
MAINTENANCE_ENTRY_BLOCK,1708731000000,1708732500000,DAILY_SERVER_CLOSE_20240224_0000_0005
MAINTENANCE_FORCE_FLAT,1708732500000,1708733100000,DAILY_SERVER_CLOSE_20240224_0000_0005
MAINTENANCE_RECOVERY,1708733100000,1708734000000,DAILY_SERVER_CLOSE_20240224_0000_0005
MAINTENANCE_ENTRY_BLOCK,1708817400000,1708818900000,DAILY_SERVER_CLOSE_20240225_0000_0005
MAINTENANCE_ENTRY_BLOCK,1708817940000,1708819440000,SUNDAY_SERVER_CLOSE_20240225_0009_0019
MAINTENANCE_FORCE_FLAT,1708818900000,1708819500000,DAILY_SERVER_CLOSE_20240225_0000_0005
MAINTENANCE_FORCE_FLAT,1708819440000,1708820340000,SUNDAY_SERVER_CLOSE_20240225_0009_0019
MAINTENANCE_RECOVERY,1708819500000,1708820400000,DAILY_SERVER_CLOSE_20240225_0000_0005
MAINTENANCE_RECOVERY,1708820340000,1708821240000,SUNDAY_SERVER_CLOSE_20240225_0009_0019
MAINTENANCE_ENTRY_BLOCK,1708903800000,1708905300000,DAILY_SERVER_CLOSE_20240226_0000_0005
MAINTENANCE_FORCE_FLAT,1708905300000,1708905900000,DAILY_SERVER_CLOSE_20240226_0000_0005
MAINTENANCE_RECOVERY,1708905900000,1708906800000,DAILY_SERVER_CLOSE_20240226_0000_0005
KINGEA_ENTRY_BLACKOUT,1708968600000,1708971300000,840020008:194977
BROKER_HMR_SCHEDULED,1708969500000,1708970700000,840020008:194977
MAINTENANCE_ENTRY_BLOCK,1708990200000,1708991700000,DAILY_SERVER_CLOSE_20240227_0000_0005
MAINTENANCE_FORCE_FLAT,1708991700000,1708992300000,DAILY_SERVER_CLOSE_20240227_0000_0005
MAINTENANCE_RECOVERY,1708992300000,1708993200000,DAILY_SERVER_CLOSE_20240227_0000_0005
KINGEA_ENTRY_BLACKOUT,1709049600000,1709052300000,840020013:195037
BROKER_HMR_SCHEDULED,1709050500000,1709051700000,840020013:195037
KINGEA_ENTRY_BLACKOUT,1709055000000,1709057700000,840180002:192213
BROKER_HMR_SCHEDULED,1709055900000,1709057100000,840180002:192213
MAINTENANCE_ENTRY_BLOCK,1709076600000,1709078100000,DAILY_SERVER_CLOSE_20240228_0000_0005
MAINTENANCE_FORCE_FLAT,1709078100000,1709078700000,DAILY_SERVER_CLOSE_20240228_0000_0005
MAINTENANCE_RECOVERY,1709078700000,1709079600000,DAILY_SERVER_CLOSE_20240228_0000_0005
KINGEA_ENTRY_BLACKOUT,1709143200000,1709145900000,840200001:193286
BROKER_HMR_SCHEDULED,1709144100000,1709145300000,840200001:193286
MAINTENANCE_ENTRY_BLOCK,1709163000000,1709164500000,DAILY_SERVER_CLOSE_20240229_0000_0005
MAINTENANCE_FORCE_FLAT,1709164500000,1709165100000,DAILY_SERVER_CLOSE_20240229_0000_0005
MAINTENANCE_RECOVERY,1709165100000,1709166000000,DAILY_SERVER_CLOSE_20240229_0000_0005
KINGEA_ENTRY_BLACKOUT,1709218800000,1709221500000,840010001:210905
KINGEA_ENTRY_BLACKOUT,1709218800000,1709221500000,840010002:210903
BROKER_HMR_SCHEDULED,1709219700000,1709220900000,840010001:210905
BROKER_HMR_SCHEDULED,1709219700000,1709220900000,840010002:210903
KINGEA_ENTRY_BLACKOUT,1709222400000,1709225100000,840140001:193712
BROKER_HMR_SCHEDULED,1709223300000,1709224500000,840140001:193712
KINGEA_ENTRY_BLACKOUT,1709226900000,1709229600000,840510001:193675
BROKER_HMR_SCHEDULED,1709227800000,1709229000000,840510001:193675
MAINTENANCE_ENTRY_BLOCK,1709249400000,1709250900000,DAILY_SERVER_CLOSE_20240301_0000_0005
MAINTENANCE_FORCE_FLAT,1709250900000,1709251500000,DAILY_SERVER_CLOSE_20240301_0000_0005
MAINTENANCE_RECOVERY,1709251500000,1709252400000,DAILY_SERVER_CLOSE_20240301_0000_0005
KINGEA_ENTRY_BLACKOUT,1709313300000,1709316000000,840500001:196040
BROKER_HMR_SCHEDULED,1709314200000,1709315400000,840500001:196040
KINGEA_ENTRY_BLACKOUT,1709314200000,1709316900000,840040001:178984
KINGEA_ENTRY_BLACKOUT,1709314200000,1709316900000,840040002:179000
BROKER_HMR_SCHEDULED,1709315100000,1709316300000,840040001:178984
BROKER_HMR_SCHEDULED,1709315100000,1709316300000,840040002:179000
MAINTENANCE_ENTRY_BLOCK,1709335800000,1709337300000,DAILY_SERVER_CLOSE_20240302_0000_0005
MAINTENANCE_FORCE_FLAT,1709337300000,1709337900000,DAILY_SERVER_CLOSE_20240302_0000_0005
MAINTENANCE_RECOVERY,1709337900000,1709338800000,DAILY_SERVER_CLOSE_20240302_0000_0005
MAINTENANCE_ENTRY_BLOCK,1709422200000,1709423700000,DAILY_SERVER_CLOSE_20240303_0000_0005
MAINTENANCE_ENTRY_BLOCK,1709422740000,1709424240000,SUNDAY_SERVER_CLOSE_20240303_0009_0019
MAINTENANCE_FORCE_FLAT,1709423700000,1709424300000,DAILY_SERVER_CLOSE_20240303_0000_0005
MAINTENANCE_FORCE_FLAT,1709424240000,1709425140000,SUNDAY_SERVER_CLOSE_20240303_0009_0019
MAINTENANCE_RECOVERY,1709424300000,1709425200000,DAILY_SERVER_CLOSE_20240303_0000_0005
MAINTENANCE_RECOVERY,1709425140000,1709426040000,SUNDAY_SERVER_CLOSE_20240303_0009_0019
MAINTENANCE_ENTRY_BLOCK,1709508600000,1709510100000,DAILY_SERVER_CLOSE_20240304_0000_0005
MAINTENANCE_FORCE_FLAT,1709510100000,1709510700000,DAILY_SERVER_CLOSE_20240304_0000_0005
MAINTENANCE_RECOVERY,1709510700000,1709511600000,DAILY_SERVER_CLOSE_20240304_0000_0005
MAINTENANCE_ENTRY_BLOCK,1709595000000,1709596500000,DAILY_SERVER_CLOSE_20240305_0000_0005
MAINTENANCE_FORCE_FLAT,1709596500000,1709597100000,DAILY_SERVER_CLOSE_20240305_0000_0005
MAINTENANCE_RECOVERY,1709597100000,1709598000000,DAILY_SERVER_CLOSE_20240305_0000_0005
KINGEA_ENTRY_BLACKOUT,1709658900000,1709661600000,840500002:196156
BROKER_HMR_SCHEDULED,1709659800000,1709661000000,840500002:196156
KINGEA_ENTRY_BLACKOUT,1709659800000,1709662500000,840040003:188272
KINGEA_ENTRY_BLACKOUT,1709659800000,1709662500000,840040008:188316
BROKER_HMR_SCHEDULED,1709660700000,1709661900000,840040003:188272
BROKER_HMR_SCHEDULED,1709660700000,1709661900000,840040008:188316
MAINTENANCE_ENTRY_BLOCK,1709681400000,1709682900000,DAILY_SERVER_CLOSE_20240306_0000_0005
MAINTENANCE_FORCE_FLAT,1709682900000,1709683500000,DAILY_SERVER_CLOSE_20240306_0000_0005
MAINTENANCE_RECOVERY,1709683500000,1709684400000,DAILY_SERVER_CLOSE_20240306_0000_0005
KINGEA_ENTRY_BLACKOUT,1709739900000,1709742600000,840190001:188887
BROKER_HMR_SCHEDULED,1709740800000,1709742000000,840190001:188887
KINGEA_ENTRY_BLACKOUT,1709746200000,1709748900000,840030021:191828
KINGEA_ENTRY_BLACKOUT,1709746200000,1709748900000,840050021:197020
BROKER_HMR_SCHEDULED,1709747100000,1709748300000,840030021:191828
BROKER_HMR_SCHEDULED,1709747100000,1709748300000,840050021:197020
KINGEA_ENTRY_BLACKOUT,1709748000000,1709750700000,840200001:194335
BROKER_HMR_SCHEDULED,1709748900000,1709750100000,840200001:194335
MAINTENANCE_ENTRY_BLOCK,1709767800000,1709769300000,DAILY_SERVER_CLOSE_20240307_0000_0005
MAINTENANCE_FORCE_FLAT,1709769300000,1709769900000,DAILY_SERVER_CLOSE_20240307_0000_0005
MAINTENANCE_RECOVERY,1709769900000,1709770800000,DAILY_SERVER_CLOSE_20240307_0000_0005
KINGEA_ENTRY_BLACKOUT,1709827200000,1709829900000,840140001:195929
BROKER_HMR_SCHEDULED,1709828100000,1709829300000,840140001:195929
KINGEA_ENTRY_BLACKOUT,1709832600000,1709835300000,840050021:197021
BROKER_HMR_SCHEDULED,1709833500000,1709834700000,840050021:197021
MAINTENANCE_ENTRY_BLOCK,1709854200000,1709855700000,DAILY_SERVER_CLOSE_20240308_0000_0005
MAINTENANCE_FORCE_FLAT,1709855700000,1709856300000,DAILY_SERVER_CLOSE_20240308_0000_0005
MAINTENANCE_RECOVERY,1709856300000,1709857200000,DAILY_SERVER_CLOSE_20240308_0000_0005
KINGEA_ENTRY_BLACKOUT,1709913600000,1709916300000,840030015:191756
KINGEA_ENTRY_BLACKOUT,1709913600000,1709916300000,840030016:191768
KINGEA_ENTRY_BLACKOUT,1709913600000,1709916300000,840030018:191792
BROKER_HMR_SCHEDULED,1709914500000,1709915700000,840030015:191756
BROKER_HMR_SCHEDULED,1709914500000,1709915700000,840030016:191768
BROKER_HMR_SCHEDULED,1709914500000,1709915700000,840030018:191792
MAINTENANCE_ENTRY_BLOCK,1709940600000,1709942100000,DAILY_SERVER_CLOSE_20240309_0000_0005
MAINTENANCE_FORCE_FLAT,1709942100000,1709942700000,DAILY_SERVER_CLOSE_20240309_0000_0005
MAINTENANCE_RECOVERY,1709942700000,1709943600000,DAILY_SERVER_CLOSE_20240309_0000_0005
MAINTENANCE_ENTRY_BLOCK,1710027000000,1710028500000,DAILY_SERVER_CLOSE_20240310_0000_0005
MAINTENANCE_ENTRY_BLOCK,1710027540000,1710029040000,SUNDAY_SERVER_CLOSE_20240310_0009_0019
MAINTENANCE_FORCE_FLAT,1710028500000,1710029100000,DAILY_SERVER_CLOSE_20240310_0000_0005
MAINTENANCE_FORCE_FLAT,1710029040000,1710029940000,SUNDAY_SERVER_CLOSE_20240310_0009_0019
MAINTENANCE_RECOVERY,1710029100000,1710030000000,DAILY_SERVER_CLOSE_20240310_0000_0005
MAINTENANCE_RECOVERY,1710029940000,1710030840000,SUNDAY_SERVER_CLOSE_20240310_0009_0019
MAINTENANCE_ENTRY_BLOCK,1710113400000,1710114900000,DAILY_SERVER_CLOSE_20240311_0000_0005
MAINTENANCE_FORCE_FLAT,1710114900000,1710115500000,DAILY_SERVER_CLOSE_20240311_0000_0005
MAINTENANCE_RECOVERY,1710115500000,1710116400000,DAILY_SERVER_CLOSE_20240311_0000_0005
MAINTENANCE_ENTRY_BLOCK,1710199800000,1710201300000,DAILY_SERVER_CLOSE_20240312_0000_0005
MAINTENANCE_FORCE_FLAT,1710201300000,1710201900000,DAILY_SERVER_CLOSE_20240312_0000_0005
MAINTENANCE_RECOVERY,1710201900000,1710202800000,DAILY_SERVER_CLOSE_20240312_0000_0005
KINGEA_ENTRY_BLACKOUT,1710255600000,1710258300000,840030005:191636
KINGEA_ENTRY_BLACKOUT,1710255600000,1710258300000,840030006:191648
KINGEA_ENTRY_BLACKOUT,1710255600000,1710258300000,840030007:191660
KINGEA_ENTRY_BLACKOUT,1710255600000,1710258300000,840030034:191952
KINGEA_ENTRY_BLACKOUT,1710255600000,1710258300000,840030035:191964
BROKER_HMR_SCHEDULED,1710256500000,1710257700000,840030005:191636
BROKER_HMR_SCHEDULED,1710256500000,1710257700000,840030006:191648
BROKER_HMR_SCHEDULED,1710256500000,1710257700000,840030007:191660
BROKER_HMR_SCHEDULED,1710256500000,1710257700000,840030034:191952
BROKER_HMR_SCHEDULED,1710256500000,1710257700000,840030035:191964
KINGEA_ENTRY_BLACKOUT,1710271800000,1710274500000,840220014:188873
BROKER_HMR_SCHEDULED,1710272700000,1710273900000,840220014:188873
MAINTENANCE_ENTRY_BLOCK,1710286200000,1710287700000,DAILY_SERVER_CLOSE_20240313_0000_0005
MAINTENANCE_FORCE_FLAT,1710287700000,1710288300000,DAILY_SERVER_CLOSE_20240313_0000_0005
MAINTENANCE_RECOVERY,1710288300000,1710289200000,DAILY_SERVER_CLOSE_20240313_0000_0005
KINGEA_ENTRY_BLACKOUT,1710349200000,1710351900000,840200001:194706
BROKER_HMR_SCHEDULED,1710350100000,1710351300000,840200001:194706
KINGEA_ENTRY_BLACKOUT,1710358200000,1710360900000,840220015:188876
BROKER_HMR_SCHEDULED,1710359100000,1710360300000,840220015:188876
MAINTENANCE_ENTRY_BLOCK,1710372600000,1710374100000,DAILY_SERVER_CLOSE_20240314_0000_0005
MAINTENANCE_FORCE_FLAT,1710374100000,1710374700000,DAILY_SERVER_CLOSE_20240314_0000_0005
MAINTENANCE_RECOVERY,1710374700000,1710375600000,DAILY_SERVER_CLOSE_20240314_0000_0005
KINGEA_ENTRY_BLACKOUT,1710428400000,1710431100000,840020010:195002
KINGEA_ENTRY_BLACKOUT,1710428400000,1710431100000,840020011:195014
KINGEA_ENTRY_BLACKOUT,1710428400000,1710431100000,840030001:191588
KINGEA_ENTRY_BLACKOUT,1710428400000,1710431100000,840140001:195930
BROKER_HMR_SCHEDULED,1710429300000,1710430500000,840020010:195002
BROKER_HMR_SCHEDULED,1710429300000,1710430500000,840020011:195014
BROKER_HMR_SCHEDULED,1710429300000,1710430500000,840030001:191588
BROKER_HMR_SCHEDULED,1710429300000,1710430500000,840140001:195930
MAINTENANCE_ENTRY_BLOCK,1710459000000,1710460500000,DAILY_SERVER_CLOSE_20240315_0000_0005
MAINTENANCE_FORCE_FLAT,1710460500000,1710461100000,DAILY_SERVER_CLOSE_20240315_0000_0005
MAINTENANCE_RECOVERY,1710461100000,1710462000000,DAILY_SERVER_CLOSE_20240315_0000_0005
MAINTENANCE_ENTRY_BLOCK,1710545400000,1710546900000,DAILY_SERVER_CLOSE_20240316_0000_0005
MAINTENANCE_FORCE_FLAT,1710546900000,1710547500000,DAILY_SERVER_CLOSE_20240316_0000_0005
MAINTENANCE_RECOVERY,1710547500000,1710548400000,DAILY_SERVER_CLOSE_20240316_0000_0005
MAINTENANCE_ENTRY_BLOCK,1710631800000,1710633300000,DAILY_SERVER_CLOSE_20240317_0000_0005
MAINTENANCE_ENTRY_BLOCK,1710632340000,1710633840000,SUNDAY_SERVER_CLOSE_20240317_0009_0019
MAINTENANCE_FORCE_FLAT,1710633300000,1710633900000,DAILY_SERVER_CLOSE_20240317_0000_0005
MAINTENANCE_FORCE_FLAT,1710633840000,1710634740000,SUNDAY_SERVER_CLOSE_20240317_0009_0019
MAINTENANCE_RECOVERY,1710633900000,1710634800000,DAILY_SERVER_CLOSE_20240317_0000_0005
MAINTENANCE_RECOVERY,1710634740000,1710635640000,SUNDAY_SERVER_CLOSE_20240317_0009_0019
MAINTENANCE_ENTRY_BLOCK,1710718200000,1710719700000,DAILY_SERVER_CLOSE_20240318_0000_0005
MAINTENANCE_FORCE_FLAT,1710719700000,1710720300000,DAILY_SERVER_CLOSE_20240318_0000_0005
MAINTENANCE_RECOVERY,1710720300000,1710721200000,DAILY_SERVER_CLOSE_20240318_0000_0005
MAINTENANCE_ENTRY_BLOCK,1710804600000,1710806100000,DAILY_SERVER_CLOSE_20240319_0000_0005
MAINTENANCE_FORCE_FLAT,1710806100000,1710806700000,DAILY_SERVER_CLOSE_20240319_0000_0005
MAINTENANCE_RECOVERY,1710806700000,1710807600000,DAILY_SERVER_CLOSE_20240319_0000_0005
MAINTENANCE_ENTRY_BLOCK,1710891000000,1710892500000,DAILY_SERVER_CLOSE_20240320_0000_0005
MAINTENANCE_FORCE_FLAT,1710892500000,1710893100000,DAILY_SERVER_CLOSE_20240320_0000_0005
MAINTENANCE_RECOVERY,1710893100000,1710894000000,DAILY_SERVER_CLOSE_20240320_0000_0005
KINGEA_ENTRY_BLACKOUT,1710954000000,1710956700000,840200001:195398
BROKER_HMR_SCHEDULED,1710954900000,1710956100000,840200001:195398
KINGEA_ENTRY_BLACKOUT,1710966600000,1710969300000,840050014:184736
BROKER_HMR_SCHEDULED,1710967500000,1710968700000,840050014:184736
KINGEA_ENTRY_BLACKOUT,1710968400000,1710971100000,840050018:184744
BROKER_HMR_SCHEDULED,1710969300000,1710970500000,840050018:184744
MAINTENANCE_ENTRY_BLOCK,1710977400000,1710978900000,DAILY_SERVER_CLOSE_20240321_0000_0005
MAINTENANCE_FORCE_FLAT,1710978900000,1710979500000,DAILY_SERVER_CLOSE_20240321_0000_0005
MAINTENANCE_RECOVERY,1710979500000,1710980400000,DAILY_SERVER_CLOSE_20240321_0000_0005
KINGEA_ENTRY_BLACKOUT,1711033200000,1711035900000,840070001:192001
KINGEA_ENTRY_BLACKOUT,1711033200000,1711035900000,840140001:195931
BROKER_HMR_SCHEDULED,1711034100000,1711035300000,840070001:192001
BROKER_HMR_SCHEDULED,1711034100000,1711035300000,840140001:195931
KINGEA_ENTRY_BLACKOUT,1711038600000,1711041300000,840120001:189034
BROKER_HMR_SCHEDULED,1711039500000,1711040700000,840120001:189034
MAINTENANCE_ENTRY_BLOCK,1711063800000,1711065300000,DAILY_SERVER_CLOSE_20240322_0000_0005
MAINTENANCE_FORCE_FLAT,1711065300000,1711065900000,DAILY_SERVER_CLOSE_20240322_0000_0005
MAINTENANCE_RECOVERY,1711065900000,1711066800000,DAILY_SERVER_CLOSE_20240322_0000_0005
MAINTENANCE_ENTRY_BLOCK,1711150200000,1711151700000,DAILY_SERVER_CLOSE_20240323_0000_0005
MAINTENANCE_FORCE_FLAT,1711151700000,1711152300000,DAILY_SERVER_CLOSE_20240323_0000_0005
MAINTENANCE_RECOVERY,1711152300000,1711153200000,DAILY_SERVER_CLOSE_20240323_0000_0005
MAINTENANCE_ENTRY_BLOCK,1711236600000,1711238100000,DAILY_SERVER_CLOSE_20240324_0000_0005
MAINTENANCE_ENTRY_BLOCK,1711237140000,1711238640000,SUNDAY_SERVER_CLOSE_20240324_0009_0019
MAINTENANCE_FORCE_FLAT,1711238100000,1711238700000,DAILY_SERVER_CLOSE_20240324_0000_0005
MAINTENANCE_FORCE_FLAT,1711238640000,1711239540000,SUNDAY_SERVER_CLOSE_20240324_0009_0019
MAINTENANCE_RECOVERY,1711238700000,1711239600000,DAILY_SERVER_CLOSE_20240324_0000_0005
MAINTENANCE_RECOVERY,1711239540000,1711240440000,SUNDAY_SERVER_CLOSE_20240324_0009_0019
MAINTENANCE_ENTRY_BLOCK,1711323000000,1711324500000,DAILY_SERVER_CLOSE_20240325_0000_0005
MAINTENANCE_FORCE_FLAT,1711324500000,1711325100000,DAILY_SERVER_CLOSE_20240325_0000_0005
MAINTENANCE_RECOVERY,1711325100000,1711326000000,DAILY_SERVER_CLOSE_20240325_0000_0005
KINGEA_ENTRY_BLACKOUT,1711384200000,1711386900000,840020008:194978
BROKER_HMR_SCHEDULED,1711385100000,1711386300000,840020008:194978
MAINTENANCE_ENTRY_BLOCK,1711409400000,1711410900000,DAILY_SERVER_CLOSE_20240326_0000_0005
MAINTENANCE_FORCE_FLAT,1711410900000,1711411500000,DAILY_SERVER_CLOSE_20240326_0000_0005
MAINTENANCE_RECOVERY,1711411500000,1711412400000,DAILY_SERVER_CLOSE_20240326_0000_0005
KINGEA_ENTRY_BLACKOUT,1711465200000,1711467900000,840020013:195038
BROKER_HMR_SCHEDULED,1711466100000,1711467300000,840020013:195038
KINGEA_ENTRY_BLACKOUT,1711470600000,1711473300000,840180002:192214
BROKER_HMR_SCHEDULED,1711471500000,1711472700000,840180002:192214
MAINTENANCE_ENTRY_BLOCK,1711495800000,1711497300000,DAILY_SERVER_CLOSE_20240327_0000_0005
MAINTENANCE_FORCE_FLAT,1711497300000,1711497900000,DAILY_SERVER_CLOSE_20240327_0000_0005
MAINTENANCE_RECOVERY,1711497900000,1711498800000,DAILY_SERVER_CLOSE_20240327_0000_0005
KINGEA_ENTRY_BLACKOUT,1711558800000,1711561500000,840200001:195787
BROKER_HMR_SCHEDULED,1711559700000,1711560900000,840200001:195787
MAINTENANCE_ENTRY_BLOCK,1711582200000,1711583700000,DAILY_SERVER_CLOSE_20240328_0000_0005
MAINTENANCE_FORCE_FLAT,1711583700000,1711584300000,DAILY_SERVER_CLOSE_20240328_0000_0005
MAINTENANCE_RECOVERY,1711584300000,1711585200000,DAILY_SERVER_CLOSE_20240328_0000_0005
KINGEA_ENTRY_BLACKOUT,1711638000000,1711640700000,840010007:197681
KINGEA_ENTRY_BLACKOUT,1711638000000,1711640700000,840010018:197752
KINGEA_ENTRY_BLACKOUT,1711638000000,1711640700000,840140001:195932
BROKER_HMR_SCHEDULED,1711638900000,1711640100000,840010007:197681
BROKER_HMR_SCHEDULED,1711638900000,1711640100000,840010018:197752
BROKER_HMR_SCHEDULED,1711638900000,1711640100000,840140001:195932
MAINTENANCE_ENTRY_BLOCK,1711668600000,1711670100000,DAILY_SERVER_CLOSE_20240329_0000_0005
MAINTENANCE_FORCE_FLAT,1711670100000,1711670700000,DAILY_SERVER_CLOSE_20240329_0000_0005
MAINTENANCE_RECOVERY,1711670700000,1711671600000,DAILY_SERVER_CLOSE_20240329_0000_0005
KINGEA_ENTRY_BLACKOUT,1711724400000,1711727100000,840010001:197621
KINGEA_ENTRY_BLACKOUT,1711724400000,1711727100000,840010002:197631
BROKER_HMR_SCHEDULED,1711725300000,1711726500000,840010001:197621
BROKER_HMR_SCHEDULED,1711725300000,1711726500000,840010002:197631
KINGEA_ENTRY_BLACKOUT,1711728900000,1711731600000,840510001:195910
BROKER_HMR_SCHEDULED,1711729800000,1711731000000,840510001:195910
KINGEA_ENTRY_BLACKOUT,1711735200000,1711737900000,840050022:197540
BROKER_HMR_SCHEDULED,1711736100000,1711737300000,840050022:197540
MAINTENANCE_ENTRY_BLOCK,1711755000000,1711756500000,DAILY_SERVER_CLOSE_20240330_0000_0005
MAINTENANCE_FORCE_FLAT,1711756500000,1711757100000,DAILY_SERVER_CLOSE_20240330_0000_0005
MAINTENANCE_RECOVERY,1711757100000,1711758000000,DAILY_SERVER_CLOSE_20240330_0000_0005
MAINTENANCE_ENTRY_BLOCK,1711841400000,1711842900000,DAILY_SERVER_CLOSE_20240331_0000_0005
MAINTENANCE_ENTRY_BLOCK,1711841940000,1711843440000,SUNDAY_SERVER_CLOSE_20240331_0009_0019
MAINTENANCE_FORCE_FLAT,1711842900000,1711843500000,DAILY_SERVER_CLOSE_20240331_0000_0005
MAINTENANCE_FORCE_FLAT,1711843440000,1711844340000,SUNDAY_SERVER_CLOSE_20240331_0009_0019
MAINTENANCE_RECOVERY,1711843500000,1711844400000,DAILY_SERVER_CLOSE_20240331_0000_0005
MAINTENANCE_RECOVERY,1711844340000,1711845240000,SUNDAY_SERVER_CLOSE_20240331_0009_0019
MAINTENANCE_ENTRY_BLOCK,1711927800000,1711929300000,DAILY_SERVER_CLOSE_20240401_0000_0005
MAINTENANCE_FORCE_FLAT,1711929300000,1711929900000,DAILY_SERVER_CLOSE_20240401_0000_0005
MAINTENANCE_RECOVERY,1711929900000,1711930800000,DAILY_SERVER_CLOSE_20240401_0000_0005
KINGEA_ENTRY_BLACKOUT,1711988100000,1711990800000,840500001:197224
BROKER_HMR_SCHEDULED,1711989000000,1711990200000,840500001:197224
KINGEA_ENTRY_BLACKOUT,1711989000000,1711991700000,840040001:188257
KINGEA_ENTRY_BLACKOUT,1711989000000,1711991700000,840040002:188264
BROKER_HMR_SCHEDULED,1711989900000,1711991100000,840040001:188257
BROKER_HMR_SCHEDULED,1711989900000,1711991100000,840040002:188264
MAINTENANCE_ENTRY_BLOCK,1712014200000,1712015700000,DAILY_SERVER_CLOSE_20240402_0000_0005
MAINTENANCE_FORCE_FLAT,1712015700000,1712016300000,DAILY_SERVER_CLOSE_20240402_0000_0005
MAINTENANCE_RECOVERY,1712016300000,1712017200000,DAILY_SERVER_CLOSE_20240402_0000_0005
KINGEA_ENTRY_BLACKOUT,1712075400000,1712078100000,840030021:191829
BROKER_HMR_SCHEDULED,1712076300000,1712077500000,840030021:191829
MAINTENANCE_ENTRY_BLOCK,1712100600000,1712102100000,DAILY_SERVER_CLOSE_20240403_0000_0005
MAINTENANCE_FORCE_FLAT,1712102100000,1712102700000,DAILY_SERVER_CLOSE_20240403_0000_0005
MAINTENANCE_RECOVERY,1712102700000,1712103600000,DAILY_SERVER_CLOSE_20240403_0000_0005
KINGEA_ENTRY_BLACKOUT,1712155500000,1712158200000,840190001:188888
BROKER_HMR_SCHEDULED,1712156400000,1712157600000,840190001:188888
KINGEA_ENTRY_BLACKOUT,1712160900000,1712163600000,840500002:197250
BROKER_HMR_SCHEDULED,1712161800000,1712163000000,840500002:197250
KINGEA_ENTRY_BLACKOUT,1712161800000,1712164500000,840040003:188273
KINGEA_ENTRY_BLACKOUT,1712161800000,1712164500000,840040008:188317
BROKER_HMR_SCHEDULED,1712162700000,1712163900000,840040003:188273
BROKER_HMR_SCHEDULED,1712162700000,1712163900000,840040008:188317
KINGEA_ENTRY_BLACKOUT,1712163600000,1712166300000,840200001:196203
BROKER_HMR_SCHEDULED,1712164500000,1712165700000,840200001:196203
KINGEA_ENTRY_BLACKOUT,1712169600000,1712172300000,840050022:197829
BROKER_HMR_SCHEDULED,1712170500000,1712171700000,840050022:197829
MAINTENANCE_ENTRY_BLOCK,1712187000000,1712188500000,DAILY_SERVER_CLOSE_20240404_0000_0005
MAINTENANCE_FORCE_FLAT,1712188500000,1712189100000,DAILY_SERVER_CLOSE_20240404_0000_0005
MAINTENANCE_RECOVERY,1712189100000,1712190000000,DAILY_SERVER_CLOSE_20240404_0000_0005
KINGEA_ENTRY_BLACKOUT,1712242800000,1712245500000,840140001:197109
BROKER_HMR_SCHEDULED,1712243700000,1712244900000,840140001:197109
MAINTENANCE_ENTRY_BLOCK,1712273400000,1712274900000,DAILY_SERVER_CLOSE_20240405_0000_0005
MAINTENANCE_FORCE_FLAT,1712274900000,1712275500000,DAILY_SERVER_CLOSE_20240405_0000_0005
MAINTENANCE_RECOVERY,1712275500000,1712276400000,DAILY_SERVER_CLOSE_20240405_0000_0005
KINGEA_ENTRY_BLACKOUT,1712329200000,1712331900000,840030015:191757
KINGEA_ENTRY_BLACKOUT,1712329200000,1712331900000,840030016:191769
KINGEA_ENTRY_BLACKOUT,1712329200000,1712331900000,840030018:191793
BROKER_HMR_SCHEDULED,1712330100000,1712331300000,840030015:191757
BROKER_HMR_SCHEDULED,1712330100000,1712331300000,840030016:191769
BROKER_HMR_SCHEDULED,1712330100000,1712331300000,840030018:191793
MAINTENANCE_ENTRY_BLOCK,1712359800000,1712361300000,DAILY_SERVER_CLOSE_20240406_0000_0005
MAINTENANCE_FORCE_FLAT,1712361300000,1712361900000,DAILY_SERVER_CLOSE_20240406_0000_0005
MAINTENANCE_RECOVERY,1712361900000,1712362800000,DAILY_SERVER_CLOSE_20240406_0000_0005
MAINTENANCE_ENTRY_BLOCK,1712446200000,1712447700000,DAILY_SERVER_CLOSE_20240407_0000_0005
MAINTENANCE_ENTRY_BLOCK,1712446740000,1712448240000,SUNDAY_SERVER_CLOSE_20240407_0009_0019
MAINTENANCE_FORCE_FLAT,1712447700000,1712448300000,DAILY_SERVER_CLOSE_20240407_0000_0005
MAINTENANCE_FORCE_FLAT,1712448240000,1712449140000,SUNDAY_SERVER_CLOSE_20240407_0009_0019
MAINTENANCE_RECOVERY,1712448300000,1712449200000,DAILY_SERVER_CLOSE_20240407_0000_0005
MAINTENANCE_RECOVERY,1712449140000,1712450040000,SUNDAY_SERVER_CLOSE_20240407_0009_0019
MAINTENANCE_ENTRY_BLOCK,1712532600000,1712534100000,DAILY_SERVER_CLOSE_20240408_0000_0005
MAINTENANCE_FORCE_FLAT,1712534100000,1712534700000,DAILY_SERVER_CLOSE_20240408_0000_0005
MAINTENANCE_RECOVERY,1712534700000,1712535600000,DAILY_SERVER_CLOSE_20240408_0000_0005
MAINTENANCE_ENTRY_BLOCK,1712619000000,1712620500000,DAILY_SERVER_CLOSE_20240409_0000_0005
MAINTENANCE_FORCE_FLAT,1712620500000,1712621100000,DAILY_SERVER_CLOSE_20240409_0000_0005
MAINTENANCE_RECOVERY,1712621100000,1712622000000,DAILY_SERVER_CLOSE_20240409_0000_0005
MAINTENANCE_ENTRY_BLOCK,1712705400000,1712706900000,DAILY_SERVER_CLOSE_20240410_0000_0005
MAINTENANCE_FORCE_FLAT,1712706900000,1712707500000,DAILY_SERVER_CLOSE_20240410_0000_0005
MAINTENANCE_RECOVERY,1712707500000,1712708400000,DAILY_SERVER_CLOSE_20240410_0000_0005
KINGEA_ENTRY_BLACKOUT,1712761200000,1712763900000,840030005:191637
KINGEA_ENTRY_BLACKOUT,1712761200000,1712763900000,840030006:191649
KINGEA_ENTRY_BLACKOUT,1712761200000,1712763900000,840030007:191661
KINGEA_ENTRY_BLACKOUT,1712761200000,1712763900000,840030034:191953
KINGEA_ENTRY_BLACKOUT,1712761200000,1712763900000,840030035:191965
BROKER_HMR_SCHEDULED,1712762100000,1712763300000,840030005:191637
BROKER_HMR_SCHEDULED,1712762100000,1712763300000,840030006:191649
BROKER_HMR_SCHEDULED,1712762100000,1712763300000,840030007:191661
BROKER_HMR_SCHEDULED,1712762100000,1712763300000,840030034:191953
BROKER_HMR_SCHEDULED,1712762100000,1712763300000,840030035:191965
KINGEA_ENTRY_BLACKOUT,1712768400000,1712771100000,840200001:196503
BROKER_HMR_SCHEDULED,1712769300000,1712770500000,840200001:196503
KINGEA_ENTRY_BLACKOUT,1712777400000,1712780100000,840220014:188874
BROKER_HMR_SCHEDULED,1712778300000,1712779500000,840220014:188874
MAINTENANCE_ENTRY_BLOCK,1712791800000,1712793300000,DAILY_SERVER_CLOSE_20240411_0000_0005
MAINTENANCE_FORCE_FLAT,1712793300000,1712793900000,DAILY_SERVER_CLOSE_20240411_0000_0005
MAINTENANCE_RECOVERY,1712793900000,1712794800000,DAILY_SERVER_CLOSE_20240411_0000_0005
KINGEA_ENTRY_BLACKOUT,1712847600000,1712850300000,840030001:191589
KINGEA_ENTRY_BLACKOUT,1712847600000,1712850300000,840140001:197110
BROKER_HMR_SCHEDULED,1712848500000,1712849700000,840030001:191589
BROKER_HMR_SCHEDULED,1712848500000,1712849700000,840140001:197110
KINGEA_ENTRY_BLACKOUT,1712863800000,1712866500000,840220015:188877
BROKER_HMR_SCHEDULED,1712864700000,1712865900000,840220015:188877
MAINTENANCE_ENTRY_BLOCK,1712878200000,1712879700000,DAILY_SERVER_CLOSE_20240412_0000_0005
MAINTENANCE_FORCE_FLAT,1712879700000,1712880300000,DAILY_SERVER_CLOSE_20240412_0000_0005
MAINTENANCE_RECOVERY,1712880300000,1712881200000,DAILY_SERVER_CLOSE_20240412_0000_0005
MAINTENANCE_ENTRY_BLOCK,1712964600000,1712966100000,DAILY_SERVER_CLOSE_20240413_0000_0005
MAINTENANCE_FORCE_FLAT,1712966100000,1712966700000,DAILY_SERVER_CLOSE_20240413_0000_0005
MAINTENANCE_RECOVERY,1712966700000,1712967600000,DAILY_SERVER_CLOSE_20240413_0000_0005
MAINTENANCE_ENTRY_BLOCK,1713051000000,1713052500000,DAILY_SERVER_CLOSE_20240414_0000_0005
MAINTENANCE_ENTRY_BLOCK,1713051540000,1713053040000,SUNDAY_SERVER_CLOSE_20240414_0009_0019
MAINTENANCE_FORCE_FLAT,1713052500000,1713053100000,DAILY_SERVER_CLOSE_20240414_0000_0005
MAINTENANCE_FORCE_FLAT,1713053040000,1713053940000,SUNDAY_SERVER_CLOSE_20240414_0009_0019
MAINTENANCE_RECOVERY,1713053100000,1713054000000,DAILY_SERVER_CLOSE_20240414_0000_0005
MAINTENANCE_RECOVERY,1713053940000,1713054840000,SUNDAY_SERVER_CLOSE_20240414_0009_0019
MAINTENANCE_ENTRY_BLOCK,1713137400000,1713138900000,DAILY_SERVER_CLOSE_20240415_0000_0005
MAINTENANCE_FORCE_FLAT,1713138900000,1713139500000,DAILY_SERVER_CLOSE_20240415_0000_0005
MAINTENANCE_RECOVERY,1713139500000,1713140400000,DAILY_SERVER_CLOSE_20240415_0000_0005
KINGEA_ENTRY_BLACKOUT,1713193200000,1713195900000,840020010:195003
KINGEA_ENTRY_BLACKOUT,1713193200000,1713195900000,840020011:195015
BROKER_HMR_SCHEDULED,1713194100000,1713195300000,840020010:195003
BROKER_HMR_SCHEDULED,1713194100000,1713195300000,840020011:195015
MAINTENANCE_ENTRY_BLOCK,1713223800000,1713225300000,DAILY_SERVER_CLOSE_20240416_0000_0005
MAINTENANCE_FORCE_FLAT,1713225300000,1713225900000,DAILY_SERVER_CLOSE_20240416_0000_0005
MAINTENANCE_RECOVERY,1713225900000,1713226800000,DAILY_SERVER_CLOSE_20240416_0000_0005
KINGEA_ENTRY_BLACKOUT,1713296700000,1713299400000,840050022:198433
BROKER_HMR_SCHEDULED,1713297600000,1713298800000,840050022:198433
MAINTENANCE_ENTRY_BLOCK,1713310200000,1713311700000,DAILY_SERVER_CLOSE_20240417_0000_0005
MAINTENANCE_FORCE_FLAT,1713311700000,1713312300000,DAILY_SERVER_CLOSE_20240417_0000_0005
MAINTENANCE_RECOVERY,1713312300000,1713313200000,DAILY_SERVER_CLOSE_20240417_0000_0005
KINGEA_ENTRY_BLACKOUT,1713373200000,1713375900000,840200001:196818
BROKER_HMR_SCHEDULED,1713374100000,1713375300000,840200001:196818
MAINTENANCE_ENTRY_BLOCK,1713396600000,1713398100000,DAILY_SERVER_CLOSE_20240418_0000_0005
MAINTENANCE_FORCE_FLAT,1713398100000,1713398700000,DAILY_SERVER_CLOSE_20240418_0000_0005
MAINTENANCE_RECOVERY,1713398700000,1713399600000,DAILY_SERVER_CLOSE_20240418_0000_0005
KINGEA_ENTRY_BLACKOUT,1713452400000,1713455100000,840070001:192002
KINGEA_ENTRY_BLACKOUT,1713452400000,1713455100000,840140001:197111
BROKER_HMR_SCHEDULED,1713453300000,1713454500000,840070001:192002
BROKER_HMR_SCHEDULED,1713453300000,1713454500000,840140001:197111
KINGEA_ENTRY_BLACKOUT,1713457800000,1713460500000,840120001:189035
BROKER_HMR_SCHEDULED,1713458700000,1713459900000,840120001:189035
MAINTENANCE_ENTRY_BLOCK,1713483000000,1713484500000,DAILY_SERVER_CLOSE_20240419_0000_0005
MAINTENANCE_FORCE_FLAT,1713484500000,1713485100000,DAILY_SERVER_CLOSE_20240419_0000_0005
MAINTENANCE_RECOVERY,1713485100000,1713486000000,DAILY_SERVER_CLOSE_20240419_0000_0005
MAINTENANCE_ENTRY_BLOCK,1713569400000,1713570900000,DAILY_SERVER_CLOSE_20240420_0000_0005
MAINTENANCE_FORCE_FLAT,1713570900000,1713571500000,DAILY_SERVER_CLOSE_20240420_0000_0005
MAINTENANCE_RECOVERY,1713571500000,1713572400000,DAILY_SERVER_CLOSE_20240420_0000_0005
MAINTENANCE_ENTRY_BLOCK,1713655800000,1713657300000,DAILY_SERVER_CLOSE_20240421_0000_0005
MAINTENANCE_ENTRY_BLOCK,1713656340000,1713657840000,SUNDAY_SERVER_CLOSE_20240421_0009_0019
MAINTENANCE_FORCE_FLAT,1713657300000,1713657900000,DAILY_SERVER_CLOSE_20240421_0000_0005
MAINTENANCE_FORCE_FLAT,1713657840000,1713658740000,SUNDAY_SERVER_CLOSE_20240421_0009_0019
MAINTENANCE_RECOVERY,1713657900000,1713658800000,DAILY_SERVER_CLOSE_20240421_0000_0005
MAINTENANCE_RECOVERY,1713658740000,1713659640000,SUNDAY_SERVER_CLOSE_20240421_0009_0019
MAINTENANCE_ENTRY_BLOCK,1713742200000,1713743700000,DAILY_SERVER_CLOSE_20240422_0000_0005
MAINTENANCE_FORCE_FLAT,1713743700000,1713744300000,DAILY_SERVER_CLOSE_20240422_0000_0005
MAINTENANCE_RECOVERY,1713744300000,1713745200000,DAILY_SERVER_CLOSE_20240422_0000_0005
MAINTENANCE_ENTRY_BLOCK,1713828600000,1713830100000,DAILY_SERVER_CLOSE_20240423_0000_0005
MAINTENANCE_FORCE_FLAT,1713830100000,1713830700000,DAILY_SERVER_CLOSE_20240423_0000_0005
MAINTENANCE_RECOVERY,1713830700000,1713831600000,DAILY_SERVER_CLOSE_20240423_0000_0005
KINGEA_ENTRY_BLACKOUT,1713889800000,1713892500000,840020008:194979
BROKER_HMR_SCHEDULED,1713890700000,1713891900000,840020008:194979
MAINTENANCE_ENTRY_BLOCK,1713915000000,1713916500000,DAILY_SERVER_CLOSE_20240424_0000_0005
MAINTENANCE_FORCE_FLAT,1713916500000,1713917100000,DAILY_SERVER_CLOSE_20240424_0000_0005
MAINTENANCE_RECOVERY,1713917100000,1713918000000,DAILY_SERVER_CLOSE_20240424_0000_0005
KINGEA_ENTRY_BLACKOUT,1713970800000,1713973500000,840020013:195039
BROKER_HMR_SCHEDULED,1713971700000,1713972900000,840020013:195039
KINGEA_ENTRY_BLACKOUT,1713978000000,1713980700000,840200001:196978
BROKER_HMR_SCHEDULED,1713978900000,1713980100000,840200001:196978
MAINTENANCE_ENTRY_BLOCK,1714001400000,1714002900000,DAILY_SERVER_CLOSE_20240425_0000_0005
MAINTENANCE_FORCE_FLAT,1714002900000,1714003500000,DAILY_SERVER_CLOSE_20240425_0000_0005
MAINTENANCE_RECOVERY,1714003500000,1714004400000,DAILY_SERVER_CLOSE_20240425_0000_0005
KINGEA_ENTRY_BLACKOUT,1714057200000,1714059900000,840010007:197682
KINGEA_ENTRY_BLACKOUT,1714057200000,1714059900000,840010018:197753
KINGEA_ENTRY_BLACKOUT,1714057200000,1714059900000,840140001:197112
BROKER_HMR_SCHEDULED,1714058100000,1714059300000,840010007:197682
BROKER_HMR_SCHEDULED,1714058100000,1714059300000,840010018:197753
BROKER_HMR_SCHEDULED,1714058100000,1714059300000,840140001:197112
MAINTENANCE_ENTRY_BLOCK,1714087800000,1714089300000,DAILY_SERVER_CLOSE_20240426_0000_0005
MAINTENANCE_FORCE_FLAT,1714089300000,1714089900000,DAILY_SERVER_CLOSE_20240426_0000_0005
MAINTENANCE_RECOVERY,1714089900000,1714090800000,DAILY_SERVER_CLOSE_20240426_0000_0005
KINGEA_ENTRY_BLACKOUT,1714143600000,1714146300000,840010001:197622
KINGEA_ENTRY_BLACKOUT,1714143600000,1714146300000,840010002:197632
BROKER_HMR_SCHEDULED,1714144500000,1714145700000,840010001:197622
BROKER_HMR_SCHEDULED,1714144500000,1714145700000,840010002:197632
MAINTENANCE_ENTRY_BLOCK,1714174200000,1714175700000,DAILY_SERVER_CLOSE_20240427_0000_0005
MAINTENANCE_FORCE_FLAT,1714175700000,1714176300000,DAILY_SERVER_CLOSE_20240427_0000_0005
MAINTENANCE_RECOVERY,1714176300000,1714177200000,DAILY_SERVER_CLOSE_20240427_0000_0005
MAINTENANCE_ENTRY_BLOCK,1714260600000,1714262100000,DAILY_SERVER_CLOSE_20240428_0000_0005
MAINTENANCE_ENTRY_BLOCK,1714261140000,1714262640000,SUNDAY_SERVER_CLOSE_20240428_0009_0019
MAINTENANCE_FORCE_FLAT,1714262100000,1714262700000,DAILY_SERVER_CLOSE_20240428_0000_0005
MAINTENANCE_FORCE_FLAT,1714262640000,1714263540000,SUNDAY_SERVER_CLOSE_20240428_0009_0019
MAINTENANCE_RECOVERY,1714262700000,1714263600000,DAILY_SERVER_CLOSE_20240428_0000_0005
MAINTENANCE_RECOVERY,1714263540000,1714264440000,SUNDAY_SERVER_CLOSE_20240428_0009_0019
MAINTENANCE_ENTRY_BLOCK,1714347000000,1714348500000,DAILY_SERVER_CLOSE_20240429_0000_0005
MAINTENANCE_FORCE_FLAT,1714348500000,1714349100000,DAILY_SERVER_CLOSE_20240429_0000_0005
MAINTENANCE_RECOVERY,1714349100000,1714350000000,DAILY_SERVER_CLOSE_20240429_0000_0005
MAINTENANCE_ENTRY_BLOCK,1714433400000,1714434900000,DAILY_SERVER_CLOSE_20240430_0000_0005
MAINTENANCE_FORCE_FLAT,1714434900000,1714435500000,DAILY_SERVER_CLOSE_20240430_0000_0005
MAINTENANCE_RECOVERY,1714435500000,1714436400000,DAILY_SERVER_CLOSE_20240430_0000_0005
KINGEA_ENTRY_BLACKOUT,1714493700000,1714496400000,840510001:197095
BROKER_HMR_SCHEDULED,1714494600000,1714495800000,840510001:197095
KINGEA_ENTRY_BLACKOUT,1714494600000,1714497300000,840180002:192215
BROKER_HMR_SCHEDULED,1714495500000,1714496700000,840180002:192215
MAINTENANCE_ENTRY_BLOCK,1714519800000,1714521300000,DAILY_SERVER_CLOSE_20240501_0000_0005
MAINTENANCE_FORCE_FLAT,1714521300000,1714521900000,DAILY_SERVER_CLOSE_20240501_0000_0005
MAINTENANCE_RECOVERY,1714521900000,1714522800000,DAILY_SERVER_CLOSE_20240501_0000_0005
KINGEA_ENTRY_BLACKOUT,1714574700000,1714577400000,840190001:188889
BROKER_HMR_SCHEDULED,1714575600000,1714576800000,840190001:188889
KINGEA_ENTRY_BLACKOUT,1714580100000,1714582800000,840500001:198117
BROKER_HMR_SCHEDULED,1714581000000,1714582200000,840500001:198117
KINGEA_ENTRY_BLACKOUT,1714581000000,1714583700000,840030021:191830
KINGEA_ENTRY_BLACKOUT,1714581000000,1714583700000,840040001:178986
KINGEA_ENTRY_BLACKOUT,1714581000000,1714583700000,840040002:179002
BROKER_HMR_SCHEDULED,1714581900000,1714583100000,840030021:191830
BROKER_HMR_SCHEDULED,1714581900000,1714583100000,840040001:178986
BROKER_HMR_SCHEDULED,1714581900000,1714583100000,840040002:179002
KINGEA_ENTRY_BLACKOUT,1714582800000,1714585500000,840200001:197290
BROKER_HMR_SCHEDULED,1714583700000,1714584900000,840200001:197290
KINGEA_ENTRY_BLACKOUT,1714595400000,1714598100000,840050014:184737
BROKER_HMR_SCHEDULED,1714596300000,1714597500000,840050014:184737
KINGEA_ENTRY_BLACKOUT,1714597200000,1714599900000,840050018:184745
BROKER_HMR_SCHEDULED,1714598100000,1714599300000,840050018:184745
MAINTENANCE_ENTRY_BLOCK,1714606200000,1714607700000,DAILY_SERVER_CLOSE_20240502_0000_0005
MAINTENANCE_FORCE_FLAT,1714607700000,1714608300000,DAILY_SERVER_CLOSE_20240502_0000_0005
MAINTENANCE_RECOVERY,1714608300000,1714609200000,DAILY_SERVER_CLOSE_20240502_0000_0005
KINGEA_ENTRY_BLACKOUT,1714662000000,1714664700000,840140001:198043
BROKER_HMR_SCHEDULED,1714662900000,1714664100000,840140001:198043
MAINTENANCE_ENTRY_BLOCK,1714692600000,1714694100000,DAILY_SERVER_CLOSE_20240503_0000_0005
MAINTENANCE_FORCE_FLAT,1714694100000,1714694700000,DAILY_SERVER_CLOSE_20240503_0000_0005
MAINTENANCE_RECOVERY,1714694700000,1714695600000,DAILY_SERVER_CLOSE_20240503_0000_0005
KINGEA_ENTRY_BLACKOUT,1714748400000,1714751100000,840030015:191758
KINGEA_ENTRY_BLACKOUT,1714748400000,1714751100000,840030016:191770
KINGEA_ENTRY_BLACKOUT,1714748400000,1714751100000,840030018:191794
BROKER_HMR_SCHEDULED,1714749300000,1714750500000,840030015:191758
BROKER_HMR_SCHEDULED,1714749300000,1714750500000,840030016:191770
BROKER_HMR_SCHEDULED,1714749300000,1714750500000,840030018:191794
KINGEA_ENTRY_BLACKOUT,1714752900000,1714755600000,840500002:198148
BROKER_HMR_SCHEDULED,1714753800000,1714755000000,840500002:198148
KINGEA_ENTRY_BLACKOUT,1714753800000,1714756500000,840040003:179017
KINGEA_ENTRY_BLACKOUT,1714753800000,1714756500000,840040008:179094
BROKER_HMR_SCHEDULED,1714754700000,1714755900000,840040003:179017
BROKER_HMR_SCHEDULED,1714754700000,1714755900000,840040008:179094
MAINTENANCE_ENTRY_BLOCK,1714779000000,1714780500000,DAILY_SERVER_CLOSE_20240504_0000_0005
MAINTENANCE_FORCE_FLAT,1714780500000,1714781100000,DAILY_SERVER_CLOSE_20240504_0000_0005
MAINTENANCE_RECOVERY,1714781100000,1714782000000,DAILY_SERVER_CLOSE_20240504_0000_0005
MAINTENANCE_ENTRY_BLOCK,1714865400000,1714866900000,DAILY_SERVER_CLOSE_20240505_0000_0005
MAINTENANCE_ENTRY_BLOCK,1714865940000,1714867440000,SUNDAY_SERVER_CLOSE_20240505_0009_0019
MAINTENANCE_FORCE_FLAT,1714866900000,1714867500000,DAILY_SERVER_CLOSE_20240505_0000_0005
MAINTENANCE_FORCE_FLAT,1714867440000,1714868340000,SUNDAY_SERVER_CLOSE_20240505_0009_0019
MAINTENANCE_RECOVERY,1714867500000,1714868400000,DAILY_SERVER_CLOSE_20240505_0000_0005
MAINTENANCE_RECOVERY,1714868340000,1714869240000,SUNDAY_SERVER_CLOSE_20240505_0009_0019
MAINTENANCE_ENTRY_BLOCK,1714951800000,1714953300000,DAILY_SERVER_CLOSE_20240506_0000_0005
MAINTENANCE_FORCE_FLAT,1714953300000,1714953900000,DAILY_SERVER_CLOSE_20240506_0000_0005
MAINTENANCE_RECOVERY,1714953900000,1714954800000,DAILY_SERVER_CLOSE_20240506_0000_0005
MAINTENANCE_ENTRY_BLOCK,1715038200000,1715039700000,DAILY_SERVER_CLOSE_20240507_0000_0005
MAINTENANCE_FORCE_FLAT,1715039700000,1715040300000,DAILY_SERVER_CLOSE_20240507_0000_0005
MAINTENANCE_RECOVERY,1715040300000,1715041200000,DAILY_SERVER_CLOSE_20240507_0000_0005
MAINTENANCE_ENTRY_BLOCK,1715124600000,1715126100000,DAILY_SERVER_CLOSE_20240508_0000_0005
MAINTENANCE_FORCE_FLAT,1715126100000,1715126700000,DAILY_SERVER_CLOSE_20240508_0000_0005
MAINTENANCE_RECOVERY,1715126700000,1715127600000,DAILY_SERVER_CLOSE_20240508_0000_0005
KINGEA_ENTRY_BLACKOUT,1715187600000,1715190300000,840200001:197291
BROKER_HMR_SCHEDULED,1715188500000,1715189700000,840200001:197291
KINGEA_ENTRY_BLACKOUT,1715196600000,1715199300000,840220014:195767
BROKER_HMR_SCHEDULED,1715197500000,1715198700000,840220014:195767
MAINTENANCE_ENTRY_BLOCK,1715211000000,1715212500000,DAILY_SERVER_CLOSE_20240509_0000_0005
MAINTENANCE_FORCE_FLAT,1715212500000,1715213100000,DAILY_SERVER_CLOSE_20240509_0000_0005
MAINTENANCE_RECOVERY,1715213100000,1715214000000,DAILY_SERVER_CLOSE_20240509_0000_0005
KINGEA_ENTRY_BLACKOUT,1715266800000,1715269500000,840140001:198044
BROKER_HMR_SCHEDULED,1715267700000,1715268900000,840140001:198044
KINGEA_ENTRY_BLACKOUT,1715283000000,1715285700000,840220015:195770
BROKER_HMR_SCHEDULED,1715283900000,1715285100000,840220015:195770
MAINTENANCE_ENTRY_BLOCK,1715297400000,1715298900000,DAILY_SERVER_CLOSE_20240510_0000_0005
MAINTENANCE_FORCE_FLAT,1715298900000,1715299500000,DAILY_SERVER_CLOSE_20240510_0000_0005
MAINTENANCE_RECOVERY,1715299500000,1715300400000,DAILY_SERVER_CLOSE_20240510_0000_0005
MAINTENANCE_ENTRY_BLOCK,1715383800000,1715385300000,DAILY_SERVER_CLOSE_20240511_0000_0005
MAINTENANCE_FORCE_FLAT,1715385300000,1715385900000,DAILY_SERVER_CLOSE_20240511_0000_0005
MAINTENANCE_RECOVERY,1715385900000,1715386800000,DAILY_SERVER_CLOSE_20240511_0000_0005
MAINTENANCE_ENTRY_BLOCK,1715470200000,1715471700000,DAILY_SERVER_CLOSE_20240512_0000_0005
MAINTENANCE_ENTRY_BLOCK,1715470740000,1715472240000,SUNDAY_SERVER_CLOSE_20240512_0009_0019
MAINTENANCE_FORCE_FLAT,1715471700000,1715472300000,DAILY_SERVER_CLOSE_20240512_0000_0005
MAINTENANCE_FORCE_FLAT,1715472240000,1715473140000,SUNDAY_SERVER_CLOSE_20240512_0009_0019
MAINTENANCE_RECOVERY,1715472300000,1715473200000,DAILY_SERVER_CLOSE_20240512_0000_0005
MAINTENANCE_RECOVERY,1715473140000,1715474040000,SUNDAY_SERVER_CLOSE_20240512_0009_0019
MAINTENANCE_ENTRY_BLOCK,1715556600000,1715558100000,DAILY_SERVER_CLOSE_20240513_0000_0005
MAINTENANCE_FORCE_FLAT,1715558100000,1715558700000,DAILY_SERVER_CLOSE_20240513_0000_0005
MAINTENANCE_RECOVERY,1715558700000,1715559600000,DAILY_SERVER_CLOSE_20240513_0000_0005
MAINTENANCE_ENTRY_BLOCK,1715643000000,1715644500000,DAILY_SERVER_CLOSE_20240514_0000_0005
MAINTENANCE_FORCE_FLAT,1715644500000,1715645100000,DAILY_SERVER_CLOSE_20240514_0000_0005
MAINTENANCE_RECOVERY,1715645100000,1715646000000,DAILY_SERVER_CLOSE_20240514_0000_0005
KINGEA_ENTRY_BLACKOUT,1715698800000,1715701500000,840030001:191590
BROKER_HMR_SCHEDULED,1715699700000,1715700900000,840030001:191590
KINGEA_ENTRY_BLACKOUT,1715704200000,1715706900000,840050022:203279
BROKER_HMR_SCHEDULED,1715705100000,1715706300000,840050022:203279
MAINTENANCE_ENTRY_BLOCK,1715729400000,1715730900000,DAILY_SERVER_CLOSE_20240515_0000_0005
MAINTENANCE_FORCE_FLAT,1715730900000,1715731500000,DAILY_SERVER_CLOSE_20240515_0000_0005
MAINTENANCE_RECOVERY,1715731500000,1715732400000,DAILY_SERVER_CLOSE_20240515_0000_0005
KINGEA_ENTRY_BLACKOUT,1715785200000,1715787900000,840020010:195004
KINGEA_ENTRY_BLACKOUT,1715785200000,1715787900000,840020011:195016
KINGEA_ENTRY_BLACKOUT,1715785200000,1715787900000,840030005:191638
KINGEA_ENTRY_BLACKOUT,1715785200000,1715787900000,840030006:191650
KINGEA_ENTRY_BLACKOUT,1715785200000,1715787900000,840030007:191662
KINGEA_ENTRY_BLACKOUT,1715785200000,1715787900000,840030034:191954
KINGEA_ENTRY_BLACKOUT,1715785200000,1715787900000,840030035:191966
BROKER_HMR_SCHEDULED,1715786100000,1715787300000,840020010:195004
BROKER_HMR_SCHEDULED,1715786100000,1715787300000,840020011:195016
BROKER_HMR_SCHEDULED,1715786100000,1715787300000,840030005:191638
BROKER_HMR_SCHEDULED,1715786100000,1715787300000,840030006:191650
BROKER_HMR_SCHEDULED,1715786100000,1715787300000,840030007:191662
BROKER_HMR_SCHEDULED,1715786100000,1715787300000,840030034:191954
BROKER_HMR_SCHEDULED,1715786100000,1715787300000,840030035:191966
KINGEA_ENTRY_BLACKOUT,1715792400000,1715795100000,840200001:197440
BROKER_HMR_SCHEDULED,1715793300000,1715794500000,840200001:197440
MAINTENANCE_ENTRY_BLOCK,1715815800000,1715817300000,DAILY_SERVER_CLOSE_20240516_0000_0005
MAINTENANCE_FORCE_FLAT,1715817300000,1715817900000,DAILY_SERVER_CLOSE_20240516_0000_0005
MAINTENANCE_RECOVERY,1715817900000,1715818800000,DAILY_SERVER_CLOSE_20240516_0000_0005
KINGEA_ENTRY_BLACKOUT,1715871600000,1715874300000,840070001:192003
KINGEA_ENTRY_BLACKOUT,1715871600000,1715874300000,840140001:198045
BROKER_HMR_SCHEDULED,1715872500000,1715873700000,840070001:192003
BROKER_HMR_SCHEDULED,1715872500000,1715873700000,840140001:198045
MAINTENANCE_ENTRY_BLOCK,1715902200000,1715903700000,DAILY_SERVER_CLOSE_20240517_0000_0005
MAINTENANCE_FORCE_FLAT,1715903700000,1715904300000,DAILY_SERVER_CLOSE_20240517_0000_0005
MAINTENANCE_RECOVERY,1715904300000,1715905200000,DAILY_SERVER_CLOSE_20240517_0000_0005
MAINTENANCE_ENTRY_BLOCK,1715988600000,1715990100000,DAILY_SERVER_CLOSE_20240518_0000_0005
MAINTENANCE_FORCE_FLAT,1715990100000,1715990700000,DAILY_SERVER_CLOSE_20240518_0000_0005
MAINTENANCE_RECOVERY,1715990700000,1715991600000,DAILY_SERVER_CLOSE_20240518_0000_0005
MAINTENANCE_ENTRY_BLOCK,1716075000000,1716076500000,DAILY_SERVER_CLOSE_20240519_0000_0005
MAINTENANCE_ENTRY_BLOCK,1716075540000,1716077040000,SUNDAY_SERVER_CLOSE_20240519_0009_0019
MAINTENANCE_FORCE_FLAT,1716076500000,1716077100000,DAILY_SERVER_CLOSE_20240519_0000_0005
MAINTENANCE_FORCE_FLAT,1716077040000,1716077940000,SUNDAY_SERVER_CLOSE_20240519_0009_0019
MAINTENANCE_RECOVERY,1716077100000,1716078000000,DAILY_SERVER_CLOSE_20240519_0000_0005
MAINTENANCE_RECOVERY,1716077940000,1716078840000,SUNDAY_SERVER_CLOSE_20240519_0009_0019
KINGEA_ENTRY_BLACKOUT,1716156000000,1716158700000,840050022:203280
BROKER_HMR_SCHEDULED,1716156900000,1716158100000,840050022:203280
MAINTENANCE_ENTRY_BLOCK,1716161400000,1716162900000,DAILY_SERVER_CLOSE_20240520_0000_0005
MAINTENANCE_FORCE_FLAT,1716162900000,1716163500000,DAILY_SERVER_CLOSE_20240520_0000_0005
MAINTENANCE_RECOVERY,1716163500000,1716164400000,DAILY_SERVER_CLOSE_20240520_0000_0005
MAINTENANCE_ENTRY_BLOCK,1716247800000,1716249300000,DAILY_SERVER_CLOSE_20240521_0000_0005
MAINTENANCE_FORCE_FLAT,1716249300000,1716249900000,DAILY_SERVER_CLOSE_20240521_0000_0005
MAINTENANCE_RECOVERY,1716249900000,1716250800000,DAILY_SERVER_CLOSE_20240521_0000_0005
MAINTENANCE_ENTRY_BLOCK,1716334200000,1716335700000,DAILY_SERVER_CLOSE_20240522_0000_0005
MAINTENANCE_FORCE_FLAT,1716335700000,1716336300000,DAILY_SERVER_CLOSE_20240522_0000_0005
MAINTENANCE_RECOVERY,1716336300000,1716337200000,DAILY_SERVER_CLOSE_20240522_0000_0005
KINGEA_ENTRY_BLACKOUT,1716395400000,1716398100000,840120001:189036
BROKER_HMR_SCHEDULED,1716396300000,1716397500000,840120001:189036
KINGEA_ENTRY_BLACKOUT,1716397200000,1716399900000,840200001:197512
BROKER_HMR_SCHEDULED,1716398100000,1716399300000,840200001:197512
MAINTENANCE_ENTRY_BLOCK,1716420600000,1716422100000,DAILY_SERVER_CLOSE_20240523_0000_0005
MAINTENANCE_FORCE_FLAT,1716422100000,1716422700000,DAILY_SERVER_CLOSE_20240523_0000_0005
MAINTENANCE_RECOVERY,1716422700000,1716423600000,DAILY_SERVER_CLOSE_20240523_0000_0005
KINGEA_ENTRY_BLACKOUT,1716476400000,1716479100000,840140001:198046
BROKER_HMR_SCHEDULED,1716477300000,1716478500000,840140001:198046
KINGEA_ENTRY_BLACKOUT,1716481800000,1716484500000,840020008:194980
BROKER_HMR_SCHEDULED,1716482700000,1716483900000,840020008:194980
MAINTENANCE_ENTRY_BLOCK,1716507000000,1716508500000,DAILY_SERVER_CLOSE_20240524_0000_0005
MAINTENANCE_FORCE_FLAT,1716508500000,1716509100000,DAILY_SERVER_CLOSE_20240524_0000_0005
MAINTENANCE_RECOVERY,1716509100000,1716510000000,DAILY_SERVER_CLOSE_20240524_0000_0005
KINGEA_ENTRY_BLACKOUT,1716562800000,1716565500000,840020013:195040
BROKER_HMR_SCHEDULED,1716563700000,1716564900000,840020013:195040
MAINTENANCE_ENTRY_BLOCK,1716593400000,1716594900000,DAILY_SERVER_CLOSE_20240525_0000_0005
MAINTENANCE_FORCE_FLAT,1716594900000,1716595500000,DAILY_SERVER_CLOSE_20240525_0000_0005
MAINTENANCE_RECOVERY,1716595500000,1716596400000,DAILY_SERVER_CLOSE_20240525_0000_0005
MAINTENANCE_ENTRY_BLOCK,1716679800000,1716681300000,DAILY_SERVER_CLOSE_20240526_0000_0005
MAINTENANCE_ENTRY_BLOCK,1716680340000,1716681840000,SUNDAY_SERVER_CLOSE_20240526_0009_0019
MAINTENANCE_FORCE_FLAT,1716681300000,1716681900000,DAILY_SERVER_CLOSE_20240526_0000_0005
MAINTENANCE_FORCE_FLAT,1716681840000,1716682740000,SUNDAY_SERVER_CLOSE_20240526_0009_0019
MAINTENANCE_RECOVERY,1716681900000,1716682800000,DAILY_SERVER_CLOSE_20240526_0000_0005
MAINTENANCE_RECOVERY,1716682740000,1716683640000,SUNDAY_SERVER_CLOSE_20240526_0009_0019
MAINTENANCE_ENTRY_BLOCK,1716766200000,1716767700000,DAILY_SERVER_CLOSE_20240527_0000_0005
MAINTENANCE_FORCE_FLAT,1716767700000,1716768300000,DAILY_SERVER_CLOSE_20240527_0000_0005
MAINTENANCE_RECOVERY,1716768300000,1716769200000,DAILY_SERVER_CLOSE_20240527_0000_0005
MAINTENANCE_ENTRY_BLOCK,1716852600000,1716854100000,DAILY_SERVER_CLOSE_20240528_0000_0005
MAINTENANCE_FORCE_FLAT,1716854100000,1716854700000,DAILY_SERVER_CLOSE_20240528_0000_0005
MAINTENANCE_RECOVERY,1716854700000,1716855600000,DAILY_SERVER_CLOSE_20240528_0000_0005
KINGEA_ENTRY_BLACKOUT,1716913800000,1716916500000,840180002:192216
BROKER_HMR_SCHEDULED,1716914700000,1716915900000,840180002:192216
MAINTENANCE_ENTRY_BLOCK,1716939000000,1716940500000,DAILY_SERVER_CLOSE_20240529_0000_0005
MAINTENANCE_FORCE_FLAT,1716940500000,1716941100000,DAILY_SERVER_CLOSE_20240529_0000_0005
MAINTENANCE_RECOVERY,1716941100000,1716942000000,DAILY_SERVER_CLOSE_20240529_0000_0005
MAINTENANCE_ENTRY_BLOCK,1717025400000,1717026900000,DAILY_SERVER_CLOSE_20240530_0000_0005
MAINTENANCE_FORCE_FLAT,1717026900000,1717027500000,DAILY_SERVER_CLOSE_20240530_0000_0005
MAINTENANCE_RECOVERY,1717027500000,1717028400000,DAILY_SERVER_CLOSE_20240530_0000_0005
KINGEA_ENTRY_BLACKOUT,1717081200000,1717083900000,840010007:197683
KINGEA_ENTRY_BLACKOUT,1717081200000,1717083900000,840010018:197754
KINGEA_ENTRY_BLACKOUT,1717081200000,1717083900000,840140001:198047
BROKER_HMR_SCHEDULED,1717082100000,1717083300000,840010007:197683
BROKER_HMR_SCHEDULED,1717082100000,1717083300000,840010018:197754
BROKER_HMR_SCHEDULED,1717082100000,1717083300000,840140001:198047
KINGEA_ENTRY_BLACKOUT,1717090200000,1717092900000,840200001:197784
BROKER_HMR_SCHEDULED,1717091100000,1717092300000,840200001:197784
MAINTENANCE_ENTRY_BLOCK,1717111800000,1717113300000,DAILY_SERVER_CLOSE_20240531_0000_0005
MAINTENANCE_FORCE_FLAT,1717113300000,1717113900000,DAILY_SERVER_CLOSE_20240531_0000_0005
MAINTENANCE_RECOVERY,1717113900000,1717114800000,DAILY_SERVER_CLOSE_20240531_0000_0005
KINGEA_ENTRY_BLACKOUT,1717167600000,1717170300000,840010001:197623
KINGEA_ENTRY_BLACKOUT,1717167600000,1717170300000,840010002:197633
BROKER_HMR_SCHEDULED,1717168500000,1717169700000,840010001:197623
BROKER_HMR_SCHEDULED,1717168500000,1717169700000,840010002:197633
KINGEA_ENTRY_BLACKOUT,1717172100000,1717174800000,840510001:198037
BROKER_HMR_SCHEDULED,1717173000000,1717174200000,840510001:198037
MAINTENANCE_ENTRY_BLOCK,1717198200000,1717199700000,DAILY_SERVER_CLOSE_20240601_0000_0005
MAINTENANCE_FORCE_FLAT,1717199700000,1717200300000,DAILY_SERVER_CLOSE_20240601_0000_0005
MAINTENANCE_RECOVERY,1717200300000,1717201200000,DAILY_SERVER_CLOSE_20240601_0000_0005
MAINTENANCE_ENTRY_BLOCK,1717284600000,1717286100000,DAILY_SERVER_CLOSE_20240602_0000_0005
MAINTENANCE_ENTRY_BLOCK,1717285140000,1717286640000,SUNDAY_SERVER_CLOSE_20240602_0009_0019
MAINTENANCE_FORCE_FLAT,1717286100000,1717286700000,DAILY_SERVER_CLOSE_20240602_0000_0005
MAINTENANCE_FORCE_FLAT,1717286640000,1717287540000,SUNDAY_SERVER_CLOSE_20240602_0009_0019
MAINTENANCE_RECOVERY,1717286700000,1717287600000,DAILY_SERVER_CLOSE_20240602_0000_0005
MAINTENANCE_RECOVERY,1717287540000,1717288440000,SUNDAY_SERVER_CLOSE_20240602_0009_0019
MAINTENANCE_ENTRY_BLOCK,1717371000000,1717372500000,DAILY_SERVER_CLOSE_20240603_0000_0005
MAINTENANCE_FORCE_FLAT,1717372500000,1717373100000,DAILY_SERVER_CLOSE_20240603_0000_0005
MAINTENANCE_RECOVERY,1717373100000,1717374000000,DAILY_SERVER_CLOSE_20240603_0000_0005
KINGEA_ENTRY_BLACKOUT,1717431300000,1717434000000,840500001:202070
BROKER_HMR_SCHEDULED,1717432200000,1717433400000,840500001:202070
KINGEA_ENTRY_BLACKOUT,1717432200000,1717434900000,840040001:188258
KINGEA_ENTRY_BLACKOUT,1717432200000,1717434900000,840040002:188265
BROKER_HMR_SCHEDULED,1717433100000,1717434300000,840040001:188258
BROKER_HMR_SCHEDULED,1717433100000,1717434300000,840040002:188265
MAINTENANCE_ENTRY_BLOCK,1717457400000,1717458900000,DAILY_SERVER_CLOSE_20240604_0000_0005
MAINTENANCE_FORCE_FLAT,1717458900000,1717459500000,DAILY_SERVER_CLOSE_20240604_0000_0005
MAINTENANCE_RECOVERY,1717459500000,1717460400000,DAILY_SERVER_CLOSE_20240604_0000_0005
KINGEA_ENTRY_BLACKOUT,1717518600000,1717521300000,840030021:191831
BROKER_HMR_SCHEDULED,1717519500000,1717520700000,840030021:191831
MAINTENANCE_ENTRY_BLOCK,1717543800000,1717545300000,DAILY_SERVER_CLOSE_20240605_0000_0005
MAINTENANCE_FORCE_FLAT,1717545300000,1717545900000,DAILY_SERVER_CLOSE_20240605_0000_0005
MAINTENANCE_RECOVERY,1717545900000,1717546800000,DAILY_SERVER_CLOSE_20240605_0000_0005
KINGEA_ENTRY_BLACKOUT,1717598700000,1717601400000,840190001:188890
BROKER_HMR_SCHEDULED,1717599600000,1717600800000,840190001:188890
KINGEA_ENTRY_BLACKOUT,1717604100000,1717606800000,840500002:202482
BROKER_HMR_SCHEDULED,1717605000000,1717606200000,840500002:202482
KINGEA_ENTRY_BLACKOUT,1717605000000,1717607700000,840040003:179018
KINGEA_ENTRY_BLACKOUT,1717605000000,1717607700000,840040008:179095
BROKER_HMR_SCHEDULED,1717605900000,1717607100000,840040003:179018
BROKER_HMR_SCHEDULED,1717605900000,1717607100000,840040008:179095
KINGEA_ENTRY_BLACKOUT,1717606800000,1717609500000,840200001:198132
BROKER_HMR_SCHEDULED,1717607700000,1717608900000,840200001:198132
MAINTENANCE_ENTRY_BLOCK,1717630200000,1717631700000,DAILY_SERVER_CLOSE_20240606_0000_0005
MAINTENANCE_FORCE_FLAT,1717631700000,1717632300000,DAILY_SERVER_CLOSE_20240606_0000_0005
MAINTENANCE_RECOVERY,1717632300000,1717633200000,DAILY_SERVER_CLOSE_20240606_0000_0005
KINGEA_ENTRY_BLACKOUT,1717686000000,1717688700000,840140001:201576
BROKER_HMR_SCHEDULED,1717686900000,1717688100000,840140001:201576
MAINTENANCE_ENTRY_BLOCK,1717716600000,1717718100000,DAILY_SERVER_CLOSE_20240607_0000_0005
MAINTENANCE_FORCE_FLAT,1717718100000,1717718700000,DAILY_SERVER_CLOSE_20240607_0000_0005
MAINTENANCE_RECOVERY,1717718700000,1717719600000,DAILY_SERVER_CLOSE_20240607_0000_0005
KINGEA_ENTRY_BLACKOUT,1717772400000,1717775100000,840030015:191759
KINGEA_ENTRY_BLACKOUT,1717772400000,1717775100000,840030016:191771
KINGEA_ENTRY_BLACKOUT,1717772400000,1717775100000,840030018:191795
BROKER_HMR_SCHEDULED,1717773300000,1717774500000,840030015:191759
BROKER_HMR_SCHEDULED,1717773300000,1717774500000,840030016:191771
BROKER_HMR_SCHEDULED,1717773300000,1717774500000,840030018:191795
MAINTENANCE_ENTRY_BLOCK,1717803000000,1717804500000,DAILY_SERVER_CLOSE_20240608_0000_0005
MAINTENANCE_FORCE_FLAT,1717804500000,1717805100000,DAILY_SERVER_CLOSE_20240608_0000_0005
MAINTENANCE_RECOVERY,1717805100000,1717806000000,DAILY_SERVER_CLOSE_20240608_0000_0005
MAINTENANCE_ENTRY_BLOCK,1717889400000,1717890900000,DAILY_SERVER_CLOSE_20240609_0000_0005
MAINTENANCE_ENTRY_BLOCK,1717889940000,1717891440000,SUNDAY_SERVER_CLOSE_20240609_0009_0019
MAINTENANCE_FORCE_FLAT,1717890900000,1717891500000,DAILY_SERVER_CLOSE_20240609_0000_0005
MAINTENANCE_FORCE_FLAT,1717891440000,1717892340000,SUNDAY_SERVER_CLOSE_20240609_0009_0019
MAINTENANCE_RECOVERY,1717891500000,1717892400000,DAILY_SERVER_CLOSE_20240609_0000_0005
MAINTENANCE_RECOVERY,1717892340000,1717893240000,SUNDAY_SERVER_CLOSE_20240609_0009_0019
MAINTENANCE_ENTRY_BLOCK,1717975800000,1717977300000,DAILY_SERVER_CLOSE_20240610_0000_0005
MAINTENANCE_FORCE_FLAT,1717977300000,1717977900000,DAILY_SERVER_CLOSE_20240610_0000_0005
MAINTENANCE_RECOVERY,1717977900000,1717978800000,DAILY_SERVER_CLOSE_20240610_0000_0005
MAINTENANCE_ENTRY_BLOCK,1718062200000,1718063700000,DAILY_SERVER_CLOSE_20240611_0000_0005
MAINTENANCE_FORCE_FLAT,1718063700000,1718064300000,DAILY_SERVER_CLOSE_20240611_0000_0005
MAINTENANCE_RECOVERY,1718064300000,1718065200000,DAILY_SERVER_CLOSE_20240611_0000_0005
KINGEA_ENTRY_BLACKOUT,1718134200000,1718136900000,840220014:195768
BROKER_HMR_SCHEDULED,1718135100000,1718136300000,840220014:195768
MAINTENANCE_ENTRY_BLOCK,1718148600000,1718150100000,DAILY_SERVER_CLOSE_20240612_0000_0005
MAINTENANCE_FORCE_FLAT,1718150100000,1718150700000,DAILY_SERVER_CLOSE_20240612_0000_0005
MAINTENANCE_RECOVERY,1718150700000,1718151600000,DAILY_SERVER_CLOSE_20240612_0000_0005
KINGEA_ENTRY_BLACKOUT,1718204400000,1718207100000,840030005:191639
KINGEA_ENTRY_BLACKOUT,1718204400000,1718207100000,840030006:191651
KINGEA_ENTRY_BLACKOUT,1718204400000,1718207100000,840030007:191663
KINGEA_ENTRY_BLACKOUT,1718204400000,1718207100000,840030034:191955
KINGEA_ENTRY_BLACKOUT,1718204400000,1718207100000,840030035:191967
BROKER_HMR_SCHEDULED,1718205300000,1718206500000,840030005:191639
BROKER_HMR_SCHEDULED,1718205300000,1718206500000,840030006:191651
BROKER_HMR_SCHEDULED,1718205300000,1718206500000,840030007:191663
BROKER_HMR_SCHEDULED,1718205300000,1718206500000,840030034:191955
BROKER_HMR_SCHEDULED,1718205300000,1718206500000,840030035:191967
KINGEA_ENTRY_BLACKOUT,1718211600000,1718214300000,840200001:198388
BROKER_HMR_SCHEDULED,1718212500000,1718213700000,840200001:198388
KINGEA_ENTRY_BLACKOUT,1718224200000,1718226900000,840050014:184738
BROKER_HMR_SCHEDULED,1718225100000,1718226300000,840050014:184738
KINGEA_ENTRY_BLACKOUT,1718226000000,1718228700000,840050018:184746
BROKER_HMR_SCHEDULED,1718226900000,1718228100000,840050018:184746
MAINTENANCE_ENTRY_BLOCK,1718235000000,1718236500000,DAILY_SERVER_CLOSE_20240613_0000_0005
MAINTENANCE_FORCE_FLAT,1718236500000,1718237100000,DAILY_SERVER_CLOSE_20240613_0000_0005
MAINTENANCE_RECOVERY,1718237100000,1718238000000,DAILY_SERVER_CLOSE_20240613_0000_0005
KINGEA_ENTRY_BLACKOUT,1718290800000,1718293500000,840030001:191591
KINGEA_ENTRY_BLACKOUT,1718290800000,1718293500000,840140001:201577
BROKER_HMR_SCHEDULED,1718291700000,1718292900000,840030001:191591
BROKER_HMR_SCHEDULED,1718291700000,1718292900000,840140001:201577
KINGEA_ENTRY_BLACKOUT,1718307000000,1718309700000,840220015:195771
BROKER_HMR_SCHEDULED,1718307900000,1718309100000,840220015:195771
MAINTENANCE_ENTRY_BLOCK,1718321400000,1718322900000,DAILY_SERVER_CLOSE_20240614_0000_0005
MAINTENANCE_FORCE_FLAT,1718322900000,1718323500000,DAILY_SERVER_CLOSE_20240614_0000_0005
MAINTENANCE_RECOVERY,1718323500000,1718324400000,DAILY_SERVER_CLOSE_20240614_0000_0005
MAINTENANCE_ENTRY_BLOCK,1718407800000,1718409300000,DAILY_SERVER_CLOSE_20240615_0000_0005
MAINTENANCE_FORCE_FLAT,1718409300000,1718409900000,DAILY_SERVER_CLOSE_20240615_0000_0005
MAINTENANCE_RECOVERY,1718409900000,1718410800000,DAILY_SERVER_CLOSE_20240615_0000_0005
MAINTENANCE_ENTRY_BLOCK,1718494200000,1718495700000,DAILY_SERVER_CLOSE_20240616_0000_0005
MAINTENANCE_ENTRY_BLOCK,1718494740000,1718496240000,SUNDAY_SERVER_CLOSE_20240616_0009_0019
MAINTENANCE_FORCE_FLAT,1718495700000,1718496300000,DAILY_SERVER_CLOSE_20240616_0000_0005
MAINTENANCE_FORCE_FLAT,1718496240000,1718497140000,SUNDAY_SERVER_CLOSE_20240616_0009_0019
MAINTENANCE_RECOVERY,1718496300000,1718497200000,DAILY_SERVER_CLOSE_20240616_0000_0005
MAINTENANCE_RECOVERY,1718497140000,1718498040000,SUNDAY_SERVER_CLOSE_20240616_0009_0019
MAINTENANCE_ENTRY_BLOCK,1718580600000,1718582100000,DAILY_SERVER_CLOSE_20240617_0000_0005
MAINTENANCE_FORCE_FLAT,1718582100000,1718582700000,DAILY_SERVER_CLOSE_20240617_0000_0005
MAINTENANCE_RECOVERY,1718582700000,1718583600000,DAILY_SERVER_CLOSE_20240617_0000_0005
MAINTENANCE_ENTRY_BLOCK,1718667000000,1718668500000,DAILY_SERVER_CLOSE_20240618_0000_0005
MAINTENANCE_FORCE_FLAT,1718668500000,1718669100000,DAILY_SERVER_CLOSE_20240618_0000_0005
MAINTENANCE_RECOVERY,1718669100000,1718670000000,DAILY_SERVER_CLOSE_20240618_0000_0005
KINGEA_ENTRY_BLACKOUT,1718722800000,1718725500000,840020010:195005
KINGEA_ENTRY_BLACKOUT,1718722800000,1718725500000,840020011:195017
BROKER_HMR_SCHEDULED,1718723700000,1718724900000,840020010:195005
BROKER_HMR_SCHEDULED,1718723700000,1718724900000,840020011:195017
MAINTENANCE_ENTRY_BLOCK,1718753400000,1718754900000,DAILY_SERVER_CLOSE_20240619_0000_0005
MAINTENANCE_FORCE_FLAT,1718754900000,1718755500000,DAILY_SERVER_CLOSE_20240619_0000_0005
MAINTENANCE_RECOVERY,1718755500000,1718756400000,DAILY_SERVER_CLOSE_20240619_0000_0005
MAINTENANCE_ENTRY_BLOCK,1718839800000,1718841300000,DAILY_SERVER_CLOSE_20240620_0000_0005
MAINTENANCE_FORCE_FLAT,1718841300000,1718841900000,DAILY_SERVER_CLOSE_20240620_0000_0005
MAINTENANCE_RECOVERY,1718841900000,1718842800000,DAILY_SERVER_CLOSE_20240620_0000_0005
KINGEA_ENTRY_BLACKOUT,1718859600000,1718862300000,840200001:214498
BROKER_HMR_SCHEDULED,1718860500000,1718861700000,840200001:214498
KINGEA_ENTRY_BLACKOUT,1718895600000,1718898300000,840070001:192004
KINGEA_ENTRY_BLACKOUT,1718895600000,1718898300000,840140001:201578
BROKER_HMR_SCHEDULED,1718896500000,1718897700000,840070001:192004
BROKER_HMR_SCHEDULED,1718896500000,1718897700000,840140001:201578
MAINTENANCE_ENTRY_BLOCK,1718926200000,1718927700000,DAILY_SERVER_CLOSE_20240621_0000_0005
MAINTENANCE_FORCE_FLAT,1718927700000,1718928300000,DAILY_SERVER_CLOSE_20240621_0000_0005
MAINTENANCE_RECOVERY,1718928300000,1718929200000,DAILY_SERVER_CLOSE_20240621_0000_0005
KINGEA_ENTRY_BLACKOUT,1718987400000,1718990100000,840120001:189037
BROKER_HMR_SCHEDULED,1718988300000,1718989500000,840120001:189037
MAINTENANCE_ENTRY_BLOCK,1719012600000,1719014100000,DAILY_SERVER_CLOSE_20240622_0000_0005
MAINTENANCE_FORCE_FLAT,1719014100000,1719014700000,DAILY_SERVER_CLOSE_20240622_0000_0005
MAINTENANCE_RECOVERY,1719014700000,1719015600000,DAILY_SERVER_CLOSE_20240622_0000_0005
MAINTENANCE_ENTRY_BLOCK,1719099000000,1719100500000,DAILY_SERVER_CLOSE_20240623_0000_0005
MAINTENANCE_ENTRY_BLOCK,1719099540000,1719101040000,SUNDAY_SERVER_CLOSE_20240623_0009_0019
MAINTENANCE_FORCE_FLAT,1719100500000,1719101100000,DAILY_SERVER_CLOSE_20240623_0000_0005
MAINTENANCE_FORCE_FLAT,1719101040000,1719101940000,SUNDAY_SERVER_CLOSE_20240623_0009_0019
MAINTENANCE_RECOVERY,1719101100000,1719102000000,DAILY_SERVER_CLOSE_20240623_0000_0005
MAINTENANCE_RECOVERY,1719101940000,1719102840000,SUNDAY_SERVER_CLOSE_20240623_0009_0019
MAINTENANCE_ENTRY_BLOCK,1719185400000,1719186900000,DAILY_SERVER_CLOSE_20240624_0000_0005
MAINTENANCE_FORCE_FLAT,1719186900000,1719187500000,DAILY_SERVER_CLOSE_20240624_0000_0005
MAINTENANCE_RECOVERY,1719187500000,1719188400000,DAILY_SERVER_CLOSE_20240624_0000_0005
MAINTENANCE_ENTRY_BLOCK,1719271800000,1719273300000,DAILY_SERVER_CLOSE_20240625_0000_0005
MAINTENANCE_FORCE_FLAT,1719273300000,1719273900000,DAILY_SERVER_CLOSE_20240625_0000_0005
MAINTENANCE_RECOVERY,1719273900000,1719274800000,DAILY_SERVER_CLOSE_20240625_0000_0005
KINGEA_ENTRY_BLACKOUT,1719333000000,1719335700000,840180002:192217
BROKER_HMR_SCHEDULED,1719333900000,1719335100000,840180002:192217
MAINTENANCE_ENTRY_BLOCK,1719358200000,1719359700000,DAILY_SERVER_CLOSE_20240626_0000_0005
MAINTENANCE_FORCE_FLAT,1719359700000,1719360300000,DAILY_SERVER_CLOSE_20240626_0000_0005
MAINTENANCE_RECOVERY,1719360300000,1719361200000,DAILY_SERVER_CLOSE_20240626_0000_0005
KINGEA_ENTRY_BLACKOUT,1719378000000,1719380700000,840200001:214497
BROKER_HMR_SCHEDULED,1719378900000,1719380100000,840200001:214497
KINGEA_ENTRY_BLACKOUT,1719419400000,1719422100000,840020008:194981
BROKER_HMR_SCHEDULED,1719420300000,1719421500000,840020008:194981
MAINTENANCE_ENTRY_BLOCK,1719444600000,1719446100000,DAILY_SERVER_CLOSE_20240627_0000_0005
MAINTENANCE_FORCE_FLAT,1719446100000,1719446700000,DAILY_SERVER_CLOSE_20240627_0000_0005
MAINTENANCE_RECOVERY,1719446700000,1719447600000,DAILY_SERVER_CLOSE_20240627_0000_0005
KINGEA_ENTRY_BLACKOUT,1719500400000,1719503100000,840010007:197684
KINGEA_ENTRY_BLACKOUT,1719500400000,1719503100000,840010018:197755
KINGEA_ENTRY_BLACKOUT,1719500400000,1719503100000,840020013:195041
KINGEA_ENTRY_BLACKOUT,1719500400000,1719503100000,840140001:201579
BROKER_HMR_SCHEDULED,1719501300000,1719502500000,840010007:197684
BROKER_HMR_SCHEDULED,1719501300000,1719502500000,840010018:197755
BROKER_HMR_SCHEDULED,1719501300000,1719502500000,840020013:195041
BROKER_HMR_SCHEDULED,1719501300000,1719502500000,840140001:201579
MAINTENANCE_ENTRY_BLOCK,1719531000000,1719532500000,DAILY_SERVER_CLOSE_20240628_0000_0005
MAINTENANCE_FORCE_FLAT,1719532500000,1719533100000,DAILY_SERVER_CLOSE_20240628_0000_0005
MAINTENANCE_RECOVERY,1719533100000,1719534000000,DAILY_SERVER_CLOSE_20240628_0000_0005
KINGEA_ENTRY_BLACKOUT,1719586800000,1719589500000,840010001:197624
KINGEA_ENTRY_BLACKOUT,1719586800000,1719589500000,840010002:197634
BROKER_HMR_SCHEDULED,1719587700000,1719588900000,840010001:197624
BROKER_HMR_SCHEDULED,1719587700000,1719588900000,840010002:197634
KINGEA_ENTRY_BLACKOUT,1719591300000,1719594000000,840510001:201453
BROKER_HMR_SCHEDULED,1719592200000,1719593400000,840510001:201453
MAINTENANCE_ENTRY_BLOCK,1719617400000,1719618900000,DAILY_SERVER_CLOSE_20240629_0000_0005
MAINTENANCE_FORCE_FLAT,1719618900000,1719619500000,DAILY_SERVER_CLOSE_20240629_0000_0005
MAINTENANCE_RECOVERY,1719619500000,1719620400000,DAILY_SERVER_CLOSE_20240629_0000_0005
MAINTENANCE_ENTRY_BLOCK,1719703800000,1719705300000,DAILY_SERVER_CLOSE_20240630_0000_0005
MAINTENANCE_ENTRY_BLOCK,1719704340000,1719705840000,SUNDAY_SERVER_CLOSE_20240630_0009_0019
MAINTENANCE_FORCE_FLAT,1719705300000,1719705900000,DAILY_SERVER_CLOSE_20240630_0000_0005
MAINTENANCE_FORCE_FLAT,1719705840000,1719706740000,SUNDAY_SERVER_CLOSE_20240630_0009_0019
MAINTENANCE_RECOVERY,1719705900000,1719706800000,DAILY_SERVER_CLOSE_20240630_0000_0005
MAINTENANCE_RECOVERY,1719706740000,1719707640000,SUNDAY_SERVER_CLOSE_20240630_0009_0019
MAINTENANCE_ENTRY_BLOCK,1719790200000,1719791700000,DAILY_SERVER_CLOSE_20240701_0000_0005
MAINTENANCE_FORCE_FLAT,1719791700000,1719792300000,DAILY_SERVER_CLOSE_20240701_0000_0005
MAINTENANCE_RECOVERY,1719792300000,1719793200000,DAILY_SERVER_CLOSE_20240701_0000_0005
KINGEA_ENTRY_BLACKOUT,1719850500000,1719853200000,840500001:206872
BROKER_HMR_SCHEDULED,1719851400000,1719852600000,840500001:206872
KINGEA_ENTRY_BLACKOUT,1719851400000,1719854100000,840040001:188259
KINGEA_ENTRY_BLACKOUT,1719851400000,1719854100000,840040002:188266
BROKER_HMR_SCHEDULED,1719852300000,1719853500000,840040001:188259
BROKER_HMR_SCHEDULED,1719852300000,1719853500000,840040002:188266
MAINTENANCE_ENTRY_BLOCK,1719876600000,1719878100000,DAILY_SERVER_CLOSE_20240702_0000_0005
MAINTENANCE_FORCE_FLAT,1719878100000,1719878700000,DAILY_SERVER_CLOSE_20240702_0000_0005
MAINTENANCE_RECOVERY,1719878700000,1719879600000,DAILY_SERVER_CLOSE_20240702_0000_0005
KINGEA_ENTRY_BLACKOUT,1719936000000,1719938700000,840050022:209381
BROKER_HMR_SCHEDULED,1719936900000,1719938100000,840050022:209381
KINGEA_ENTRY_BLACKOUT,1719937800000,1719940500000,840030021:191832
BROKER_HMR_SCHEDULED,1719938700000,1719939900000,840030021:191832
MAINTENANCE_ENTRY_BLOCK,1719963000000,1719964500000,DAILY_SERVER_CLOSE_20240703_0000_0005
MAINTENANCE_FORCE_FLAT,1719964500000,1719965100000,DAILY_SERVER_CLOSE_20240703_0000_0005
MAINTENANCE_RECOVERY,1719965100000,1719966000000,DAILY_SERVER_CLOSE_20240703_0000_0005
KINGEA_ENTRY_BLACKOUT,1719982800000,1719985500000,840200001:214496
BROKER_HMR_SCHEDULED,1719983700000,1719984900000,840200001:214496
KINGEA_ENTRY_BLACKOUT,1720017900000,1720020600000,840190001:188891
BROKER_HMR_SCHEDULED,1720018800000,1720020000000,840190001:188891
KINGEA_ENTRY_BLACKOUT,1720018800000,1720021500000,840140001:206697
BROKER_HMR_SCHEDULED,1720019700000,1720020900000,840140001:206697
KINGEA_ENTRY_BLACKOUT,1720023300000,1720026000000,840500002:207050
BROKER_HMR_SCHEDULED,1720024200000,1720025400000,840500002:207050
KINGEA_ENTRY_BLACKOUT,1720024200000,1720026900000,840040003:188274
KINGEA_ENTRY_BLACKOUT,1720024200000,1720026900000,840040008:188318
BROKER_HMR_SCHEDULED,1720025100000,1720026300000,840040003:188274
BROKER_HMR_SCHEDULED,1720025100000,1720026300000,840040008:188318
MAINTENANCE_ENTRY_BLOCK,1720049400000,1720050900000,DAILY_SERVER_CLOSE_20240704_0000_0005
MAINTENANCE_FORCE_FLAT,1720050900000,1720051500000,DAILY_SERVER_CLOSE_20240704_0000_0005
MAINTENANCE_RECOVERY,1720051500000,1720052400000,DAILY_SERVER_CLOSE_20240704_0000_0005
MAINTENANCE_ENTRY_BLOCK,1720135800000,1720137300000,DAILY_SERVER_CLOSE_20240705_0000_0005
MAINTENANCE_FORCE_FLAT,1720137300000,1720137900000,DAILY_SERVER_CLOSE_20240705_0000_0005
MAINTENANCE_RECOVERY,1720137900000,1720138800000,DAILY_SERVER_CLOSE_20240705_0000_0005
KINGEA_ENTRY_BLACKOUT,1720191600000,1720194300000,840030015:191760
KINGEA_ENTRY_BLACKOUT,1720191600000,1720194300000,840030016:191772
KINGEA_ENTRY_BLACKOUT,1720191600000,1720194300000,840030018:191796
BROKER_HMR_SCHEDULED,1720192500000,1720193700000,840030015:191760
BROKER_HMR_SCHEDULED,1720192500000,1720193700000,840030016:191772
BROKER_HMR_SCHEDULED,1720192500000,1720193700000,840030018:191796
MAINTENANCE_ENTRY_BLOCK,1720222200000,1720223700000,DAILY_SERVER_CLOSE_20240706_0000_0005
MAINTENANCE_FORCE_FLAT,1720223700000,1720224300000,DAILY_SERVER_CLOSE_20240706_0000_0005
MAINTENANCE_RECOVERY,1720224300000,1720225200000,DAILY_SERVER_CLOSE_20240706_0000_0005
MAINTENANCE_ENTRY_BLOCK,1720308600000,1720310100000,DAILY_SERVER_CLOSE_20240707_0000_0005
MAINTENANCE_ENTRY_BLOCK,1720309140000,1720310640000,SUNDAY_SERVER_CLOSE_20240707_0009_0019
MAINTENANCE_FORCE_FLAT,1720310100000,1720310700000,DAILY_SERVER_CLOSE_20240707_0000_0005
MAINTENANCE_FORCE_FLAT,1720310640000,1720311540000,SUNDAY_SERVER_CLOSE_20240707_0009_0019
MAINTENANCE_RECOVERY,1720310700000,1720311600000,DAILY_SERVER_CLOSE_20240707_0000_0005
MAINTENANCE_RECOVERY,1720311540000,1720312440000,SUNDAY_SERVER_CLOSE_20240707_0009_0019
MAINTENANCE_ENTRY_BLOCK,1720395000000,1720396500000,DAILY_SERVER_CLOSE_20240708_0000_0005
MAINTENANCE_FORCE_FLAT,1720396500000,1720397100000,DAILY_SERVER_CLOSE_20240708_0000_0005
MAINTENANCE_RECOVERY,1720397100000,1720398000000,DAILY_SERVER_CLOSE_20240708_0000_0005
MAINTENANCE_ENTRY_BLOCK,1720481400000,1720482900000,DAILY_SERVER_CLOSE_20240709_0000_0005
MAINTENANCE_FORCE_FLAT,1720482900000,1720483500000,DAILY_SERVER_CLOSE_20240709_0000_0005
MAINTENANCE_RECOVERY,1720483500000,1720484400000,DAILY_SERVER_CLOSE_20240709_0000_0005
KINGEA_ENTRY_BLACKOUT,1720542600000,1720545300000,840050021:210499
BROKER_HMR_SCHEDULED,1720543500000,1720544700000,840050021:210499
MAINTENANCE_ENTRY_BLOCK,1720567800000,1720569300000,DAILY_SERVER_CLOSE_20240710_0000_0005
MAINTENANCE_FORCE_FLAT,1720569300000,1720569900000,DAILY_SERVER_CLOSE_20240710_0000_0005
MAINTENANCE_RECOVERY,1720569900000,1720570800000,DAILY_SERVER_CLOSE_20240710_0000_0005
KINGEA_ENTRY_BLACKOUT,1720587600000,1720590300000,840200001:214495
BROKER_HMR_SCHEDULED,1720588500000,1720589700000,840200001:214495
KINGEA_ENTRY_BLACKOUT,1720629000000,1720631700000,840050021:210500
BROKER_HMR_SCHEDULED,1720629900000,1720631100000,840050021:210500
KINGEA_ENTRY_BLACKOUT,1720639800000,1720642500000,840220014:195769
BROKER_HMR_SCHEDULED,1720640700000,1720641900000,840220014:195769
MAINTENANCE_ENTRY_BLOCK,1720654200000,1720655700000,DAILY_SERVER_CLOSE_20240711_0000_0005
MAINTENANCE_FORCE_FLAT,1720655700000,1720656300000,DAILY_SERVER_CLOSE_20240711_0000_0005
MAINTENANCE_RECOVERY,1720656300000,1720657200000,DAILY_SERVER_CLOSE_20240711_0000_0005
KINGEA_ENTRY_BLACKOUT,1720710000000,1720712700000,840030005:191640
KINGEA_ENTRY_BLACKOUT,1720710000000,1720712700000,840030006:191652
KINGEA_ENTRY_BLACKOUT,1720710000000,1720712700000,840030007:191664
KINGEA_ENTRY_BLACKOUT,1720710000000,1720712700000,840030034:191956
KINGEA_ENTRY_BLACKOUT,1720710000000,1720712700000,840030035:191968
KINGEA_ENTRY_BLACKOUT,1720710000000,1720712700000,840140001:206698
BROKER_HMR_SCHEDULED,1720710900000,1720712100000,840030005:191640
BROKER_HMR_SCHEDULED,1720710900000,1720712100000,840030006:191652
BROKER_HMR_SCHEDULED,1720710900000,1720712100000,840030007:191664
BROKER_HMR_SCHEDULED,1720710900000,1720712100000,840030034:191956
BROKER_HMR_SCHEDULED,1720710900000,1720712100000,840030035:191968
BROKER_HMR_SCHEDULED,1720710900000,1720712100000,840140001:206698
KINGEA_ENTRY_BLACKOUT,1720726200000,1720728900000,840220015:195772
BROKER_HMR_SCHEDULED,1720727100000,1720728300000,840220015:195772
MAINTENANCE_ENTRY_BLOCK,1720740600000,1720742100000,DAILY_SERVER_CLOSE_20240712_0000_0005
MAINTENANCE_FORCE_FLAT,1720742100000,1720742700000,DAILY_SERVER_CLOSE_20240712_0000_0005
MAINTENANCE_RECOVERY,1720742700000,1720743600000,DAILY_SERVER_CLOSE_20240712_0000_0005
KINGEA_ENTRY_BLACKOUT,1720796400000,1720799100000,840030001:191592
BROKER_HMR_SCHEDULED,1720797300000,1720798500000,840030001:191592
MAINTENANCE_ENTRY_BLOCK,1720827000000,1720828500000,DAILY_SERVER_CLOSE_20240713_0000_0005
MAINTENANCE_FORCE_FLAT,1720828500000,1720829100000,DAILY_SERVER_CLOSE_20240713_0000_0005
MAINTENANCE_RECOVERY,1720829100000,1720830000000,DAILY_SERVER_CLOSE_20240713_0000_0005
MAINTENANCE_ENTRY_BLOCK,1720913400000,1720914900000,DAILY_SERVER_CLOSE_20240714_0000_0005
MAINTENANCE_ENTRY_BLOCK,1720913940000,1720915440000,SUNDAY_SERVER_CLOSE_20240714_0009_0019
MAINTENANCE_FORCE_FLAT,1720914900000,1720915500000,DAILY_SERVER_CLOSE_20240714_0000_0005
MAINTENANCE_FORCE_FLAT,1720915440000,1720916340000,SUNDAY_SERVER_CLOSE_20240714_0009_0019
MAINTENANCE_RECOVERY,1720915500000,1720916400000,DAILY_SERVER_CLOSE_20240714_0000_0005
MAINTENANCE_RECOVERY,1720916340000,1720917240000,SUNDAY_SERVER_CLOSE_20240714_0009_0019
MAINTENANCE_ENTRY_BLOCK,1720999800000,1721001300000,DAILY_SERVER_CLOSE_20240715_0000_0005
MAINTENANCE_FORCE_FLAT,1721001300000,1721001900000,DAILY_SERVER_CLOSE_20240715_0000_0005
MAINTENANCE_RECOVERY,1721001900000,1721002800000,DAILY_SERVER_CLOSE_20240715_0000_0005
KINGEA_ENTRY_BLACKOUT,1721070000000,1721072700000,840050022:211185
BROKER_HMR_SCHEDULED,1721070900000,1721072100000,840050022:211185
MAINTENANCE_ENTRY_BLOCK,1721086200000,1721087700000,DAILY_SERVER_CLOSE_20240716_0000_0005
MAINTENANCE_FORCE_FLAT,1721087700000,1721088300000,DAILY_SERVER_CLOSE_20240716_0000_0005
MAINTENANCE_RECOVERY,1721088300000,1721089200000,DAILY_SERVER_CLOSE_20240716_0000_0005
KINGEA_ENTRY_BLACKOUT,1721142000000,1721144700000,840020010:195006
KINGEA_ENTRY_BLACKOUT,1721142000000,1721144700000,840020011:195018
BROKER_HMR_SCHEDULED,1721142900000,1721144100000,840020010:195006
BROKER_HMR_SCHEDULED,1721142900000,1721144100000,840020011:195018
MAINTENANCE_ENTRY_BLOCK,1721172600000,1721174100000,DAILY_SERVER_CLOSE_20240717_0000_0005
MAINTENANCE_FORCE_FLAT,1721174100000,1721174700000,DAILY_SERVER_CLOSE_20240717_0000_0005
MAINTENANCE_RECOVERY,1721174700000,1721175600000,DAILY_SERVER_CLOSE_20240717_0000_0005
KINGEA_ENTRY_BLACKOUT,1721192400000,1721195100000,840200001:214494
BROKER_HMR_SCHEDULED,1721193300000,1721194500000,840200001:214494
MAINTENANCE_ENTRY_BLOCK,1721259000000,1721260500000,DAILY_SERVER_CLOSE_20240718_0000_0005
MAINTENANCE_FORCE_FLAT,1721260500000,1721261100000,DAILY_SERVER_CLOSE_20240718_0000_0005
MAINTENANCE_RECOVERY,1721261100000,1721262000000,DAILY_SERVER_CLOSE_20240718_0000_0005
KINGEA_ENTRY_BLACKOUT,1721314800000,1721317500000,840070001:192005
KINGEA_ENTRY_BLACKOUT,1721314800000,1721317500000,840140001:206699
BROKER_HMR_SCHEDULED,1721315700000,1721316900000,840070001:192005
BROKER_HMR_SCHEDULED,1721315700000,1721316900000,840140001:206699
MAINTENANCE_ENTRY_BLOCK,1721345400000,1721346900000,DAILY_SERVER_CLOSE_20240719_0000_0005
MAINTENANCE_FORCE_FLAT,1721346900000,1721347500000,DAILY_SERVER_CLOSE_20240719_0000_0005
MAINTENANCE_RECOVERY,1721347500000,1721348400000,DAILY_SERVER_CLOSE_20240719_0000_0005
MAINTENANCE_ENTRY_BLOCK,1721431800000,1721433300000,DAILY_SERVER_CLOSE_20240720_0000_0005
MAINTENANCE_FORCE_FLAT,1721433300000,1721433900000,DAILY_SERVER_CLOSE_20240720_0000_0005
MAINTENANCE_RECOVERY,1721433900000,1721434800000,DAILY_SERVER_CLOSE_20240720_0000_0005
MAINTENANCE_ENTRY_BLOCK,1721518200000,1721519700000,DAILY_SERVER_CLOSE_20240721_0000_0005
MAINTENANCE_ENTRY_BLOCK,1721518740000,1721520240000,SUNDAY_SERVER_CLOSE_20240721_0009_0019
MAINTENANCE_FORCE_FLAT,1721519700000,1721520300000,DAILY_SERVER_CLOSE_20240721_0000_0005
MAINTENANCE_FORCE_FLAT,1721520240000,1721521140000,SUNDAY_SERVER_CLOSE_20240721_0009_0019
MAINTENANCE_RECOVERY,1721520300000,1721521200000,DAILY_SERVER_CLOSE_20240721_0000_0005
MAINTENANCE_RECOVERY,1721521140000,1721522040000,SUNDAY_SERVER_CLOSE_20240721_0009_0019
MAINTENANCE_ENTRY_BLOCK,1721604600000,1721606100000,DAILY_SERVER_CLOSE_20240722_0000_0005
MAINTENANCE_FORCE_FLAT,1721606100000,1721606700000,DAILY_SERVER_CLOSE_20240722_0000_0005
MAINTENANCE_RECOVERY,1721606700000,1721607600000,DAILY_SERVER_CLOSE_20240722_0000_0005
MAINTENANCE_ENTRY_BLOCK,1721691000000,1721692500000,DAILY_SERVER_CLOSE_20240723_0000_0005
MAINTENANCE_FORCE_FLAT,1721692500000,1721693100000,DAILY_SERVER_CLOSE_20240723_0000_0005
MAINTENANCE_RECOVERY,1721693100000,1721694000000,DAILY_SERVER_CLOSE_20240723_0000_0005
KINGEA_ENTRY_BLACKOUT,1721752200000,1721754900000,840120001:189038
BROKER_HMR_SCHEDULED,1721753100000,1721754300000,840120001:189038
MAINTENANCE_ENTRY_BLOCK,1721777400000,1721778900000,DAILY_SERVER_CLOSE_20240724_0000_0005
MAINTENANCE_FORCE_FLAT,1721778900000,1721779500000,DAILY_SERVER_CLOSE_20240724_0000_0005
MAINTENANCE_RECOVERY,1721779500000,1721780400000,DAILY_SERVER_CLOSE_20240724_0000_0005
KINGEA_ENTRY_BLACKOUT,1721797200000,1721799900000,840200001:214493
BROKER_HMR_SCHEDULED,1721798100000,1721799300000,840200001:214493
KINGEA_ENTRY_BLACKOUT,1721838600000,1721841300000,840020008:194982
BROKER_HMR_SCHEDULED,1721839500000,1721840700000,840020008:194982
MAINTENANCE_ENTRY_BLOCK,1721863800000,1721865300000,DAILY_SERVER_CLOSE_20240725_0000_0005
MAINTENANCE_FORCE_FLAT,1721865300000,1721865900000,DAILY_SERVER_CLOSE_20240725_0000_0005
MAINTENANCE_RECOVERY,1721865900000,1721866800000,DAILY_SERVER_CLOSE_20240725_0000_0005
KINGEA_ENTRY_BLACKOUT,1721919600000,1721922300000,840010007:197685
KINGEA_ENTRY_BLACKOUT,1721919600000,1721922300000,840010018:197756
KINGEA_ENTRY_BLACKOUT,1721919600000,1721922300000,840020013:195042
KINGEA_ENTRY_BLACKOUT,1721919600000,1721922300000,840140001:206700
BROKER_HMR_SCHEDULED,1721920500000,1721921700000,840010007:197685
BROKER_HMR_SCHEDULED,1721920500000,1721921700000,840010018:197756
BROKER_HMR_SCHEDULED,1721920500000,1721921700000,840020013:195042
BROKER_HMR_SCHEDULED,1721920500000,1721921700000,840140001:206700
MAINTENANCE_ENTRY_BLOCK,1721950200000,1721951700000,DAILY_SERVER_CLOSE_20240726_0000_0005
MAINTENANCE_FORCE_FLAT,1721951700000,1721952300000,DAILY_SERVER_CLOSE_20240726_0000_0005
MAINTENANCE_RECOVERY,1721952300000,1721953200000,DAILY_SERVER_CLOSE_20240726_0000_0005
KINGEA_ENTRY_BLACKOUT,1722006000000,1722008700000,840010001:197625
KINGEA_ENTRY_BLACKOUT,1722006000000,1722008700000,840010002:197635
BROKER_HMR_SCHEDULED,1722006900000,1722008100000,840010001:197625
BROKER_HMR_SCHEDULED,1722006900000,1722008100000,840010002:197635
MAINTENANCE_ENTRY_BLOCK,1722036600000,1722038100000,DAILY_SERVER_CLOSE_20240727_0000_0005
MAINTENANCE_FORCE_FLAT,1722038100000,1722038700000,DAILY_SERVER_CLOSE_20240727_0000_0005
MAINTENANCE_RECOVERY,1722038700000,1722039600000,DAILY_SERVER_CLOSE_20240727_0000_0005
MAINTENANCE_ENTRY_BLOCK,1722123000000,1722124500000,DAILY_SERVER_CLOSE_20240728_0000_0005
MAINTENANCE_ENTRY_BLOCK,1722123540000,1722125040000,SUNDAY_SERVER_CLOSE_20240728_0009_0019
MAINTENANCE_FORCE_FLAT,1722124500000,1722125100000,DAILY_SERVER_CLOSE_20240728_0000_0005
MAINTENANCE_FORCE_FLAT,1722125040000,1722125940000,SUNDAY_SERVER_CLOSE_20240728_0009_0019
MAINTENANCE_RECOVERY,1722125100000,1722126000000,DAILY_SERVER_CLOSE_20240728_0000_0005
MAINTENANCE_RECOVERY,1722125940000,1722126840000,SUNDAY_SERVER_CLOSE_20240728_0009_0019
MAINTENANCE_ENTRY_BLOCK,1722209400000,1722210900000,DAILY_SERVER_CLOSE_20240729_0000_0005
MAINTENANCE_FORCE_FLAT,1722210900000,1722211500000,DAILY_SERVER_CLOSE_20240729_0000_0005
MAINTENANCE_RECOVERY,1722211500000,1722212400000,DAILY_SERVER_CLOSE_20240729_0000_0005
MAINTENANCE_ENTRY_BLOCK,1722295800000,1722297300000,DAILY_SERVER_CLOSE_20240730_0000_0005
MAINTENANCE_FORCE_FLAT,1722297300000,1722297900000,DAILY_SERVER_CLOSE_20240730_0000_0005
MAINTENANCE_RECOVERY,1722297900000,1722298800000,DAILY_SERVER_CLOSE_20240730_0000_0005
KINGEA_ENTRY_BLACKOUT,1722357000000,1722359700000,840030021:191833
KINGEA_ENTRY_BLACKOUT,1722357000000,1722359700000,840180002:192218
BROKER_HMR_SCHEDULED,1722357900000,1722359100000,840030021:191833
BROKER_HMR_SCHEDULED,1722357900000,1722359100000,840180002:192218
MAINTENANCE_ENTRY_BLOCK,1722382200000,1722383700000,DAILY_SERVER_CLOSE_20240731_0000_0005
MAINTENANCE_FORCE_FLAT,1722383700000,1722384300000,DAILY_SERVER_CLOSE_20240731_0000_0005
MAINTENANCE_RECOVERY,1722384300000,1722385200000,DAILY_SERVER_CLOSE_20240731_0000_0005
KINGEA_ENTRY_BLACKOUT,1722402000000,1722404700000,840200001:214492
BROKER_HMR_SCHEDULED,1722402900000,1722404100000,840200001:214492
KINGEA_ENTRY_BLACKOUT,1722437100000,1722439800000,840190001:188892
BROKER_HMR_SCHEDULED,1722438000000,1722439200000,840190001:188892
KINGEA_ENTRY_BLACKOUT,1722442500000,1722445200000,840510001:206675
BROKER_HMR_SCHEDULED,1722443400000,1722444600000,840510001:206675
KINGEA_ENTRY_BLACKOUT,1722457800000,1722460500000,840050014:184739
BROKER_HMR_SCHEDULED,1722458700000,1722459900000,840050014:184739
KINGEA_ENTRY_BLACKOUT,1722459600000,1722462300000,840050018:184747
BROKER_HMR_SCHEDULED,1722460500000,1722461700000,840050018:184747
MAINTENANCE_ENTRY_BLOCK,1722468600000,1722470100000,DAILY_SERVER_CLOSE_20240801_0000_0005
MAINTENANCE_FORCE_FLAT,1722470100000,1722470700000,DAILY_SERVER_CLOSE_20240801_0000_0005
MAINTENANCE_RECOVERY,1722470700000,1722471600000,DAILY_SERVER_CLOSE_20240801_0000_0005
KINGEA_ENTRY_BLACKOUT,1722524400000,1722527100000,840140001:209914
BROKER_HMR_SCHEDULED,1722525300000,1722526500000,840140001:209914
KINGEA_ENTRY_BLACKOUT,1722528900000,1722531600000,840500001:210014
BROKER_HMR_SCHEDULED,1722529800000,1722531000000,840500001:210014
KINGEA_ENTRY_BLACKOUT,1722529800000,1722532500000,840040001:178989
KINGEA_ENTRY_BLACKOUT,1722529800000,1722532500000,840040002:179005
BROKER_HMR_SCHEDULED,1722530700000,1722531900000,840040001:178989
BROKER_HMR_SCHEDULED,1722530700000,1722531900000,840040002:179005
MAINTENANCE_ENTRY_BLOCK,1722555000000,1722556500000,DAILY_SERVER_CLOSE_20240802_0000_0005
MAINTENANCE_FORCE_FLAT,1722556500000,1722557100000,DAILY_SERVER_CLOSE_20240802_0000_0005
MAINTENANCE_RECOVERY,1722557100000,1722558000000,DAILY_SERVER_CLOSE_20240802_0000_0005
KINGEA_ENTRY_BLACKOUT,1722610800000,1722613500000,840030015:191761
KINGEA_ENTRY_BLACKOUT,1722610800000,1722613500000,840030016:191773
KINGEA_ENTRY_BLACKOUT,1722610800000,1722613500000,840030018:191797
BROKER_HMR_SCHEDULED,1722611700000,1722612900000,840030015:191761
BROKER_HMR_SCHEDULED,1722611700000,1722612900000,840030016:191773
BROKER_HMR_SCHEDULED,1722611700000,1722612900000,840030018:191797
MAINTENANCE_ENTRY_BLOCK,1722641400000,1722642900000,DAILY_SERVER_CLOSE_20240803_0000_0005
MAINTENANCE_FORCE_FLAT,1722642900000,1722643500000,DAILY_SERVER_CLOSE_20240803_0000_0005
MAINTENANCE_RECOVERY,1722643500000,1722644400000,DAILY_SERVER_CLOSE_20240803_0000_0005
MAINTENANCE_ENTRY_BLOCK,1722727800000,1722729300000,DAILY_SERVER_CLOSE_20240804_0000_0005
MAINTENANCE_ENTRY_BLOCK,1722728340000,1722729840000,SUNDAY_SERVER_CLOSE_20240804_0009_0019
MAINTENANCE_FORCE_FLAT,1722729300000,1722729900000,DAILY_SERVER_CLOSE_20240804_0000_0005
MAINTENANCE_FORCE_FLAT,1722729840000,1722730740000,SUNDAY_SERVER_CLOSE_20240804_0009_0019
MAINTENANCE_RECOVERY,1722729900000,1722730800000,DAILY_SERVER_CLOSE_20240804_0000_0005
MAINTENANCE_RECOVERY,1722730740000,1722731640000,SUNDAY_SERVER_CLOSE_20240804_0009_0019
MAINTENANCE_ENTRY_BLOCK,1722814200000,1722815700000,DAILY_SERVER_CLOSE_20240805_0000_0005
MAINTENANCE_FORCE_FLAT,1722815700000,1722816300000,DAILY_SERVER_CLOSE_20240805_0000_0005
MAINTENANCE_RECOVERY,1722816300000,1722817200000,DAILY_SERVER_CLOSE_20240805_0000_0005
KINGEA_ENTRY_BLACKOUT,1722874500000,1722877200000,840500002:210618
BROKER_HMR_SCHEDULED,1722875400000,1722876600000,840500002:210618
KINGEA_ENTRY_BLACKOUT,1722875400000,1722878100000,840040003:188275
KINGEA_ENTRY_BLACKOUT,1722875400000,1722878100000,840040008:188319
BROKER_HMR_SCHEDULED,1722876300000,1722877500000,840040003:188275
BROKER_HMR_SCHEDULED,1722876300000,1722877500000,840040008:188319
MAINTENANCE_ENTRY_BLOCK,1722900600000,1722902100000,DAILY_SERVER_CLOSE_20240806_0000_0005
MAINTENANCE_FORCE_FLAT,1722902100000,1722902700000,DAILY_SERVER_CLOSE_20240806_0000_0005
MAINTENANCE_RECOVERY,1722902700000,1722903600000,DAILY_SERVER_CLOSE_20240806_0000_0005
MAINTENANCE_ENTRY_BLOCK,1722987000000,1722988500000,DAILY_SERVER_CLOSE_20240807_0000_0005
MAINTENANCE_FORCE_FLAT,1722988500000,1722989100000,DAILY_SERVER_CLOSE_20240807_0000_0005
MAINTENANCE_RECOVERY,1722989100000,1722990000000,DAILY_SERVER_CLOSE_20240807_0000_0005
KINGEA_ENTRY_BLACKOUT,1723050000000,1723052700000,840200001:214561
BROKER_HMR_SCHEDULED,1723050900000,1723052100000,840200001:214561
KINGEA_ENTRY_BLACKOUT,1723059000000,1723061700000,840220014:201563
BROKER_HMR_SCHEDULED,1723059900000,1723061100000,840220014:201563
MAINTENANCE_ENTRY_BLOCK,1723073400000,1723074900000,DAILY_SERVER_CLOSE_20240808_0000_0005
MAINTENANCE_FORCE_FLAT,1723074900000,1723075500000,DAILY_SERVER_CLOSE_20240808_0000_0005
MAINTENANCE_RECOVERY,1723075500000,1723076400000,DAILY_SERVER_CLOSE_20240808_0000_0005
KINGEA_ENTRY_BLACKOUT,1723129200000,1723131900000,840140001:209915
BROKER_HMR_SCHEDULED,1723130100000,1723131300000,840140001:209915
KINGEA_ENTRY_BLACKOUT,1723145400000,1723148100000,840220015:201566
BROKER_HMR_SCHEDULED,1723146300000,1723147500000,840220015:201566
MAINTENANCE_ENTRY_BLOCK,1723159800000,1723161300000,DAILY_SERVER_CLOSE_20240809_0000_0005
MAINTENANCE_FORCE_FLAT,1723161300000,1723161900000,DAILY_SERVER_CLOSE_20240809_0000_0005
MAINTENANCE_RECOVERY,1723161900000,1723162800000,DAILY_SERVER_CLOSE_20240809_0000_0005
MAINTENANCE_ENTRY_BLOCK,1723246200000,1723247700000,DAILY_SERVER_CLOSE_20240810_0000_0005
MAINTENANCE_FORCE_FLAT,1723247700000,1723248300000,DAILY_SERVER_CLOSE_20240810_0000_0005
MAINTENANCE_RECOVERY,1723248300000,1723249200000,DAILY_SERVER_CLOSE_20240810_0000_0005
MAINTENANCE_ENTRY_BLOCK,1723332600000,1723334100000,DAILY_SERVER_CLOSE_20240811_0000_0005
MAINTENANCE_ENTRY_BLOCK,1723333140000,1723334640000,SUNDAY_SERVER_CLOSE_20240811_0009_0019
MAINTENANCE_FORCE_FLAT,1723334100000,1723334700000,DAILY_SERVER_CLOSE_20240811_0000_0005
MAINTENANCE_FORCE_FLAT,1723334640000,1723335540000,SUNDAY_SERVER_CLOSE_20240811_0009_0019
MAINTENANCE_RECOVERY,1723334700000,1723335600000,DAILY_SERVER_CLOSE_20240811_0000_0005
MAINTENANCE_RECOVERY,1723335540000,1723336440000,SUNDAY_SERVER_CLOSE_20240811_0009_0019
MAINTENANCE_ENTRY_BLOCK,1723419000000,1723420500000,DAILY_SERVER_CLOSE_20240812_0000_0005
MAINTENANCE_FORCE_FLAT,1723420500000,1723421100000,DAILY_SERVER_CLOSE_20240812_0000_0005
MAINTENANCE_RECOVERY,1723421100000,1723422000000,DAILY_SERVER_CLOSE_20240812_0000_0005
MAINTENANCE_ENTRY_BLOCK,1723505400000,1723506900000,DAILY_SERVER_CLOSE_20240813_0000_0005
MAINTENANCE_FORCE_FLAT,1723506900000,1723507500000,DAILY_SERVER_CLOSE_20240813_0000_0005
MAINTENANCE_RECOVERY,1723507500000,1723508400000,DAILY_SERVER_CLOSE_20240813_0000_0005
KINGEA_ENTRY_BLACKOUT,1723561200000,1723563900000,840030001:191593
BROKER_HMR_SCHEDULED,1723562100000,1723563300000,840030001:191593
MAINTENANCE_ENTRY_BLOCK,1723591800000,1723593300000,DAILY_SERVER_CLOSE_20240814_0000_0005
MAINTENANCE_FORCE_FLAT,1723593300000,1723593900000,DAILY_SERVER_CLOSE_20240814_0000_0005
MAINTENANCE_RECOVERY,1723593900000,1723594800000,DAILY_SERVER_CLOSE_20240814_0000_0005
KINGEA_ENTRY_BLACKOUT,1723647600000,1723650300000,840030005:191641
KINGEA_ENTRY_BLACKOUT,1723647600000,1723650300000,840030006:191653
KINGEA_ENTRY_BLACKOUT,1723647600000,1723650300000,840030007:191665
KINGEA_ENTRY_BLACKOUT,1723647600000,1723650300000,840030034:191957
KINGEA_ENTRY_BLACKOUT,1723647600000,1723650300000,840030035:191969
BROKER_HMR_SCHEDULED,1723648500000,1723649700000,840030005:191641
BROKER_HMR_SCHEDULED,1723648500000,1723649700000,840030006:191653
BROKER_HMR_SCHEDULED,1723648500000,1723649700000,840030007:191665
BROKER_HMR_SCHEDULED,1723648500000,1723649700000,840030034:191957
BROKER_HMR_SCHEDULED,1723648500000,1723649700000,840030035:191969
KINGEA_ENTRY_BLACKOUT,1723654800000,1723657500000,840200001:214562
BROKER_HMR_SCHEDULED,1723655700000,1723656900000,840200001:214562
MAINTENANCE_ENTRY_BLOCK,1723678200000,1723679700000,DAILY_SERVER_CLOSE_20240815_0000_0005
MAINTENANCE_FORCE_FLAT,1723679700000,1723680300000,DAILY_SERVER_CLOSE_20240815_0000_0005
MAINTENANCE_RECOVERY,1723680300000,1723681200000,DAILY_SERVER_CLOSE_20240815_0000_0005
KINGEA_ENTRY_BLACKOUT,1723734000000,1723736700000,840020010:195007
KINGEA_ENTRY_BLACKOUT,1723734000000,1723736700000,840020011:195019
KINGEA_ENTRY_BLACKOUT,1723734000000,1723736700000,840070001:192006
KINGEA_ENTRY_BLACKOUT,1723734000000,1723736700000,840140001:209916
BROKER_HMR_SCHEDULED,1723734900000,1723736100000,840020010:195007
BROKER_HMR_SCHEDULED,1723734900000,1723736100000,840020011:195019
BROKER_HMR_SCHEDULED,1723734900000,1723736100000,840070001:192006
BROKER_HMR_SCHEDULED,1723734900000,1723736100000,840140001:209916
MAINTENANCE_ENTRY_BLOCK,1723764600000,1723766100000,DAILY_SERVER_CLOSE_20240816_0000_0005
MAINTENANCE_FORCE_FLAT,1723766100000,1723766700000,DAILY_SERVER_CLOSE_20240816_0000_0005
MAINTENANCE_RECOVERY,1723766700000,1723767600000,DAILY_SERVER_CLOSE_20240816_0000_0005
MAINTENANCE_ENTRY_BLOCK,1723851000000,1723852500000,DAILY_SERVER_CLOSE_20240817_0000_0005
MAINTENANCE_FORCE_FLAT,1723852500000,1723853100000,DAILY_SERVER_CLOSE_20240817_0000_0005
MAINTENANCE_RECOVERY,1723853100000,1723854000000,DAILY_SERVER_CLOSE_20240817_0000_0005
MAINTENANCE_ENTRY_BLOCK,1723937400000,1723938900000,DAILY_SERVER_CLOSE_20240818_0000_0005
MAINTENANCE_ENTRY_BLOCK,1723937940000,1723939440000,SUNDAY_SERVER_CLOSE_20240818_0009_0019
MAINTENANCE_FORCE_FLAT,1723938900000,1723939500000,DAILY_SERVER_CLOSE_20240818_0000_0005
MAINTENANCE_FORCE_FLAT,1723939440000,1723940340000,SUNDAY_SERVER_CLOSE_20240818_0009_0019
MAINTENANCE_RECOVERY,1723939500000,1723940400000,DAILY_SERVER_CLOSE_20240818_0000_0005
MAINTENANCE_RECOVERY,1723940340000,1723941240000,SUNDAY_SERVER_CLOSE_20240818_0009_0019
MAINTENANCE_ENTRY_BLOCK,1724023800000,1724025300000,DAILY_SERVER_CLOSE_20240819_0000_0005
MAINTENANCE_FORCE_FLAT,1724025300000,1724025900000,DAILY_SERVER_CLOSE_20240819_0000_0005
MAINTENANCE_RECOVERY,1724025900000,1724026800000,DAILY_SERVER_CLOSE_20240819_0000_0005
MAINTENANCE_ENTRY_BLOCK,1724110200000,1724111700000,DAILY_SERVER_CLOSE_20240820_0000_0005
MAINTENANCE_FORCE_FLAT,1724111700000,1724112300000,DAILY_SERVER_CLOSE_20240820_0000_0005
MAINTENANCE_RECOVERY,1724112300000,1724113200000,DAILY_SERVER_CLOSE_20240820_0000_0005
MAINTENANCE_ENTRY_BLOCK,1724196600000,1724198100000,DAILY_SERVER_CLOSE_20240821_0000_0005
MAINTENANCE_FORCE_FLAT,1724198100000,1724198700000,DAILY_SERVER_CLOSE_20240821_0000_0005
MAINTENANCE_RECOVERY,1724198700000,1724199600000,DAILY_SERVER_CLOSE_20240821_0000_0005
KINGEA_ENTRY_BLACKOUT,1724259600000,1724262300000,840200001:214563
BROKER_HMR_SCHEDULED,1724260500000,1724261700000,840200001:214563
MAINTENANCE_ENTRY_BLOCK,1724283000000,1724284500000,DAILY_SERVER_CLOSE_20240822_0000_0005
MAINTENANCE_FORCE_FLAT,1724284500000,1724285100000,DAILY_SERVER_CLOSE_20240822_0000_0005
MAINTENANCE_RECOVERY,1724285100000,1724286000000,DAILY_SERVER_CLOSE_20240822_0000_0005
KINGEA_ENTRY_BLACKOUT,1724338800000,1724341500000,840140001:209917
BROKER_HMR_SCHEDULED,1724339700000,1724340900000,840140001:209917
KINGEA_ENTRY_BLACKOUT,1724344200000,1724346900000,840120001:189039
BROKER_HMR_SCHEDULED,1724345100000,1724346300000,840120001:189039
MAINTENANCE_ENTRY_BLOCK,1724369400000,1724370900000,DAILY_SERVER_CLOSE_20240823_0000_0005
MAINTENANCE_FORCE_FLAT,1724370900000,1724371500000,DAILY_SERVER_CLOSE_20240823_0000_0005
MAINTENANCE_RECOVERY,1724371500000,1724372400000,DAILY_SERVER_CLOSE_20240823_0000_0005
KINGEA_ENTRY_BLACKOUT,1724430600000,1724433300000,840020008:194983
KINGEA_ENTRY_BLACKOUT,1724430600000,1724433300000,840050022:215718
BROKER_HMR_SCHEDULED,1724431500000,1724432700000,840020008:194983
BROKER_HMR_SCHEDULED,1724431500000,1724432700000,840050022:215718
MAINTENANCE_ENTRY_BLOCK,1724455800000,1724457300000,DAILY_SERVER_CLOSE_20240824_0000_0005
MAINTENANCE_FORCE_FLAT,1724457300000,1724457900000,DAILY_SERVER_CLOSE_20240824_0000_0005
MAINTENANCE_RECOVERY,1724457900000,1724458800000,DAILY_SERVER_CLOSE_20240824_0000_0005
MAINTENANCE_ENTRY_BLOCK,1724542200000,1724543700000,DAILY_SERVER_CLOSE_20240825_0000_0005
MAINTENANCE_ENTRY_BLOCK,1724542740000,1724544240000,SUNDAY_SERVER_CLOSE_20240825_0009_0019
MAINTENANCE_FORCE_FLAT,1724543700000,1724544300000,DAILY_SERVER_CLOSE_20240825_0000_0005
MAINTENANCE_FORCE_FLAT,1724544240000,1724545140000,SUNDAY_SERVER_CLOSE_20240825_0009_0019
MAINTENANCE_RECOVERY,1724544300000,1724545200000,DAILY_SERVER_CLOSE_20240825_0000_0005
MAINTENANCE_RECOVERY,1724545140000,1724546040000,SUNDAY_SERVER_CLOSE_20240825_0009_0019
MAINTENANCE_ENTRY_BLOCK,1724628600000,1724630100000,DAILY_SERVER_CLOSE_20240826_0000_0005
MAINTENANCE_FORCE_FLAT,1724630100000,1724630700000,DAILY_SERVER_CLOSE_20240826_0000_0005
MAINTENANCE_RECOVERY,1724630700000,1724631600000,DAILY_SERVER_CLOSE_20240826_0000_0005
KINGEA_ENTRY_BLACKOUT,1724684400000,1724687100000,840020013:195043
BROKER_HMR_SCHEDULED,1724685300000,1724686500000,840020013:195043
MAINTENANCE_ENTRY_BLOCK,1724715000000,1724716500000,DAILY_SERVER_CLOSE_20240827_0000_0005
MAINTENANCE_FORCE_FLAT,1724716500000,1724717100000,DAILY_SERVER_CLOSE_20240827_0000_0005
MAINTENANCE_RECOVERY,1724717100000,1724718000000,DAILY_SERVER_CLOSE_20240827_0000_0005
KINGEA_ENTRY_BLACKOUT,1724776200000,1724778900000,840180002:192219
BROKER_HMR_SCHEDULED,1724777100000,1724778300000,840180002:192219
MAINTENANCE_ENTRY_BLOCK,1724801400000,1724802900000,DAILY_SERVER_CLOSE_20240828_0000_0005
MAINTENANCE_FORCE_FLAT,1724802900000,1724803500000,DAILY_SERVER_CLOSE_20240828_0000_0005
MAINTENANCE_RECOVERY,1724803500000,1724804400000,DAILY_SERVER_CLOSE_20240828_0000_0005
KINGEA_ENTRY_BLACKOUT,1724864400000,1724867100000,840200001:214564
BROKER_HMR_SCHEDULED,1724865300000,1724866500000,840200001:214564
MAINTENANCE_ENTRY_BLOCK,1724887800000,1724889300000,DAILY_SERVER_CLOSE_20240829_0000_0005
MAINTENANCE_FORCE_FLAT,1724889300000,1724889900000,DAILY_SERVER_CLOSE_20240829_0000_0005
MAINTENANCE_RECOVERY,1724889900000,1724890800000,DAILY_SERVER_CLOSE_20240829_0000_0005
KINGEA_ENTRY_BLACKOUT,1724943600000,1724946300000,840010007:197686
KINGEA_ENTRY_BLACKOUT,1724943600000,1724946300000,840010018:197757
KINGEA_ENTRY_BLACKOUT,1724943600000,1724946300000,840140001:209918
BROKER_HMR_SCHEDULED,1724944500000,1724945700000,840010007:197686
BROKER_HMR_SCHEDULED,1724944500000,1724945700000,840010018:197757
BROKER_HMR_SCHEDULED,1724944500000,1724945700000,840140001:209918
MAINTENANCE_ENTRY_BLOCK,1724974200000,1724975700000,DAILY_SERVER_CLOSE_20240830_0000_0005
MAINTENANCE_FORCE_FLAT,1724975700000,1724976300000,DAILY_SERVER_CLOSE_20240830_0000_0005
MAINTENANCE_RECOVERY,1724976300000,1724977200000,DAILY_SERVER_CLOSE_20240830_0000_0005
KINGEA_ENTRY_BLACKOUT,1725030000000,1725032700000,840010001:197626
KINGEA_ENTRY_BLACKOUT,1725030000000,1725032700000,840010002:197636
BROKER_HMR_SCHEDULED,1725030900000,1725032100000,840010001:197626
BROKER_HMR_SCHEDULED,1725030900000,1725032100000,840010002:197636
KINGEA_ENTRY_BLACKOUT,1725034500000,1725037200000,840510001:209882
BROKER_HMR_SCHEDULED,1725035400000,1725036600000,840510001:209882
MAINTENANCE_ENTRY_BLOCK,1725060600000,1725062100000,DAILY_SERVER_CLOSE_20240831_0000_0005
MAINTENANCE_FORCE_FLAT,1725062100000,1725062700000,DAILY_SERVER_CLOSE_20240831_0000_0005
MAINTENANCE_RECOVERY,1725062700000,1725063600000,DAILY_SERVER_CLOSE_20240831_0000_0005
MAINTENANCE_ENTRY_BLOCK,1725147000000,1725148500000,DAILY_SERVER_CLOSE_20240901_0000_0005
MAINTENANCE_ENTRY_BLOCK,1725147540000,1725149040000,SUNDAY_SERVER_CLOSE_20240901_0009_0019
MAINTENANCE_FORCE_FLAT,1725148500000,1725149100000,DAILY_SERVER_CLOSE_20240901_0000_0005
MAINTENANCE_FORCE_FLAT,1725149040000,1725149940000,SUNDAY_SERVER_CLOSE_20240901_0009_0019
MAINTENANCE_RECOVERY,1725149100000,1725150000000,DAILY_SERVER_CLOSE_20240901_0000_0005
MAINTENANCE_RECOVERY,1725149940000,1725150840000,SUNDAY_SERVER_CLOSE_20240901_0009_0019
MAINTENANCE_ENTRY_BLOCK,1725233400000,1725234900000,DAILY_SERVER_CLOSE_20240902_0000_0005
MAINTENANCE_FORCE_FLAT,1725234900000,1725235500000,DAILY_SERVER_CLOSE_20240902_0000_0005
MAINTENANCE_RECOVERY,1725235500000,1725236400000,DAILY_SERVER_CLOSE_20240902_0000_0005
MAINTENANCE_ENTRY_BLOCK,1725319800000,1725321300000,DAILY_SERVER_CLOSE_20240903_0000_0005
MAINTENANCE_FORCE_FLAT,1725321300000,1725321900000,DAILY_SERVER_CLOSE_20240903_0000_0005
MAINTENANCE_RECOVERY,1725321900000,1725322800000,DAILY_SERVER_CLOSE_20240903_0000_0005
KINGEA_ENTRY_BLACKOUT,1725380100000,1725382800000,840500001:213586
BROKER_HMR_SCHEDULED,1725381000000,1725382200000,840500001:213586
KINGEA_ENTRY_BLACKOUT,1725381000000,1725383700000,840040001:188260
KINGEA_ENTRY_BLACKOUT,1725381000000,1725383700000,840040002:188267
BROKER_HMR_SCHEDULED,1725381900000,1725383100000,840040001:188260
BROKER_HMR_SCHEDULED,1725381900000,1725383100000,840040002:188267
MAINTENANCE_ENTRY_BLOCK,1725406200000,1725407700000,DAILY_SERVER_CLOSE_20240904_0000_0005
MAINTENANCE_FORCE_FLAT,1725407700000,1725408300000,DAILY_SERVER_CLOSE_20240904_0000_0005
MAINTENANCE_RECOVERY,1725408300000,1725409200000,DAILY_SERVER_CLOSE_20240904_0000_0005
KINGEA_ENTRY_BLACKOUT,1725467400000,1725470100000,840030021:191834
BROKER_HMR_SCHEDULED,1725468300000,1725469500000,840030021:191834
MAINTENANCE_ENTRY_BLOCK,1725492600000,1725494100000,DAILY_SERVER_CLOSE_20240905_0000_0005
MAINTENANCE_FORCE_FLAT,1725494100000,1725494700000,DAILY_SERVER_CLOSE_20240905_0000_0005
MAINTENANCE_RECOVERY,1725494700000,1725495600000,DAILY_SERVER_CLOSE_20240905_0000_0005
KINGEA_ENTRY_BLACKOUT,1725547500000,1725550200000,840190001:188893
BROKER_HMR_SCHEDULED,1725548400000,1725549600000,840190001:188893
KINGEA_ENTRY_BLACKOUT,1725548400000,1725551100000,840140001:213296
BROKER_HMR_SCHEDULED,1725549300000,1725550500000,840140001:213296
KINGEA_ENTRY_BLACKOUT,1725552900000,1725555600000,840500002:213920
BROKER_HMR_SCHEDULED,1725553800000,1725555000000,840500002:213920
KINGEA_ENTRY_BLACKOUT,1725553800000,1725556500000,840040003:188276
KINGEA_ENTRY_BLACKOUT,1725553800000,1725556500000,840040008:188320
BROKER_HMR_SCHEDULED,1725554700000,1725555900000,840040003:188276
BROKER_HMR_SCHEDULED,1725554700000,1725555900000,840040008:188320
KINGEA_ENTRY_BLACKOUT,1725557400000,1725560100000,840200001:214565
BROKER_HMR_SCHEDULED,1725558300000,1725559500000,840200001:214565
MAINTENANCE_ENTRY_BLOCK,1725579000000,1725580500000,DAILY_SERVER_CLOSE_20240906_0000_0005
MAINTENANCE_FORCE_FLAT,1725580500000,1725581100000,DAILY_SERVER_CLOSE_20240906_0000_0005
MAINTENANCE_RECOVERY,1725581100000,1725582000000,DAILY_SERVER_CLOSE_20240906_0000_0005
KINGEA_ENTRY_BLACKOUT,1725634800000,1725637500000,840030015:191762
KINGEA_ENTRY_BLACKOUT,1725634800000,1725637500000,840030016:191774
KINGEA_ENTRY_BLACKOUT,1725634800000,1725637500000,840030018:191798
BROKER_HMR_SCHEDULED,1725635700000,1725636900000,840030015:191762
BROKER_HMR_SCHEDULED,1725635700000,1725636900000,840030016:191774
BROKER_HMR_SCHEDULED,1725635700000,1725636900000,840030018:191798
MAINTENANCE_ENTRY_BLOCK,1725665400000,1725666900000,DAILY_SERVER_CLOSE_20240907_0000_0005
MAINTENANCE_FORCE_FLAT,1725666900000,1725667500000,DAILY_SERVER_CLOSE_20240907_0000_0005
MAINTENANCE_RECOVERY,1725667500000,1725668400000,DAILY_SERVER_CLOSE_20240907_0000_0005
MAINTENANCE_ENTRY_BLOCK,1725751800000,1725753300000,DAILY_SERVER_CLOSE_20240908_0000_0005
MAINTENANCE_ENTRY_BLOCK,1725752340000,1725753840000,SUNDAY_SERVER_CLOSE_20240908_0009_0019
MAINTENANCE_FORCE_FLAT,1725753300000,1725753900000,DAILY_SERVER_CLOSE_20240908_0000_0005
MAINTENANCE_FORCE_FLAT,1725753840000,1725754740000,SUNDAY_SERVER_CLOSE_20240908_0009_0019
MAINTENANCE_RECOVERY,1725753900000,1725754800000,DAILY_SERVER_CLOSE_20240908_0000_0005
MAINTENANCE_RECOVERY,1725754740000,1725755640000,SUNDAY_SERVER_CLOSE_20240908_0009_0019
MAINTENANCE_ENTRY_BLOCK,1725838200000,1725839700000,DAILY_SERVER_CLOSE_20240909_0000_0005
MAINTENANCE_FORCE_FLAT,1725839700000,1725840300000,DAILY_SERVER_CLOSE_20240909_0000_0005
MAINTENANCE_RECOVERY,1725840300000,1725841200000,DAILY_SERVER_CLOSE_20240909_0000_0005
MAINTENANCE_ENTRY_BLOCK,1725924600000,1725926100000,DAILY_SERVER_CLOSE_20240910_0000_0005
MAINTENANCE_FORCE_FLAT,1725926100000,1725926700000,DAILY_SERVER_CLOSE_20240910_0000_0005
MAINTENANCE_RECOVERY,1725926700000,1725927600000,DAILY_SERVER_CLOSE_20240910_0000_0005
MAINTENANCE_ENTRY_BLOCK,1726011000000,1726012500000,DAILY_SERVER_CLOSE_20240911_0000_0005
MAINTENANCE_FORCE_FLAT,1726012500000,1726013100000,DAILY_SERVER_CLOSE_20240911_0000_0005
MAINTENANCE_RECOVERY,1726013100000,1726014000000,DAILY_SERVER_CLOSE_20240911_0000_0005
KINGEA_ENTRY_BLACKOUT,1726066800000,1726069500000,840030005:191642
KINGEA_ENTRY_BLACKOUT,1726066800000,1726069500000,840030006:191654
KINGEA_ENTRY_BLACKOUT,1726066800000,1726069500000,840030007:191666
KINGEA_ENTRY_BLACKOUT,1726066800000,1726069500000,840030034:191958
KINGEA_ENTRY_BLACKOUT,1726066800000,1726069500000,840030035:191970
BROKER_HMR_SCHEDULED,1726067700000,1726068900000,840030005:191642
BROKER_HMR_SCHEDULED,1726067700000,1726068900000,840030006:191654
BROKER_HMR_SCHEDULED,1726067700000,1726068900000,840030007:191666
BROKER_HMR_SCHEDULED,1726067700000,1726068900000,840030034:191958
BROKER_HMR_SCHEDULED,1726067700000,1726068900000,840030035:191970
KINGEA_ENTRY_BLACKOUT,1726074000000,1726076700000,840200001:214566
BROKER_HMR_SCHEDULED,1726074900000,1726076100000,840200001:214566
KINGEA_ENTRY_BLACKOUT,1726083000000,1726085700000,840220014:201564
BROKER_HMR_SCHEDULED,1726083900000,1726085100000,840220014:201564
MAINTENANCE_ENTRY_BLOCK,1726097400000,1726098900000,DAILY_SERVER_CLOSE_20240912_0000_0005
MAINTENANCE_FORCE_FLAT,1726098900000,1726099500000,DAILY_SERVER_CLOSE_20240912_0000_0005
MAINTENANCE_RECOVERY,1726099500000,1726100400000,DAILY_SERVER_CLOSE_20240912_0000_0005
KINGEA_ENTRY_BLACKOUT,1726153200000,1726155900000,840030001:191594
KINGEA_ENTRY_BLACKOUT,1726153200000,1726155900000,840140001:213297
BROKER_HMR_SCHEDULED,1726154100000,1726155300000,840030001:191594
BROKER_HMR_SCHEDULED,1726154100000,1726155300000,840140001:213297
KINGEA_ENTRY_BLACKOUT,1726169400000,1726172100000,840220015:201567
BROKER_HMR_SCHEDULED,1726170300000,1726171500000,840220015:201567
MAINTENANCE_ENTRY_BLOCK,1726183800000,1726185300000,DAILY_SERVER_CLOSE_20240913_0000_0005
MAINTENANCE_FORCE_FLAT,1726185300000,1726185900000,DAILY_SERVER_CLOSE_20240913_0000_0005
MAINTENANCE_RECOVERY,1726185900000,1726186800000,DAILY_SERVER_CLOSE_20240913_0000_0005
MAINTENANCE_ENTRY_BLOCK,1726270200000,1726271700000,DAILY_SERVER_CLOSE_20240914_0000_0005
MAINTENANCE_FORCE_FLAT,1726271700000,1726272300000,DAILY_SERVER_CLOSE_20240914_0000_0005
MAINTENANCE_RECOVERY,1726272300000,1726273200000,DAILY_SERVER_CLOSE_20240914_0000_0005
MAINTENANCE_ENTRY_BLOCK,1726356600000,1726358100000,DAILY_SERVER_CLOSE_20240915_0000_0005
MAINTENANCE_ENTRY_BLOCK,1726357140000,1726358640000,SUNDAY_SERVER_CLOSE_20240915_0009_0019
MAINTENANCE_FORCE_FLAT,1726358100000,1726358700000,DAILY_SERVER_CLOSE_20240915_0000_0005
MAINTENANCE_FORCE_FLAT,1726358640000,1726359540000,SUNDAY_SERVER_CLOSE_20240915_0009_0019
MAINTENANCE_RECOVERY,1726358700000,1726359600000,DAILY_SERVER_CLOSE_20240915_0000_0005
MAINTENANCE_RECOVERY,1726359540000,1726360440000,SUNDAY_SERVER_CLOSE_20240915_0009_0019
MAINTENANCE_ENTRY_BLOCK,1726443000000,1726444500000,DAILY_SERVER_CLOSE_20240916_0000_0005
MAINTENANCE_FORCE_FLAT,1726444500000,1726445100000,DAILY_SERVER_CLOSE_20240916_0000_0005
MAINTENANCE_RECOVERY,1726445100000,1726446000000,DAILY_SERVER_CLOSE_20240916_0000_0005
MAINTENANCE_ENTRY_BLOCK,1726529400000,1726530900000,DAILY_SERVER_CLOSE_20240917_0000_0005
MAINTENANCE_FORCE_FLAT,1726530900000,1726531500000,DAILY_SERVER_CLOSE_20240917_0000_0005
MAINTENANCE_RECOVERY,1726531500000,1726532400000,DAILY_SERVER_CLOSE_20240917_0000_0005
KINGEA_ENTRY_BLACKOUT,1726585200000,1726587900000,840020010:195008
KINGEA_ENTRY_BLACKOUT,1726585200000,1726587900000,840020011:195020
BROKER_HMR_SCHEDULED,1726586100000,1726587300000,840020010:195008
BROKER_HMR_SCHEDULED,1726586100000,1726587300000,840020011:195020
MAINTENANCE_ENTRY_BLOCK,1726615800000,1726617300000,DAILY_SERVER_CLOSE_20240918_0000_0005
MAINTENANCE_FORCE_FLAT,1726617300000,1726617900000,DAILY_SERVER_CLOSE_20240918_0000_0005
MAINTENANCE_RECOVERY,1726617900000,1726618800000,DAILY_SERVER_CLOSE_20240918_0000_0005
KINGEA_ENTRY_BLACKOUT,1726678800000,1726681500000,840200001:214567
BROKER_HMR_SCHEDULED,1726679700000,1726680900000,840200001:214567
KINGEA_ENTRY_BLACKOUT,1726691400000,1726694100000,840050014:184740
BROKER_HMR_SCHEDULED,1726692300000,1726693500000,840050014:184740
KINGEA_ENTRY_BLACKOUT,1726693200000,1726695900000,840050018:184748
BROKER_HMR_SCHEDULED,1726694100000,1726695300000,840050018:184748
MAINTENANCE_ENTRY_BLOCK,1726702200000,1726703700000,DAILY_SERVER_CLOSE_20240919_0000_0005
MAINTENANCE_FORCE_FLAT,1726703700000,1726704300000,DAILY_SERVER_CLOSE_20240919_0000_0005
MAINTENANCE_RECOVERY,1726704300000,1726705200000,DAILY_SERVER_CLOSE_20240919_0000_0005
KINGEA_ENTRY_BLACKOUT,1726758000000,1726760700000,840070001:192007
KINGEA_ENTRY_BLACKOUT,1726758000000,1726760700000,840140001:213298
BROKER_HMR_SCHEDULED,1726758900000,1726760100000,840070001:192007
BROKER_HMR_SCHEDULED,1726758900000,1726760100000,840140001:213298
KINGEA_ENTRY_BLACKOUT,1726763400000,1726766100000,840120001:189040
BROKER_HMR_SCHEDULED,1726764300000,1726765500000,840120001:189040
MAINTENANCE_ENTRY_BLOCK,1726788600000,1726790100000,DAILY_SERVER_CLOSE_20240920_0000_0005
MAINTENANCE_FORCE_FLAT,1726790100000,1726790700000,DAILY_SERVER_CLOSE_20240920_0000_0005
MAINTENANCE_RECOVERY,1726790700000,1726791600000,DAILY_SERVER_CLOSE_20240920_0000_0005
MAINTENANCE_ENTRY_BLOCK,1726875000000,1726876500000,DAILY_SERVER_CLOSE_20240921_0000_0005
MAINTENANCE_FORCE_FLAT,1726876500000,1726877100000,DAILY_SERVER_CLOSE_20240921_0000_0005
MAINTENANCE_RECOVERY,1726877100000,1726878000000,DAILY_SERVER_CLOSE_20240921_0000_0005
MAINTENANCE_ENTRY_BLOCK,1726961400000,1726962900000,DAILY_SERVER_CLOSE_20240922_0000_0005
MAINTENANCE_ENTRY_BLOCK,1726961940000,1726963440000,SUNDAY_SERVER_CLOSE_20240922_0009_0019
MAINTENANCE_FORCE_FLAT,1726962900000,1726963500000,DAILY_SERVER_CLOSE_20240922_0000_0005
MAINTENANCE_FORCE_FLAT,1726963440000,1726964340000,SUNDAY_SERVER_CLOSE_20240922_0009_0019
MAINTENANCE_RECOVERY,1726963500000,1726964400000,DAILY_SERVER_CLOSE_20240922_0000_0005
MAINTENANCE_RECOVERY,1726964340000,1726965240000,SUNDAY_SERVER_CLOSE_20240922_0009_0019
MAINTENANCE_ENTRY_BLOCK,1727047800000,1727049300000,DAILY_SERVER_CLOSE_20240923_0000_0005
MAINTENANCE_FORCE_FLAT,1727049300000,1727049900000,DAILY_SERVER_CLOSE_20240923_0000_0005
MAINTENANCE_RECOVERY,1727049900000,1727050800000,DAILY_SERVER_CLOSE_20240923_0000_0005
MAINTENANCE_ENTRY_BLOCK,1727134200000,1727135700000,DAILY_SERVER_CLOSE_20240924_0000_0005
MAINTENANCE_FORCE_FLAT,1727135700000,1727136300000,DAILY_SERVER_CLOSE_20240924_0000_0005
MAINTENANCE_RECOVERY,1727136300000,1727137200000,DAILY_SERVER_CLOSE_20240924_0000_0005
KINGEA_ENTRY_BLACKOUT,1727195400000,1727198100000,840180002:192220
BROKER_HMR_SCHEDULED,1727196300000,1727197500000,840180002:192220
MAINTENANCE_ENTRY_BLOCK,1727220600000,1727222100000,DAILY_SERVER_CLOSE_20240925_0000_0005
MAINTENANCE_FORCE_FLAT,1727222100000,1727222700000,DAILY_SERVER_CLOSE_20240925_0000_0005
MAINTENANCE_RECOVERY,1727222700000,1727223600000,DAILY_SERVER_CLOSE_20240925_0000_0005
KINGEA_ENTRY_BLACKOUT,1727281800000,1727284500000,840020008:194984
BROKER_HMR_SCHEDULED,1727282700000,1727283900000,840020008:194984
KINGEA_ENTRY_BLACKOUT,1727283600000,1727286300000,840200001:214568
BROKER_HMR_SCHEDULED,1727284500000,1727285700000,840200001:214568
MAINTENANCE_ENTRY_BLOCK,1727307000000,1727308500000,DAILY_SERVER_CLOSE_20240926_0000_0005
MAINTENANCE_FORCE_FLAT,1727308500000,1727309100000,DAILY_SERVER_CLOSE_20240926_0000_0005
MAINTENANCE_RECOVERY,1727309100000,1727310000000,DAILY_SERVER_CLOSE_20240926_0000_0005
KINGEA_ENTRY_BLACKOUT,1727362800000,1727365500000,840010007:197687
KINGEA_ENTRY_BLACKOUT,1727362800000,1727365500000,840010018:197758
KINGEA_ENTRY_BLACKOUT,1727362800000,1727365500000,840020013:195044
KINGEA_ENTRY_BLACKOUT,1727362800000,1727365500000,840140001:213299
BROKER_HMR_SCHEDULED,1727363700000,1727364900000,840010007:197687
BROKER_HMR_SCHEDULED,1727363700000,1727364900000,840010018:197758
BROKER_HMR_SCHEDULED,1727363700000,1727364900000,840020013:195044
BROKER_HMR_SCHEDULED,1727363700000,1727364900000,840140001:213299
KINGEA_ENTRY_BLACKOUT,1727365800000,1727368500000,840050022:219385
BROKER_HMR_SCHEDULED,1727366700000,1727367900000,840050022:219385
MAINTENANCE_ENTRY_BLOCK,1727393400000,1727394900000,DAILY_SERVER_CLOSE_20240927_0000_0005
MAINTENANCE_FORCE_FLAT,1727394900000,1727395500000,DAILY_SERVER_CLOSE_20240927_0000_0005
MAINTENANCE_RECOVERY,1727395500000,1727396400000,DAILY_SERVER_CLOSE_20240927_0000_0005
KINGEA_ENTRY_BLACKOUT,1727449200000,1727451900000,840010001:197627
KINGEA_ENTRY_BLACKOUT,1727449200000,1727451900000,840010002:197637
BROKER_HMR_SCHEDULED,1727450100000,1727451300000,840010001:197627
BROKER_HMR_SCHEDULED,1727450100000,1727451300000,840010002:197637
MAINTENANCE_ENTRY_BLOCK,1727479800000,1727481300000,DAILY_SERVER_CLOSE_20240928_0000_0005
MAINTENANCE_FORCE_FLAT,1727481300000,1727481900000,DAILY_SERVER_CLOSE_20240928_0000_0005
MAINTENANCE_RECOVERY,1727481900000,1727482800000,DAILY_SERVER_CLOSE_20240928_0000_0005
MAINTENANCE_ENTRY_BLOCK,1727566200000,1727567700000,DAILY_SERVER_CLOSE_20240929_0000_0005
MAINTENANCE_ENTRY_BLOCK,1727566740000,1727568240000,SUNDAY_SERVER_CLOSE_20240929_0009_0019
MAINTENANCE_FORCE_FLAT,1727567700000,1727568300000,DAILY_SERVER_CLOSE_20240929_0000_0005
MAINTENANCE_FORCE_FLAT,1727568240000,1727569140000,SUNDAY_SERVER_CLOSE_20240929_0009_0019
MAINTENANCE_RECOVERY,1727568300000,1727569200000,DAILY_SERVER_CLOSE_20240929_0000_0005
MAINTENANCE_RECOVERY,1727569140000,1727570040000,SUNDAY_SERVER_CLOSE_20240929_0009_0019
MAINTENANCE_ENTRY_BLOCK,1727652600000,1727654100000,DAILY_SERVER_CLOSE_20240930_0000_0005
MAINTENANCE_FORCE_FLAT,1727654100000,1727654700000,DAILY_SERVER_CLOSE_20240930_0000_0005
MAINTENANCE_RECOVERY,1727654700000,1727655600000,DAILY_SERVER_CLOSE_20240930_0000_0005
KINGEA_ENTRY_BLACKOUT,1727712900000,1727715600000,840510001:213261
BROKER_HMR_SCHEDULED,1727713800000,1727715000000,840510001:213261
KINGEA_ENTRY_BLACKOUT,1727727900000,1727730600000,840050022:220064
BROKER_HMR_SCHEDULED,1727728800000,1727730000000,840050022:220064
MAINTENANCE_ENTRY_BLOCK,1727739000000,1727740500000,DAILY_SERVER_CLOSE_20241001_0000_0005
MAINTENANCE_FORCE_FLAT,1727740500000,1727741100000,DAILY_SERVER_CLOSE_20241001_0000_0005
MAINTENANCE_RECOVERY,1727741100000,1727742000000,DAILY_SERVER_CLOSE_20241001_0000_0005
KINGEA_ENTRY_BLACKOUT,1727799300000,1727802000000,840500001:217386
BROKER_HMR_SCHEDULED,1727800200000,1727801400000,840500001:217386
KINGEA_ENTRY_BLACKOUT,1727800200000,1727802900000,840030021:191835
KINGEA_ENTRY_BLACKOUT,1727800200000,1727802900000,840040001:196375
KINGEA_ENTRY_BLACKOUT,1727800200000,1727802900000,840040002:196377
BROKER_HMR_SCHEDULED,1727801100000,1727802300000,840030021:191835
BROKER_HMR_SCHEDULED,1727801100000,1727802300000,840040001:196375
BROKER_HMR_SCHEDULED,1727801100000,1727802300000,840040002:196377
MAINTENANCE_ENTRY_BLOCK,1727825400000,1727826900000,DAILY_SERVER_CLOSE_20241002_0000_0005
MAINTENANCE_FORCE_FLAT,1727826900000,1727827500000,DAILY_SERVER_CLOSE_20241002_0000_0005
MAINTENANCE_RECOVERY,1727827500000,1727828400000,DAILY_SERVER_CLOSE_20241002_0000_0005
KINGEA_ENTRY_BLACKOUT,1727880300000,1727883000000,840190001:188894
BROKER_HMR_SCHEDULED,1727881200000,1727882400000,840190001:188894
KINGEA_ENTRY_BLACKOUT,1727888400000,1727891100000,840200001:214569
BROKER_HMR_SCHEDULED,1727889300000,1727890500000,840200001:214569
MAINTENANCE_ENTRY_BLOCK,1727911800000,1727913300000,DAILY_SERVER_CLOSE_20241003_0000_0005
MAINTENANCE_FORCE_FLAT,1727913300000,1727913900000,DAILY_SERVER_CLOSE_20241003_0000_0005
MAINTENANCE_RECOVERY,1727913900000,1727914800000,DAILY_SERVER_CLOSE_20241003_0000_0005
KINGEA_ENTRY_BLACKOUT,1727967600000,1727970300000,840140001:217264
BROKER_HMR_SCHEDULED,1727968500000,1727969700000,840140001:217264
KINGEA_ENTRY_BLACKOUT,1727972100000,1727974800000,840500002:217652
BROKER_HMR_SCHEDULED,1727973000000,1727974200000,840500002:217652
KINGEA_ENTRY_BLACKOUT,1727973000000,1727975700000,840040003:196379
KINGEA_ENTRY_BLACKOUT,1727973000000,1727975700000,840040008:196392
BROKER_HMR_SCHEDULED,1727973900000,1727975100000,840040003:196379
BROKER_HMR_SCHEDULED,1727973900000,1727975100000,840040008:196392
MAINTENANCE_ENTRY_BLOCK,1727998200000,1727999700000,DAILY_SERVER_CLOSE_20241004_0000_0005
MAINTENANCE_FORCE_FLAT,1727999700000,1728000300000,DAILY_SERVER_CLOSE_20241004_0000_0005
MAINTENANCE_RECOVERY,1728000300000,1728001200000,DAILY_SERVER_CLOSE_20241004_0000_0005
KINGEA_ENTRY_BLACKOUT,1728054000000,1728056700000,840030015:191763
KINGEA_ENTRY_BLACKOUT,1728054000000,1728056700000,840030016:191775
KINGEA_ENTRY_BLACKOUT,1728054000000,1728056700000,840030018:191799
BROKER_HMR_SCHEDULED,1728054900000,1728056100000,840030015:191763
BROKER_HMR_SCHEDULED,1728054900000,1728056100000,840030016:191775
BROKER_HMR_SCHEDULED,1728054900000,1728056100000,840030018:191799
MAINTENANCE_ENTRY_BLOCK,1728084600000,1728086100000,DAILY_SERVER_CLOSE_20241005_0000_0005
MAINTENANCE_FORCE_FLAT,1728086100000,1728086700000,DAILY_SERVER_CLOSE_20241005_0000_0005
MAINTENANCE_RECOVERY,1728086700000,1728087600000,DAILY_SERVER_CLOSE_20241005_0000_0005
MAINTENANCE_ENTRY_BLOCK,1728171000000,1728172500000,DAILY_SERVER_CLOSE_20241006_0000_0005
MAINTENANCE_ENTRY_BLOCK,1728171540000,1728173040000,SUNDAY_SERVER_CLOSE_20241006_0009_0019
MAINTENANCE_FORCE_FLAT,1728172500000,1728173100000,DAILY_SERVER_CLOSE_20241006_0000_0005
MAINTENANCE_FORCE_FLAT,1728173040000,1728173940000,SUNDAY_SERVER_CLOSE_20241006_0009_0019
MAINTENANCE_RECOVERY,1728173100000,1728174000000,DAILY_SERVER_CLOSE_20241006_0000_0005
MAINTENANCE_RECOVERY,1728173940000,1728174840000,SUNDAY_SERVER_CLOSE_20241006_0009_0019
MAINTENANCE_ENTRY_BLOCK,1728257400000,1728258900000,DAILY_SERVER_CLOSE_20241007_0000_0005
MAINTENANCE_FORCE_FLAT,1728258900000,1728259500000,DAILY_SERVER_CLOSE_20241007_0000_0005
MAINTENANCE_RECOVERY,1728259500000,1728260400000,DAILY_SERVER_CLOSE_20241007_0000_0005
MAINTENANCE_ENTRY_BLOCK,1728343800000,1728345300000,DAILY_SERVER_CLOSE_20241008_0000_0005
MAINTENANCE_FORCE_FLAT,1728345300000,1728345900000,DAILY_SERVER_CLOSE_20241008_0000_0005
MAINTENANCE_RECOVERY,1728345900000,1728346800000,DAILY_SERVER_CLOSE_20241008_0000_0005
MAINTENANCE_ENTRY_BLOCK,1728430200000,1728431700000,DAILY_SERVER_CLOSE_20241009_0000_0005
MAINTENANCE_FORCE_FLAT,1728431700000,1728432300000,DAILY_SERVER_CLOSE_20241009_0000_0005
MAINTENANCE_RECOVERY,1728432300000,1728433200000,DAILY_SERVER_CLOSE_20241009_0000_0005
KINGEA_ENTRY_BLACKOUT,1728493200000,1728495900000,840200001:214570
BROKER_HMR_SCHEDULED,1728494100000,1728495300000,840200001:214570
KINGEA_ENTRY_BLACKOUT,1728502200000,1728504900000,840220014:201565
BROKER_HMR_SCHEDULED,1728503100000,1728504300000,840220014:201565
MAINTENANCE_ENTRY_BLOCK,1728516600000,1728518100000,DAILY_SERVER_CLOSE_20241010_0000_0005
MAINTENANCE_FORCE_FLAT,1728518100000,1728518700000,DAILY_SERVER_CLOSE_20241010_0000_0005
MAINTENANCE_RECOVERY,1728518700000,1728519600000,DAILY_SERVER_CLOSE_20241010_0000_0005
KINGEA_ENTRY_BLACKOUT,1728572400000,1728575100000,840030005:191643
KINGEA_ENTRY_BLACKOUT,1728572400000,1728575100000,840030006:191655
KINGEA_ENTRY_BLACKOUT,1728572400000,1728575100000,840030007:191667
KINGEA_ENTRY_BLACKOUT,1728572400000,1728575100000,840030034:191959
KINGEA_ENTRY_BLACKOUT,1728572400000,1728575100000,840030035:191971
KINGEA_ENTRY_BLACKOUT,1728572400000,1728575100000,840140001:217265
BROKER_HMR_SCHEDULED,1728573300000,1728574500000,840030005:191643
BROKER_HMR_SCHEDULED,1728573300000,1728574500000,840030006:191655
BROKER_HMR_SCHEDULED,1728573300000,1728574500000,840030007:191667
BROKER_HMR_SCHEDULED,1728573300000,1728574500000,840030034:191959
BROKER_HMR_SCHEDULED,1728573300000,1728574500000,840030035:191971
BROKER_HMR_SCHEDULED,1728573300000,1728574500000,840140001:217265
KINGEA_ENTRY_BLACKOUT,1728588600000,1728591300000,840220015:201568
BROKER_HMR_SCHEDULED,1728589500000,1728590700000,840220015:201568
MAINTENANCE_ENTRY_BLOCK,1728603000000,1728604500000,DAILY_SERVER_CLOSE_20241011_0000_0005
MAINTENANCE_FORCE_FLAT,1728604500000,1728605100000,DAILY_SERVER_CLOSE_20241011_0000_0005
MAINTENANCE_RECOVERY,1728605100000,1728606000000,DAILY_SERVER_CLOSE_20241011_0000_0005
KINGEA_ENTRY_BLACKOUT,1728658800000,1728661500000,840030001:191595
BROKER_HMR_SCHEDULED,1728659700000,1728660900000,840030001:191595
MAINTENANCE_ENTRY_BLOCK,1728689400000,1728690900000,DAILY_SERVER_CLOSE_20241012_0000_0005
MAINTENANCE_FORCE_FLAT,1728690900000,1728691500000,DAILY_SERVER_CLOSE_20241012_0000_0005
MAINTENANCE_RECOVERY,1728691500000,1728692400000,DAILY_SERVER_CLOSE_20241012_0000_0005
MAINTENANCE_ENTRY_BLOCK,1728775800000,1728777300000,DAILY_SERVER_CLOSE_20241013_0000_0005
MAINTENANCE_ENTRY_BLOCK,1728776340000,1728777840000,SUNDAY_SERVER_CLOSE_20241013_0009_0019
MAINTENANCE_FORCE_FLAT,1728777300000,1728777900000,DAILY_SERVER_CLOSE_20241013_0000_0005
MAINTENANCE_FORCE_FLAT,1728777840000,1728778740000,SUNDAY_SERVER_CLOSE_20241013_0009_0019
MAINTENANCE_RECOVERY,1728777900000,1728778800000,DAILY_SERVER_CLOSE_20241013_0000_0005
MAINTENANCE_RECOVERY,1728778740000,1728779640000,SUNDAY_SERVER_CLOSE_20241013_0009_0019
MAINTENANCE_ENTRY_BLOCK,1728862200000,1728863700000,DAILY_SERVER_CLOSE_20241014_0000_0005
MAINTENANCE_FORCE_FLAT,1728863700000,1728864300000,DAILY_SERVER_CLOSE_20241014_0000_0005
MAINTENANCE_RECOVERY,1728864300000,1728865200000,DAILY_SERVER_CLOSE_20241014_0000_0005
MAINTENANCE_ENTRY_BLOCK,1728948600000,1728950100000,DAILY_SERVER_CLOSE_20241015_0000_0005
MAINTENANCE_FORCE_FLAT,1728950100000,1728950700000,DAILY_SERVER_CLOSE_20241015_0000_0005
MAINTENANCE_RECOVERY,1728950700000,1728951600000,DAILY_SERVER_CLOSE_20241015_0000_0005
MAINTENANCE_ENTRY_BLOCK,1729035000000,1729036500000,DAILY_SERVER_CLOSE_20241016_0000_0005
MAINTENANCE_FORCE_FLAT,1729036500000,1729037100000,DAILY_SERVER_CLOSE_20241016_0000_0005
MAINTENANCE_RECOVERY,1729037100000,1729038000000,DAILY_SERVER_CLOSE_20241016_0000_0005
MAINTENANCE_ENTRY_BLOCK,1729121400000,1729122900000,DAILY_SERVER_CLOSE_20241017_0000_0005
MAINTENANCE_FORCE_FLAT,1729122900000,1729123500000,DAILY_SERVER_CLOSE_20241017_0000_0005
MAINTENANCE_RECOVERY,1729123500000,1729124400000,DAILY_SERVER_CLOSE_20241017_0000_0005
KINGEA_ENTRY_BLACKOUT,1729177200000,1729179900000,840020010:195009
KINGEA_ENTRY_BLACKOUT,1729177200000,1729179900000,840020011:195021
KINGEA_ENTRY_BLACKOUT,1729177200000,1729179900000,840070001:192008
KINGEA_ENTRY_BLACKOUT,1729177200000,1729179900000,840140001:217266
BROKER_HMR_SCHEDULED,1729178100000,1729179300000,840020010:195009
BROKER_HMR_SCHEDULED,1729178100000,1729179300000,840020011:195021
BROKER_HMR_SCHEDULED,1729178100000,1729179300000,840070001:192008
BROKER_HMR_SCHEDULED,1729178100000,1729179300000,840140001:217266
KINGEA_ENTRY_BLACKOUT,1729186200000,1729188900000,840200001:215523
BROKER_HMR_SCHEDULED,1729187100000,1729188300000,840200001:215523
MAINTENANCE_ENTRY_BLOCK,1729207800000,1729209300000,DAILY_SERVER_CLOSE_20241018_0000_0005
MAINTENANCE_FORCE_FLAT,1729209300000,1729209900000,DAILY_SERVER_CLOSE_20241018_0000_0005
MAINTENANCE_RECOVERY,1729209900000,1729210800000,DAILY_SERVER_CLOSE_20241018_0000_0005
MAINTENANCE_ENTRY_BLOCK,1729294200000,1729295700000,DAILY_SERVER_CLOSE_20241019_0000_0005
MAINTENANCE_FORCE_FLAT,1729295700000,1729296300000,DAILY_SERVER_CLOSE_20241019_0000_0005
MAINTENANCE_RECOVERY,1729296300000,1729297200000,DAILY_SERVER_CLOSE_20241019_0000_0005
MAINTENANCE_ENTRY_BLOCK,1729380600000,1729382100000,DAILY_SERVER_CLOSE_20241020_0000_0005
MAINTENANCE_ENTRY_BLOCK,1729381140000,1729382640000,SUNDAY_SERVER_CLOSE_20241020_0009_0019
MAINTENANCE_FORCE_FLAT,1729382100000,1729382700000,DAILY_SERVER_CLOSE_20241020_0000_0005
MAINTENANCE_FORCE_FLAT,1729382640000,1729383540000,SUNDAY_SERVER_CLOSE_20241020_0009_0019
MAINTENANCE_RECOVERY,1729382700000,1729383600000,DAILY_SERVER_CLOSE_20241020_0000_0005
MAINTENANCE_RECOVERY,1729383540000,1729384440000,SUNDAY_SERVER_CLOSE_20241020_0009_0019
MAINTENANCE_ENTRY_BLOCK,1729467000000,1729468500000,DAILY_SERVER_CLOSE_20241021_0000_0005
MAINTENANCE_FORCE_FLAT,1729468500000,1729469100000,DAILY_SERVER_CLOSE_20241021_0000_0005
MAINTENANCE_RECOVERY,1729469100000,1729470000000,DAILY_SERVER_CLOSE_20241021_0000_0005
MAINTENANCE_ENTRY_BLOCK,1729553400000,1729554900000,DAILY_SERVER_CLOSE_20241022_0000_0005
MAINTENANCE_FORCE_FLAT,1729554900000,1729555500000,DAILY_SERVER_CLOSE_20241022_0000_0005
MAINTENANCE_RECOVERY,1729555500000,1729556400000,DAILY_SERVER_CLOSE_20241022_0000_0005
MAINTENANCE_ENTRY_BLOCK,1729639800000,1729641300000,DAILY_SERVER_CLOSE_20241023_0000_0005
MAINTENANCE_FORCE_FLAT,1729641300000,1729641900000,DAILY_SERVER_CLOSE_20241023_0000_0005
MAINTENANCE_RECOVERY,1729641900000,1729642800000,DAILY_SERVER_CLOSE_20241023_0000_0005
KINGEA_ENTRY_BLACKOUT,1729701000000,1729703700000,840120001:189041
BROKER_HMR_SCHEDULED,1729701900000,1729703100000,840120001:189041
KINGEA_ENTRY_BLACKOUT,1729702800000,1729705500000,840200001:216174
BROKER_HMR_SCHEDULED,1729703700000,1729704900000,840200001:216174
MAINTENANCE_ENTRY_BLOCK,1729726200000,1729727700000,DAILY_SERVER_CLOSE_20241024_0000_0005
MAINTENANCE_FORCE_FLAT,1729727700000,1729728300000,DAILY_SERVER_CLOSE_20241024_0000_0005
MAINTENANCE_RECOVERY,1729728300000,1729729200000,DAILY_SERVER_CLOSE_20241024_0000_0005
KINGEA_ENTRY_BLACKOUT,1729782000000,1729784700000,840140001:217267
BROKER_HMR_SCHEDULED,1729782900000,1729784100000,840140001:217267
KINGEA_ENTRY_BLACKOUT,1729787400000,1729790100000,840020008:194985
BROKER_HMR_SCHEDULED,1729788300000,1729789500000,840020008:194985
MAINTENANCE_ENTRY_BLOCK,1729812600000,1729814100000,DAILY_SERVER_CLOSE_20241025_0000_0005
MAINTENANCE_FORCE_FLAT,1729814100000,1729814700000,DAILY_SERVER_CLOSE_20241025_0000_0005
MAINTENANCE_RECOVERY,1729814700000,1729815600000,DAILY_SERVER_CLOSE_20241025_0000_0005
KINGEA_ENTRY_BLACKOUT,1729868400000,1729871100000,840020013:195045
BROKER_HMR_SCHEDULED,1729869300000,1729870500000,840020013:195045
MAINTENANCE_ENTRY_BLOCK,1729899000000,1729900500000,DAILY_SERVER_CLOSE_20241026_0000_0005
MAINTENANCE_FORCE_FLAT,1729900500000,1729901100000,DAILY_SERVER_CLOSE_20241026_0000_0005
MAINTENANCE_RECOVERY,1729901100000,1729902000000,DAILY_SERVER_CLOSE_20241026_0000_0005
MAINTENANCE_ENTRY_BLOCK,1729985400000,1729986900000,DAILY_SERVER_CLOSE_20241027_0000_0005
MAINTENANCE_ENTRY_BLOCK,1729985940000,1729987440000,SUNDAY_SERVER_CLOSE_20241027_0009_0019
MAINTENANCE_FORCE_FLAT,1729986900000,1729987500000,DAILY_SERVER_CLOSE_20241027_0000_0005
MAINTENANCE_FORCE_FLAT,1729987440000,1729988340000,SUNDAY_SERVER_CLOSE_20241027_0009_0019
MAINTENANCE_RECOVERY,1729987500000,1729988400000,DAILY_SERVER_CLOSE_20241027_0000_0005
MAINTENANCE_RECOVERY,1729988340000,1729989240000,SUNDAY_SERVER_CLOSE_20241027_0009_0019
MAINTENANCE_ENTRY_BLOCK,1730071800000,1730073300000,DAILY_SERVER_CLOSE_20241028_0000_0005
MAINTENANCE_FORCE_FLAT,1730073300000,1730073900000,DAILY_SERVER_CLOSE_20241028_0000_0005
MAINTENANCE_RECOVERY,1730073900000,1730074800000,DAILY_SERVER_CLOSE_20241028_0000_0005
MAINTENANCE_ENTRY_BLOCK,1730158200000,1730159700000,DAILY_SERVER_CLOSE_20241029_0000_0005
MAINTENANCE_FORCE_FLAT,1730159700000,1730160300000,DAILY_SERVER_CLOSE_20241029_0000_0005
MAINTENANCE_RECOVERY,1730160300000,1730161200000,DAILY_SERVER_CLOSE_20241029_0000_0005
KINGEA_ENTRY_BLACKOUT,1730219400000,1730222100000,840030021:191836
KINGEA_ENTRY_BLACKOUT,1730219400000,1730222100000,840180002:192221
BROKER_HMR_SCHEDULED,1730220300000,1730221500000,840030021:191836
BROKER_HMR_SCHEDULED,1730220300000,1730221500000,840180002:192221
MAINTENANCE_ENTRY_BLOCK,1730244600000,1730246100000,DAILY_SERVER_CLOSE_20241030_0000_0005
MAINTENANCE_FORCE_FLAT,1730246100000,1730246700000,DAILY_SERVER_CLOSE_20241030_0000_0005
MAINTENANCE_RECOVERY,1730246700000,1730247600000,DAILY_SERVER_CLOSE_20241030_0000_0005
KINGEA_ENTRY_BLACKOUT,1730299500000,1730302200000,840190001:188895
BROKER_HMR_SCHEDULED,1730300400000,1730301600000,840190001:188895
KINGEA_ENTRY_BLACKOUT,1730300400000,1730303100000,840010007:197688
KINGEA_ENTRY_BLACKOUT,1730300400000,1730303100000,840010018:197759
BROKER_HMR_SCHEDULED,1730301300000,1730302500000,840010007:197688
BROKER_HMR_SCHEDULED,1730301300000,1730302500000,840010018:197759
KINGEA_ENTRY_BLACKOUT,1730307600000,1730310300000,840200001:216803
BROKER_HMR_SCHEDULED,1730308500000,1730309700000,840200001:216803
MAINTENANCE_ENTRY_BLOCK,1730331000000,1730332500000,DAILY_SERVER_CLOSE_20241031_0000_0005
MAINTENANCE_FORCE_FLAT,1730332500000,1730333100000,DAILY_SERVER_CLOSE_20241031_0000_0005
MAINTENANCE_RECOVERY,1730333100000,1730334000000,DAILY_SERVER_CLOSE_20241031_0000_0005
KINGEA_ENTRY_BLACKOUT,1730386800000,1730389500000,840010001:197628
KINGEA_ENTRY_BLACKOUT,1730386800000,1730389500000,840010002:197638
KINGEA_ENTRY_BLACKOUT,1730386800000,1730389500000,840140001:217268
BROKER_HMR_SCHEDULED,1730387700000,1730388900000,840010001:197628
BROKER_HMR_SCHEDULED,1730387700000,1730388900000,840010002:197638
BROKER_HMR_SCHEDULED,1730387700000,1730388900000,840140001:217268
KINGEA_ENTRY_BLACKOUT,1730391300000,1730394000000,840510001:217254
BROKER_HMR_SCHEDULED,1730392200000,1730393400000,840510001:217254
MAINTENANCE_ENTRY_BLOCK,1730417400000,1730418900000,DAILY_SERVER_CLOSE_20241101_0000_0005
MAINTENANCE_FORCE_FLAT,1730418900000,1730419500000,DAILY_SERVER_CLOSE_20241101_0000_0005
MAINTENANCE_RECOVERY,1730419500000,1730420400000,DAILY_SERVER_CLOSE_20241101_0000_0005
KINGEA_ENTRY_BLACKOUT,1730473200000,1730475900000,840030015:191764
KINGEA_ENTRY_BLACKOUT,1730473200000,1730475900000,840030016:191776
KINGEA_ENTRY_BLACKOUT,1730473200000,1730475900000,840030018:191800
BROKER_HMR_SCHEDULED,1730474100000,1730475300000,840030015:191764
BROKER_HMR_SCHEDULED,1730474100000,1730475300000,840030016:191776
BROKER_HMR_SCHEDULED,1730474100000,1730475300000,840030018:191800
KINGEA_ENTRY_BLACKOUT,1730477700000,1730480400000,840500001:220744
BROKER_HMR_SCHEDULED,1730478600000,1730479800000,840500001:220744
KINGEA_ENTRY_BLACKOUT,1730478600000,1730481300000,840040001:178992
KINGEA_ENTRY_BLACKOUT,1730478600000,1730481300000,840040002:179008
BROKER_HMR_SCHEDULED,1730479500000,1730480700000,840040001:178992
BROKER_HMR_SCHEDULED,1730479500000,1730480700000,840040002:179008
MAINTENANCE_ENTRY_BLOCK,1730503800000,1730505300000,DAILY_SERVER_CLOSE_20241102_0000_0005
MAINTENANCE_FORCE_FLAT,1730505300000,1730505900000,DAILY_SERVER_CLOSE_20241102_0000_0005
MAINTENANCE_RECOVERY,1730505900000,1730506800000,DAILY_SERVER_CLOSE_20241102_0000_0005
MAINTENANCE_ENTRY_BLOCK,1730590200000,1730591700000,DAILY_SERVER_CLOSE_20241103_0000_0005
MAINTENANCE_ENTRY_BLOCK,1730590740000,1730592240000,SUNDAY_SERVER_CLOSE_20241103_0009_0019
MAINTENANCE_FORCE_FLAT,1730591700000,1730592300000,DAILY_SERVER_CLOSE_20241103_0000_0005
MAINTENANCE_FORCE_FLAT,1730592240000,1730593140000,SUNDAY_SERVER_CLOSE_20241103_0009_0019
MAINTENANCE_RECOVERY,1730592300000,1730593200000,DAILY_SERVER_CLOSE_20241103_0000_0005
MAINTENANCE_RECOVERY,1730593140000,1730594040000,SUNDAY_SERVER_CLOSE_20241103_0009_0019
MAINTENANCE_ENTRY_BLOCK,1730676600000,1730678100000,DAILY_SERVER_CLOSE_20241104_0000_0005
MAINTENANCE_FORCE_FLAT,1730678100000,1730678700000,DAILY_SERVER_CLOSE_20241104_0000_0005
MAINTENANCE_RECOVERY,1730678700000,1730679600000,DAILY_SERVER_CLOSE_20241104_0000_0005
MAINTENANCE_ENTRY_BLOCK,1730763000000,1730764500000,DAILY_SERVER_CLOSE_20241105_0000_0005
MAINTENANCE_FORCE_FLAT,1730764500000,1730765100000,DAILY_SERVER_CLOSE_20241105_0000_0005
MAINTENANCE_RECOVERY,1730765100000,1730766000000,DAILY_SERVER_CLOSE_20241105_0000_0005
KINGEA_ENTRY_BLACKOUT,1730826900000,1730829600000,840500002:221499
BROKER_HMR_SCHEDULED,1730827800000,1730829000000,840500002:221499
KINGEA_ENTRY_BLACKOUT,1730827800000,1730830500000,840040003:196380
KINGEA_ENTRY_BLACKOUT,1730827800000,1730830500000,840040008:196393
BROKER_HMR_SCHEDULED,1730828700000,1730829900000,840040003:196380
BROKER_HMR_SCHEDULED,1730828700000,1730829900000,840040008:196393
KINGEA_ENTRY_BLACKOUT,1730838600000,1730841300000,840220014:213002
BROKER_HMR_SCHEDULED,1730839500000,1730840700000,840220014:213002
MAINTENANCE_ENTRY_BLOCK,1730849400000,1730850900000,DAILY_SERVER_CLOSE_20241106_0000_0005
MAINTENANCE_FORCE_FLAT,1730850900000,1730851500000,DAILY_SERVER_CLOSE_20241106_0000_0005
MAINTENANCE_RECOVERY,1730851500000,1730852400000,DAILY_SERVER_CLOSE_20241106_0000_0005
KINGEA_ENTRY_BLACKOUT,1730916000000,1730918700000,840200001:217561
BROKER_HMR_SCHEDULED,1730916900000,1730918100000,840200001:217561
KINGEA_ENTRY_BLACKOUT,1730925000000,1730927700000,840220015:213005
BROKER_HMR_SCHEDULED,1730925900000,1730927100000,840220015:213005
MAINTENANCE_ENTRY_BLOCK,1730935800000,1730937300000,DAILY_SERVER_CLOSE_20241107_0000_0005
MAINTENANCE_FORCE_FLAT,1730937300000,1730937900000,DAILY_SERVER_CLOSE_20241107_0000_0005
MAINTENANCE_RECOVERY,1730937900000,1730938800000,DAILY_SERVER_CLOSE_20241107_0000_0005
KINGEA_ENTRY_BLACKOUT,1730995200000,1730997900000,840140001:220580
BROKER_HMR_SCHEDULED,1730996100000,1730997300000,840140001:220580
KINGEA_ENTRY_BLACKOUT,1731015000000,1731017700000,840050014:184741
BROKER_HMR_SCHEDULED,1731015900000,1731017100000,840050014:184741
KINGEA_ENTRY_BLACKOUT,1731016800000,1731019500000,840050018:184749
BROKER_HMR_SCHEDULED,1731017700000,1731018900000,840050018:184749
MAINTENANCE_ENTRY_BLOCK,1731022200000,1731023700000,DAILY_SERVER_CLOSE_20241108_0000_0005
MAINTENANCE_FORCE_FLAT,1731023700000,1731024300000,DAILY_SERVER_CLOSE_20241108_0000_0005
MAINTENANCE_RECOVERY,1731024300000,1731025200000,DAILY_SERVER_CLOSE_20241108_0000_0005
MAINTENANCE_ENTRY_BLOCK,1731108600000,1731110100000,DAILY_SERVER_CLOSE_20241109_0000_0005
MAINTENANCE_FORCE_FLAT,1731110100000,1731110700000,DAILY_SERVER_CLOSE_20241109_0000_0005
MAINTENANCE_RECOVERY,1731110700000,1731111600000,DAILY_SERVER_CLOSE_20241109_0000_0005
MAINTENANCE_ENTRY_BLOCK,1731195000000,1731196500000,DAILY_SERVER_CLOSE_20241110_0000_0005
MAINTENANCE_ENTRY_BLOCK,1731195540000,1731197040000,SUNDAY_SERVER_CLOSE_20241110_0009_0019
MAINTENANCE_FORCE_FLAT,1731196500000,1731197100000,DAILY_SERVER_CLOSE_20241110_0000_0005
MAINTENANCE_FORCE_FLAT,1731197040000,1731197940000,SUNDAY_SERVER_CLOSE_20241110_0009_0019
MAINTENANCE_RECOVERY,1731197100000,1731198000000,DAILY_SERVER_CLOSE_20241110_0000_0005
MAINTENANCE_RECOVERY,1731197940000,1731198840000,SUNDAY_SERVER_CLOSE_20241110_0009_0019
MAINTENANCE_ENTRY_BLOCK,1731281400000,1731282900000,DAILY_SERVER_CLOSE_20241111_0000_0005
MAINTENANCE_FORCE_FLAT,1731282900000,1731283500000,DAILY_SERVER_CLOSE_20241111_0000_0005
MAINTENANCE_RECOVERY,1731283500000,1731284400000,DAILY_SERVER_CLOSE_20241111_0000_0005
MAINTENANCE_ENTRY_BLOCK,1731367800000,1731369300000,DAILY_SERVER_CLOSE_20241112_0000_0005
MAINTENANCE_FORCE_FLAT,1731369300000,1731369900000,DAILY_SERVER_CLOSE_20241112_0000_0005
MAINTENANCE_RECOVERY,1731369900000,1731370800000,DAILY_SERVER_CLOSE_20241112_0000_0005
MAINTENANCE_ENTRY_BLOCK,1731454200000,1731455700000,DAILY_SERVER_CLOSE_20241113_0000_0005
MAINTENANCE_FORCE_FLAT,1731455700000,1731456300000,DAILY_SERVER_CLOSE_20241113_0000_0005
MAINTENANCE_RECOVERY,1731456300000,1731457200000,DAILY_SERVER_CLOSE_20241113_0000_0005
KINGEA_ENTRY_BLACKOUT,1731513600000,1731516300000,840030005:191644
KINGEA_ENTRY_BLACKOUT,1731513600000,1731516300000,840030006:191656
KINGEA_ENTRY_BLACKOUT,1731513600000,1731516300000,840030007:191668
KINGEA_ENTRY_BLACKOUT,1731513600000,1731516300000,840030034:191960
KINGEA_ENTRY_BLACKOUT,1731513600000,1731516300000,840030035:191972
BROKER_HMR_SCHEDULED,1731514500000,1731515700000,840030005:191644
BROKER_HMR_SCHEDULED,1731514500000,1731515700000,840030006:191656
BROKER_HMR_SCHEDULED,1731514500000,1731515700000,840030007:191668
BROKER_HMR_SCHEDULED,1731514500000,1731515700000,840030034:191960
BROKER_HMR_SCHEDULED,1731514500000,1731515700000,840030035:191972
MAINTENANCE_ENTRY_BLOCK,1731540600000,1731542100000,DAILY_SERVER_CLOSE_20241114_0000_0005
MAINTENANCE_FORCE_FLAT,1731542100000,1731542700000,DAILY_SERVER_CLOSE_20241114_0000_0005
MAINTENANCE_RECOVERY,1731542700000,1731543600000,DAILY_SERVER_CLOSE_20241114_0000_0005
KINGEA_ENTRY_BLACKOUT,1731600000000,1731602700000,840030001:191596
KINGEA_ENTRY_BLACKOUT,1731600000000,1731602700000,840140001:220581
BROKER_HMR_SCHEDULED,1731600900000,1731602100000,840030001:191596
BROKER_HMR_SCHEDULED,1731600900000,1731602100000,840140001:220581
KINGEA_ENTRY_BLACKOUT,1731609000000,1731611700000,840200001:218247
BROKER_HMR_SCHEDULED,1731609900000,1731611100000,840200001:218247
KINGEA_ENTRY_BLACKOUT,1731623400000,1731626100000,840050022:225344
BROKER_HMR_SCHEDULED,1731624300000,1731625500000,840050022:225344
MAINTENANCE_ENTRY_BLOCK,1731627000000,1731628500000,DAILY_SERVER_CLOSE_20241115_0000_0005
MAINTENANCE_FORCE_FLAT,1731628500000,1731629100000,DAILY_SERVER_CLOSE_20241115_0000_0005
MAINTENANCE_RECOVERY,1731629100000,1731630000000,DAILY_SERVER_CLOSE_20241115_0000_0005
KINGEA_ENTRY_BLACKOUT,1731686400000,1731689100000,840020010:195010
KINGEA_ENTRY_BLACKOUT,1731686400000,1731689100000,840020011:195022
BROKER_HMR_SCHEDULED,1731687300000,1731688500000,840020010:195010
BROKER_HMR_SCHEDULED,1731687300000,1731688500000,840020011:195022
MAINTENANCE_ENTRY_BLOCK,1731713400000,1731714900000,DAILY_SERVER_CLOSE_20241116_0000_0005
MAINTENANCE_FORCE_FLAT,1731714900000,1731715500000,DAILY_SERVER_CLOSE_20241116_0000_0005
MAINTENANCE_RECOVERY,1731715500000,1731716400000,DAILY_SERVER_CLOSE_20241116_0000_0005
MAINTENANCE_ENTRY_BLOCK,1731799800000,1731801300000,DAILY_SERVER_CLOSE_20241117_0000_0005
MAINTENANCE_ENTRY_BLOCK,1731800340000,1731801840000,SUNDAY_SERVER_CLOSE_20241117_0009_0019
MAINTENANCE_FORCE_FLAT,1731801300000,1731801900000,DAILY_SERVER_CLOSE_20241117_0000_0005
MAINTENANCE_FORCE_FLAT,1731801840000,1731802740000,SUNDAY_SERVER_CLOSE_20241117_0009_0019
MAINTENANCE_RECOVERY,1731801900000,1731802800000,DAILY_SERVER_CLOSE_20241117_0000_0005
MAINTENANCE_RECOVERY,1731802740000,1731803640000,SUNDAY_SERVER_CLOSE_20241117_0009_0019
MAINTENANCE_ENTRY_BLOCK,1731886200000,1731887700000,DAILY_SERVER_CLOSE_20241118_0000_0005
MAINTENANCE_FORCE_FLAT,1731887700000,1731888300000,DAILY_SERVER_CLOSE_20241118_0000_0005
MAINTENANCE_RECOVERY,1731888300000,1731889200000,DAILY_SERVER_CLOSE_20241118_0000_0005
MAINTENANCE_ENTRY_BLOCK,1731972600000,1731974100000,DAILY_SERVER_CLOSE_20241119_0000_0005
MAINTENANCE_FORCE_FLAT,1731974100000,1731974700000,DAILY_SERVER_CLOSE_20241119_0000_0005
MAINTENANCE_RECOVERY,1731974700000,1731975600000,DAILY_SERVER_CLOSE_20241119_0000_0005
MAINTENANCE_ENTRY_BLOCK,1732059000000,1732060500000,DAILY_SERVER_CLOSE_20241120_0000_0005
MAINTENANCE_FORCE_FLAT,1732060500000,1732061100000,DAILY_SERVER_CLOSE_20241120_0000_0005
MAINTENANCE_RECOVERY,1732061100000,1732062000000,DAILY_SERVER_CLOSE_20241120_0000_0005
KINGEA_ENTRY_BLACKOUT,1732125600000,1732128300000,840200001:219207
BROKER_HMR_SCHEDULED,1732126500000,1732127700000,840200001:219207
MAINTENANCE_ENTRY_BLOCK,1732145400000,1732146900000,DAILY_SERVER_CLOSE_20241121_0000_0005
MAINTENANCE_FORCE_FLAT,1732146900000,1732147500000,DAILY_SERVER_CLOSE_20241121_0000_0005
MAINTENANCE_RECOVERY,1732147500000,1732148400000,DAILY_SERVER_CLOSE_20241121_0000_0005
KINGEA_ENTRY_BLACKOUT,1732204800000,1732207500000,840070001:192009
KINGEA_ENTRY_BLACKOUT,1732204800000,1732207500000,840140001:220582
BROKER_HMR_SCHEDULED,1732205700000,1732206900000,840070001:192009
BROKER_HMR_SCHEDULED,1732205700000,1732206900000,840140001:220582
KINGEA_ENTRY_BLACKOUT,1732210200000,1732212900000,840120001:189042
BROKER_HMR_SCHEDULED,1732211100000,1732212300000,840120001:189042
MAINTENANCE_ENTRY_BLOCK,1732231800000,1732233300000,DAILY_SERVER_CLOSE_20241122_0000_0005
MAINTENANCE_FORCE_FLAT,1732233300000,1732233900000,DAILY_SERVER_CLOSE_20241122_0000_0005
MAINTENANCE_RECOVERY,1732233900000,1732234800000,DAILY_SERVER_CLOSE_20241122_0000_0005
MAINTENANCE_ENTRY_BLOCK,1732318200000,1732319700000,DAILY_SERVER_CLOSE_20241123_0000_0005
MAINTENANCE_FORCE_FLAT,1732319700000,1732320300000,DAILY_SERVER_CLOSE_20241123_0000_0005
MAINTENANCE_RECOVERY,1732320300000,1732321200000,DAILY_SERVER_CLOSE_20241123_0000_0005
MAINTENANCE_ENTRY_BLOCK,1732404600000,1732406100000,DAILY_SERVER_CLOSE_20241124_0000_0005
MAINTENANCE_ENTRY_BLOCK,1732405140000,1732406640000,SUNDAY_SERVER_CLOSE_20241124_0009_0019
MAINTENANCE_FORCE_FLAT,1732406100000,1732406700000,DAILY_SERVER_CLOSE_20241124_0000_0005
MAINTENANCE_FORCE_FLAT,1732406640000,1732407540000,SUNDAY_SERVER_CLOSE_20241124_0009_0019
MAINTENANCE_RECOVERY,1732406700000,1732407600000,DAILY_SERVER_CLOSE_20241124_0000_0005
MAINTENANCE_RECOVERY,1732407540000,1732408440000,SUNDAY_SERVER_CLOSE_20241124_0009_0019
MAINTENANCE_ENTRY_BLOCK,1732491000000,1732492500000,DAILY_SERVER_CLOSE_20241125_0000_0005
MAINTENANCE_FORCE_FLAT,1732492500000,1732493100000,DAILY_SERVER_CLOSE_20241125_0000_0005
MAINTENANCE_RECOVERY,1732493100000,1732494000000,DAILY_SERVER_CLOSE_20241125_0000_0005
MAINTENANCE_ENTRY_BLOCK,1732577400000,1732578900000,DAILY_SERVER_CLOSE_20241126_0000_0005
MAINTENANCE_FORCE_FLAT,1732578900000,1732579500000,DAILY_SERVER_CLOSE_20241126_0000_0005
MAINTENANCE_RECOVERY,1732579500000,1732580400000,DAILY_SERVER_CLOSE_20241126_0000_0005
KINGEA_ENTRY_BLACKOUT,1732642200000,1732644900000,840020008:194986
KINGEA_ENTRY_BLACKOUT,1732642200000,1732644900000,840180002:192222
BROKER_HMR_SCHEDULED,1732643100000,1732644300000,840020008:194986
BROKER_HMR_SCHEDULED,1732643100000,1732644300000,840180002:192222
MAINTENANCE_ENTRY_BLOCK,1732663800000,1732665300000,DAILY_SERVER_CLOSE_20241127_0000_0005
MAINTENANCE_FORCE_FLAT,1732665300000,1732665900000,DAILY_SERVER_CLOSE_20241127_0000_0005
MAINTENANCE_RECOVERY,1732665900000,1732666800000,DAILY_SERVER_CLOSE_20241127_0000_0005
KINGEA_ENTRY_BLACKOUT,1732723200000,1732725900000,840010007:197689
KINGEA_ENTRY_BLACKOUT,1732723200000,1732725900000,840010018:197760
KINGEA_ENTRY_BLACKOUT,1732723200000,1732725900000,840020013:195046
KINGEA_ENTRY_BLACKOUT,1732723200000,1732725900000,840140001:220583
BROKER_HMR_SCHEDULED,1732724100000,1732725300000,840010007:197689
BROKER_HMR_SCHEDULED,1732724100000,1732725300000,840010018:197760
BROKER_HMR_SCHEDULED,1732724100000,1732725300000,840020013:195046
BROKER_HMR_SCHEDULED,1732724100000,1732725300000,840140001:220583
KINGEA_ENTRY_BLACKOUT,1732727700000,1732730400000,840510001:220569
BROKER_HMR_SCHEDULED,1732728600000,1732729800000,840510001:220569
KINGEA_ENTRY_BLACKOUT,1732728600000,1732731300000,840010001:197629
KINGEA_ENTRY_BLACKOUT,1732728600000,1732731300000,840010002:197639
BROKER_HMR_SCHEDULED,1732729500000,1732730700000,840010001:197629
BROKER_HMR_SCHEDULED,1732729500000,1732730700000,840010002:197639
KINGEA_ENTRY_BLACKOUT,1732730400000,1732733100000,840200001:219854
BROKER_HMR_SCHEDULED,1732731300000,1732732500000,840200001:219854
MAINTENANCE_ENTRY_BLOCK,1732750200000,1732751700000,DAILY_SERVER_CLOSE_20241128_0000_0005
MAINTENANCE_FORCE_FLAT,1732751700000,1732752300000,DAILY_SERVER_CLOSE_20241128_0000_0005
MAINTENANCE_RECOVERY,1732752300000,1732753200000,DAILY_SERVER_CLOSE_20241128_0000_0005
MAINTENANCE_ENTRY_BLOCK,1732836600000,1732838100000,DAILY_SERVER_CLOSE_20241129_0000_0005
MAINTENANCE_FORCE_FLAT,1732838100000,1732838700000,DAILY_SERVER_CLOSE_20241129_0000_0005
MAINTENANCE_RECOVERY,1732838700000,1732839600000,DAILY_SERVER_CLOSE_20241129_0000_0005
MAINTENANCE_ENTRY_BLOCK,1732923000000,1732924500000,DAILY_SERVER_CLOSE_20241130_0000_0005
MAINTENANCE_FORCE_FLAT,1732924500000,1732925100000,DAILY_SERVER_CLOSE_20241130_0000_0005
MAINTENANCE_RECOVERY,1732925100000,1732926000000,DAILY_SERVER_CLOSE_20241130_0000_0005
MAINTENANCE_ENTRY_BLOCK,1733009400000,1733010900000,DAILY_SERVER_CLOSE_20241201_0000_0005
MAINTENANCE_ENTRY_BLOCK,1733009940000,1733011440000,SUNDAY_SERVER_CLOSE_20241201_0009_0019
MAINTENANCE_FORCE_FLAT,1733010900000,1733011500000,DAILY_SERVER_CLOSE_20241201_0000_0005
MAINTENANCE_FORCE_FLAT,1733011440000,1733012340000,SUNDAY_SERVER_CLOSE_20241201_0009_0019
MAINTENANCE_RECOVERY,1733011500000,1733012400000,DAILY_SERVER_CLOSE_20241201_0000_0005
MAINTENANCE_RECOVERY,1733012340000,1733013240000,SUNDAY_SERVER_CLOSE_20241201_0009_0019
MAINTENANCE_ENTRY_BLOCK,1733095800000,1733097300000,DAILY_SERVER_CLOSE_20241202_0000_0005
MAINTENANCE_FORCE_FLAT,1733097300000,1733097900000,DAILY_SERVER_CLOSE_20241202_0000_0005
MAINTENANCE_RECOVERY,1733097900000,1733098800000,DAILY_SERVER_CLOSE_20241202_0000_0005
KINGEA_ENTRY_BLACKOUT,1733159700000,1733162400000,840500001:224549
BROKER_HMR_SCHEDULED,1733160600000,1733161800000,840500001:224549
KINGEA_ENTRY_BLACKOUT,1733160600000,1733163300000,840040001:196376
KINGEA_ENTRY_BLACKOUT,1733160600000,1733163300000,840040002:196378
BROKER_HMR_SCHEDULED,1733161500000,1733162700000,840040001:196376
BROKER_HMR_SCHEDULED,1733161500000,1733162700000,840040002:196378
MAINTENANCE_ENTRY_BLOCK,1733182200000,1733183700000,DAILY_SERVER_CLOSE_20241203_0000_0005
MAINTENANCE_FORCE_FLAT,1733183700000,1733184300000,DAILY_SERVER_CLOSE_20241203_0000_0005
MAINTENANCE_RECOVERY,1733184300000,1733185200000,DAILY_SERVER_CLOSE_20241203_0000_0005
KINGEA_ENTRY_BLACKOUT,1733247000000,1733249700000,840030021:191837
BROKER_HMR_SCHEDULED,1733247900000,1733249100000,840030021:191837
MAINTENANCE_ENTRY_BLOCK,1733268600000,1733270100000,DAILY_SERVER_CLOSE_20241204_0000_0005
MAINTENANCE_FORCE_FLAT,1733270100000,1733270700000,DAILY_SERVER_CLOSE_20241204_0000_0005
MAINTENANCE_RECOVERY,1733270700000,1733271600000,DAILY_SERVER_CLOSE_20241204_0000_0005
KINGEA_ENTRY_BLACKOUT,1733327100000,1733329800000,840190001:188896
BROKER_HMR_SCHEDULED,1733328000000,1733329200000,840190001:188896
KINGEA_ENTRY_BLACKOUT,1733332500000,1733335200000,840500002:224778
BROKER_HMR_SCHEDULED,1733333400000,1733334600000,840500002:224778
KINGEA_ENTRY_BLACKOUT,1733333400000,1733336100000,840040003:196381
KINGEA_ENTRY_BLACKOUT,1733333400000,1733336100000,840040008:196394
BROKER_HMR_SCHEDULED,1733334300000,1733335500000,840040003:196381
BROKER_HMR_SCHEDULED,1733334300000,1733335500000,840040008:196394
KINGEA_ENTRY_BLACKOUT,1733335200000,1733337900000,840200001:220781
BROKER_HMR_SCHEDULED,1733336100000,1733337300000,840200001:220781
KINGEA_ENTRY_BLACKOUT,1733346600000,1733349300000,840050022:230526
BROKER_HMR_SCHEDULED,1733347500000,1733348700000,840050022:230526
MAINTENANCE_ENTRY_BLOCK,1733355000000,1733356500000,DAILY_SERVER_CLOSE_20241205_0000_0005
MAINTENANCE_FORCE_FLAT,1733356500000,1733357100000,DAILY_SERVER_CLOSE_20241205_0000_0005
MAINTENANCE_RECOVERY,1733357100000,1733358000000,DAILY_SERVER_CLOSE_20241205_0000_0005
KINGEA_ENTRY_BLACKOUT,1733414400000,1733417100000,840140001:224309
BROKER_HMR_SCHEDULED,1733415300000,1733416500000,840140001:224309
MAINTENANCE_ENTRY_BLOCK,1733441400000,1733442900000,DAILY_SERVER_CLOSE_20241206_0000_0005
MAINTENANCE_FORCE_FLAT,1733442900000,1733443500000,DAILY_SERVER_CLOSE_20241206_0000_0005
MAINTENANCE_RECOVERY,1733443500000,1733444400000,DAILY_SERVER_CLOSE_20241206_0000_0005
KINGEA_ENTRY_BLACKOUT,1733500800000,1733503500000,840030015:191765
KINGEA_ENTRY_BLACKOUT,1733500800000,1733503500000,840030016:191777
KINGEA_ENTRY_BLACKOUT,1733500800000,1733503500000,840030018:191801
BROKER_HMR_SCHEDULED,1733501700000,1733502900000,840030015:191765
BROKER_HMR_SCHEDULED,1733501700000,1733502900000,840030016:191777
BROKER_HMR_SCHEDULED,1733501700000,1733502900000,840030018:191801
MAINTENANCE_ENTRY_BLOCK,1733527800000,1733529300000,DAILY_SERVER_CLOSE_20241207_0000_0005
MAINTENANCE_FORCE_FLAT,1733529300000,1733529900000,DAILY_SERVER_CLOSE_20241207_0000_0005
MAINTENANCE_RECOVERY,1733529900000,1733530800000,DAILY_SERVER_CLOSE_20241207_0000_0005
MAINTENANCE_ENTRY_BLOCK,1733614200000,1733615700000,DAILY_SERVER_CLOSE_20241208_0000_0005
MAINTENANCE_ENTRY_BLOCK,1733614740000,1733616240000,SUNDAY_SERVER_CLOSE_20241208_0009_0019
MAINTENANCE_FORCE_FLAT,1733615700000,1733616300000,DAILY_SERVER_CLOSE_20241208_0000_0005
MAINTENANCE_FORCE_FLAT,1733616240000,1733617140000,SUNDAY_SERVER_CLOSE_20241208_0009_0019
MAINTENANCE_RECOVERY,1733616300000,1733617200000,DAILY_SERVER_CLOSE_20241208_0000_0005
MAINTENANCE_RECOVERY,1733617140000,1733618040000,SUNDAY_SERVER_CLOSE_20241208_0009_0019
MAINTENANCE_ENTRY_BLOCK,1733700600000,1733702100000,DAILY_SERVER_CLOSE_20241209_0000_0005
MAINTENANCE_FORCE_FLAT,1733702100000,1733702700000,DAILY_SERVER_CLOSE_20241209_0000_0005
MAINTENANCE_RECOVERY,1733702700000,1733703600000,DAILY_SERVER_CLOSE_20241209_0000_0005
MAINTENANCE_ENTRY_BLOCK,1733787000000,1733788500000,DAILY_SERVER_CLOSE_20241210_0000_0005
MAINTENANCE_FORCE_FLAT,1733788500000,1733789100000,DAILY_SERVER_CLOSE_20241210_0000_0005
MAINTENANCE_RECOVERY,1733789100000,1733790000000,DAILY_SERVER_CLOSE_20241210_0000_0005
MAINTENANCE_ENTRY_BLOCK,1733873400000,1733874900000,DAILY_SERVER_CLOSE_20241211_0000_0005
MAINTENANCE_FORCE_FLAT,1733874900000,1733875500000,DAILY_SERVER_CLOSE_20241211_0000_0005
MAINTENANCE_RECOVERY,1733875500000,1733876400000,DAILY_SERVER_CLOSE_20241211_0000_0005
KINGEA_ENTRY_BLACKOUT,1733932800000,1733935500000,840030005:191645
KINGEA_ENTRY_BLACKOUT,1733932800000,1733935500000,840030006:191657
KINGEA_ENTRY_BLACKOUT,1733932800000,1733935500000,840030007:191669
KINGEA_ENTRY_BLACKOUT,1733932800000,1733935500000,840030034:191961
KINGEA_ENTRY_BLACKOUT,1733932800000,1733935500000,840030035:191973
BROKER_HMR_SCHEDULED,1733933700000,1733934900000,840030005:191645
BROKER_HMR_SCHEDULED,1733933700000,1733934900000,840030006:191657
BROKER_HMR_SCHEDULED,1733933700000,1733934900000,840030007:191669
BROKER_HMR_SCHEDULED,1733933700000,1733934900000,840030034:191961
BROKER_HMR_SCHEDULED,1733933700000,1733934900000,840030035:191973
KINGEA_ENTRY_BLACKOUT,1733940000000,1733942700000,840200001:221804
BROKER_HMR_SCHEDULED,1733940900000,1733942100000,840200001:221804
KINGEA_ENTRY_BLACKOUT,1733949000000,1733951700000,840220014:213003
BROKER_HMR_SCHEDULED,1733949900000,1733951100000,840220014:213003
MAINTENANCE_ENTRY_BLOCK,1733959800000,1733961300000,DAILY_SERVER_CLOSE_20241212_0000_0005
MAINTENANCE_FORCE_FLAT,1733961300000,1733961900000,DAILY_SERVER_CLOSE_20241212_0000_0005
MAINTENANCE_RECOVERY,1733961900000,1733962800000,DAILY_SERVER_CLOSE_20241212_0000_0005
KINGEA_ENTRY_BLACKOUT,1734019200000,1734021900000,840030001:191597
KINGEA_ENTRY_BLACKOUT,1734019200000,1734021900000,840140001:224310
BROKER_HMR_SCHEDULED,1734020100000,1734021300000,840030001:191597
BROKER_HMR_SCHEDULED,1734020100000,1734021300000,840140001:224310
KINGEA_ENTRY_BLACKOUT,1734035400000,1734038100000,840220015:213006
BROKER_HMR_SCHEDULED,1734036300000,1734037500000,840220015:213006
MAINTENANCE_ENTRY_BLOCK,1734046200000,1734047700000,DAILY_SERVER_CLOSE_20241213_0000_0005
MAINTENANCE_FORCE_FLAT,1734047700000,1734048300000,DAILY_SERVER_CLOSE_20241213_0000_0005
MAINTENANCE_RECOVERY,1734048300000,1734049200000,DAILY_SERVER_CLOSE_20241213_0000_0005
MAINTENANCE_ENTRY_BLOCK,1734132600000,1734134100000,DAILY_SERVER_CLOSE_20241214_0000_0005
MAINTENANCE_FORCE_FLAT,1734134100000,1734134700000,DAILY_SERVER_CLOSE_20241214_0000_0005
MAINTENANCE_RECOVERY,1734134700000,1734135600000,DAILY_SERVER_CLOSE_20241214_0000_0005
MAINTENANCE_ENTRY_BLOCK,1734219000000,1734220500000,DAILY_SERVER_CLOSE_20241215_0000_0005
MAINTENANCE_ENTRY_BLOCK,1734219540000,1734221040000,SUNDAY_SERVER_CLOSE_20241215_0009_0019
MAINTENANCE_FORCE_FLAT,1734220500000,1734221100000,DAILY_SERVER_CLOSE_20241215_0000_0005
MAINTENANCE_FORCE_FLAT,1734221040000,1734221940000,SUNDAY_SERVER_CLOSE_20241215_0009_0019
MAINTENANCE_RECOVERY,1734221100000,1734222000000,DAILY_SERVER_CLOSE_20241215_0000_0005
MAINTENANCE_RECOVERY,1734221940000,1734222840000,SUNDAY_SERVER_CLOSE_20241215_0009_0019
MAINTENANCE_ENTRY_BLOCK,1734305400000,1734306900000,DAILY_SERVER_CLOSE_20241216_0000_0005
MAINTENANCE_FORCE_FLAT,1734306900000,1734307500000,DAILY_SERVER_CLOSE_20241216_0000_0005
MAINTENANCE_RECOVERY,1734307500000,1734308400000,DAILY_SERVER_CLOSE_20241216_0000_0005
MAINTENANCE_ENTRY_BLOCK,1734391800000,1734393300000,DAILY_SERVER_CLOSE_20241217_0000_0005
MAINTENANCE_FORCE_FLAT,1734393300000,1734393900000,DAILY_SERVER_CLOSE_20241217_0000_0005
MAINTENANCE_RECOVERY,1734393900000,1734394800000,DAILY_SERVER_CLOSE_20241217_0000_0005
KINGEA_ENTRY_BLACKOUT,1734451200000,1734453900000,840020010:195011
KINGEA_ENTRY_BLACKOUT,1734451200000,1734453900000,840020011:195023
BROKER_HMR_SCHEDULED,1734452100000,1734453300000,840020010:195011
BROKER_HMR_SCHEDULED,1734452100000,1734453300000,840020011:195023
MAINTENANCE_ENTRY_BLOCK,1734478200000,1734479700000,DAILY_SERVER_CLOSE_20241218_0000_0005
MAINTENANCE_FORCE_FLAT,1734479700000,1734480300000,DAILY_SERVER_CLOSE_20241218_0000_0005
MAINTENANCE_RECOVERY,1734480300000,1734481200000,DAILY_SERVER_CLOSE_20241218_0000_0005
KINGEA_ENTRY_BLACKOUT,1734544800000,1734547500000,840200001:222544
BROKER_HMR_SCHEDULED,1734545700000,1734546900000,840200001:222544
KINGEA_ENTRY_BLACKOUT,1734557400000,1734560100000,840050014:184742
BROKER_HMR_SCHEDULED,1734558300000,1734559500000,840050014:184742
KINGEA_ENTRY_BLACKOUT,1734559200000,1734561900000,840050018:184750
BROKER_HMR_SCHEDULED,1734560100000,1734561300000,840050018:184750
MAINTENANCE_ENTRY_BLOCK,1734564600000,1734566100000,DAILY_SERVER_CLOSE_20241219_0000_0005
MAINTENANCE_FORCE_FLAT,1734566100000,1734566700000,DAILY_SERVER_CLOSE_20241219_0000_0005
MAINTENANCE_RECOVERY,1734566700000,1734567600000,DAILY_SERVER_CLOSE_20241219_0000_0005
KINGEA_ENTRY_BLACKOUT,1734624000000,1734626700000,840010007:197690
KINGEA_ENTRY_BLACKOUT,1734624000000,1734626700000,840010018:197761
KINGEA_ENTRY_BLACKOUT,1734624000000,1734626700000,840070001:192010
KINGEA_ENTRY_BLACKOUT,1734624000000,1734626700000,840140001:224311
BROKER_HMR_SCHEDULED,1734624900000,1734626100000,840010007:197690
BROKER_HMR_SCHEDULED,1734624900000,1734626100000,840010018:197761
BROKER_HMR_SCHEDULED,1734624900000,1734626100000,840070001:192010
BROKER_HMR_SCHEDULED,1734624900000,1734626100000,840140001:224311
KINGEA_ENTRY_BLACKOUT,1734629400000,1734632100000,840120001:189043
BROKER_HMR_SCHEDULED,1734630300000,1734631500000,840120001:189043
MAINTENANCE_ENTRY_BLOCK,1734651000000,1734652500000,DAILY_SERVER_CLOSE_20241220_0000_0005
MAINTENANCE_FORCE_FLAT,1734652500000,1734653100000,DAILY_SERVER_CLOSE_20241220_0000_0005
MAINTENANCE_RECOVERY,1734653100000,1734654000000,DAILY_SERVER_CLOSE_20241220_0000_0005
KINGEA_ENTRY_BLACKOUT,1734710400000,1734713100000,840010001:197630
KINGEA_ENTRY_BLACKOUT,1734710400000,1734713100000,840010002:197640
BROKER_HMR_SCHEDULED,1734711300000,1734712500000,840010001:197630
BROKER_HMR_SCHEDULED,1734711300000,1734712500000,840010002:197640
MAINTENANCE_ENTRY_BLOCK,1734737400000,1734738900000,DAILY_SERVER_CLOSE_20241221_0000_0005
MAINTENANCE_FORCE_FLAT,1734738900000,1734739500000,DAILY_SERVER_CLOSE_20241221_0000_0005
MAINTENANCE_RECOVERY,1734739500000,1734740400000,DAILY_SERVER_CLOSE_20241221_0000_0005
MAINTENANCE_ENTRY_BLOCK,1734823800000,1734825300000,DAILY_SERVER_CLOSE_20241222_0000_0005
MAINTENANCE_ENTRY_BLOCK,1734824340000,1734825840000,SUNDAY_SERVER_CLOSE_20241222_0009_0019
MAINTENANCE_FORCE_FLAT,1734825300000,1734825900000,DAILY_SERVER_CLOSE_20241222_0000_0005
MAINTENANCE_FORCE_FLAT,1734825840000,1734826740000,SUNDAY_SERVER_CLOSE_20241222_0009_0019
MAINTENANCE_RECOVERY,1734825900000,1734826800000,DAILY_SERVER_CLOSE_20241222_0000_0005
MAINTENANCE_RECOVERY,1734826740000,1734827640000,SUNDAY_SERVER_CLOSE_20241222_0009_0019
MAINTENANCE_ENTRY_BLOCK,1734910200000,1734911700000,DAILY_SERVER_CLOSE_20241223_0000_0005
MAINTENANCE_FORCE_FLAT,1734911700000,1734912300000,DAILY_SERVER_CLOSE_20241223_0000_0005
MAINTENANCE_RECOVERY,1734912300000,1734913200000,DAILY_SERVER_CLOSE_20241223_0000_0005
KINGEA_ENTRY_BLACKOUT,1734969600000,1734972300000,840020013:234751
BROKER_HMR_SCHEDULED,1734970500000,1734971700000,840020013:234751
KINGEA_ENTRY_BLACKOUT,1734975000000,1734977700000,840020008:234749
KINGEA_ENTRY_BLACKOUT,1734975000000,1734977700000,840180002:192223
BROKER_HMR_SCHEDULED,1734975900000,1734977100000,840020008:234749
BROKER_HMR_SCHEDULED,1734975900000,1734977100000,840180002:192223
MAINTENANCE_ENTRY_BLOCK,1734996600000,1734998100000,DAILY_SERVER_CLOSE_20241224_0000_0005
MAINTENANCE_FORCE_FLAT,1734998100000,1734998700000,DAILY_SERVER_CLOSE_20241224_0000_0005
MAINTENANCE_RECOVERY,1734998700000,1734999600000,DAILY_SERVER_CLOSE_20241224_0000_0005
MAINTENANCE_ENTRY_BLOCK,1735083000000,1735084500000,DAILY_SERVER_CLOSE_20241225_0000_0005
MAINTENANCE_FORCE_FLAT,1735084500000,1735085100000,DAILY_SERVER_CLOSE_20241225_0000_0005
MAINTENANCE_RECOVERY,1735085100000,1735086000000,DAILY_SERVER_CLOSE_20241225_0000_0005
MAINTENANCE_ENTRY_BLOCK,1735169400000,1735170900000,DAILY_SERVER_CLOSE_20241226_0000_0005
MAINTENANCE_FORCE_FLAT,1735170900000,1735171500000,DAILY_SERVER_CLOSE_20241226_0000_0005
MAINTENANCE_RECOVERY,1735171500000,1735172400000,DAILY_SERVER_CLOSE_20241226_0000_0005
KINGEA_ENTRY_BLACKOUT,1735228800000,1735231500000,840140001:224312
BROKER_HMR_SCHEDULED,1735229700000,1735230900000,840140001:224312
MAINTENANCE_ENTRY_BLOCK,1735255800000,1735257300000,DAILY_SERVER_CLOSE_20241227_0000_0005
MAINTENANCE_FORCE_FLAT,1735257300000,1735257900000,DAILY_SERVER_CLOSE_20241227_0000_0005
MAINTENANCE_RECOVERY,1735257900000,1735258800000,DAILY_SERVER_CLOSE_20241227_0000_0005
KINGEA_ENTRY_BLACKOUT,1735331400000,1735334100000,840200001:234501
BROKER_HMR_SCHEDULED,1735332300000,1735333500000,840200001:234501
MAINTENANCE_ENTRY_BLOCK,1735342200000,1735343700000,DAILY_SERVER_CLOSE_20241228_0000_0005
MAINTENANCE_FORCE_FLAT,1735343700000,1735344300000,DAILY_SERVER_CLOSE_20241228_0000_0005
MAINTENANCE_RECOVERY,1735344300000,1735345200000,DAILY_SERVER_CLOSE_20241228_0000_0005
MAINTENANCE_ENTRY_BLOCK,1735428600000,1735430100000,DAILY_SERVER_CLOSE_20241229_0000_0005
MAINTENANCE_ENTRY_BLOCK,1735429140000,1735430640000,SUNDAY_SERVER_CLOSE_20241229_0009_0019
MAINTENANCE_FORCE_FLAT,1735430100000,1735430700000,DAILY_SERVER_CLOSE_20241229_0000_0005
MAINTENANCE_FORCE_FLAT,1735430640000,1735431540000,SUNDAY_SERVER_CLOSE_20241229_0009_0019
MAINTENANCE_RECOVERY,1735430700000,1735431600000,DAILY_SERVER_CLOSE_20241229_0000_0005
MAINTENANCE_RECOVERY,1735431540000,1735432440000,SUNDAY_SERVER_CLOSE_20241229_0009_0019
MAINTENANCE_ENTRY_BLOCK,1735515000000,1735516500000,DAILY_SERVER_CLOSE_20241230_0000_0005
MAINTENANCE_FORCE_FLAT,1735516500000,1735517100000,DAILY_SERVER_CLOSE_20241230_0000_0005
MAINTENANCE_RECOVERY,1735517100000,1735518000000,DAILY_SERVER_CLOSE_20241230_0000_0005
KINGEA_ENTRY_BLACKOUT,1735578900000,1735581600000,840510001:224295
BROKER_HMR_SCHEDULED,1735579800000,1735581000000,840510001:224295
MAINTENANCE_ENTRY_BLOCK,1735601400000,1735602900000,DAILY_SERVER_CLOSE_20241231_0000_0005
MAINTENANCE_FORCE_FLAT,1735602900000,1735603500000,DAILY_SERVER_CLOSE_20241231_0000_0005
MAINTENANCE_RECOVERY,1735603500000,1735604400000,DAILY_SERVER_CLOSE_20241231_0000_0005
